
> marketspase@0.0.0 start
> ng serve platform --host 0.0.0.0 --port 4200

[33m>[39m Building...
[32m√[39m Building...
[1mInitial chunk files[22m[2m | [22m[1mNames[22m                                [2m | [22m [1mRaw size[22m
[32mstyles.css[39m         [2m | [22m[2mstyles[22m                               [2m | [22m [36m92.80 kB[39m[2m | [22m
[32mmain.js[39m            [2m | [22m[2mmain[22m                                 [2m | [22m  [36m6.06 kB[39m[2m | [22m
[32mchunk-PH6ZXBVE.js[39m  [2m | [22m[2m-[22m                                    [2m | [22m  [36m3.88 kB[39m[2m | [22m
[32mchunk-CZJLB7T5.js[39m  [2m | [22m[2m-[22m                                    [2m | [22m  [36m1.08 kB[39m[2m | [22m

[1m [22m                  [2m | [22m[1mInitial total[22m                        [2m | [22m[1m103.83 kB[22m

[1mLazy chunk files[22m   [2m | [22m[1mNames[22m                                [2m | [22m [1mRaw size[22m
[32mchunk-Z23ZOWIM.js[39m  [2m | [22m[2mdashboard-routes[22m                     [2m | [22m  [36m1.24 MB[39m[2m | [22m
[32mchunk-YOZWYOHJ.js[39m  [2m | [22m[2mindex[22m                                [2m | [22m[36m853.46 kB[39m[2m | [22m
[32mchunk-AAD5HARQ.js[39m  [2m | [22m[2mindex[22m                                [2m | [22m[36m812.52 kB[39m[2m | [22m
[32mchunk-RLR3X63C.js[39m  [2m | [22m[2mstorefront-component[22m                 [2m | [22m[36m556.22 kB[39m[2m | [22m
[32mchunk-3JZXXUO3.js[39m  [2m | [22m[2mproduct-details-component[22m            [2m | [22m[36m456.38 kB[39m[2m | [22m
[32mchunk-DHVF5KBP.js[39m  [2m | [22m[2mprofile-page-component[22m               [2m | [22m[36m319.01 kB[39m[2m | [22m
[32mchunk-NVAVSLHV.js[39m  [2m | [22m[2mpromoter-product-details-component[22m   [2m | [22m[36m318.67 kB[39m[2m | [22m
[32mchunk-24IHBWCB.js[39m  [2m | [22m[2mmarketer-product-detail-component[22m    [2m | [22m[36m302.03 kB[39m[2m | [22m
[32mchunk-MLQYV54O.js[39m  [2m | [22m[2m-[22m                                    [2m | [22m[36m299.41 kB[39m[2m | [22m
[32mchunk-42KA4Q5Y.js[39m  [2m | [22m[2mcreate-campaign-component[22m            [2m | [22m[36m280.22 kB[39m[2m | [22m
[32mchunk-L3LGTUCA.js[39m  [2m | [22m[2mpromotion-component[22m                  [2m | [22m[36m276.87 kB[39m[2m | [22m
[32mchunk-WCTUTMFE.js[39m  [2m | [22m[2maccount-component[22m                    [2m | [22m[36m256.39 kB[39m[2m | [22m
[32mchunk-632HW24B.js[39m  [2m | [22m[2mmarketer-product-list-index-component[22m[2m | [22m[36m253.04 kB[39m[2m | [22m
[32mchunk-ED43AYEL.js[39m  [2m | [22m[2mpromoter-products-list-component[22m     [2m | [22m[36m251.38 kB[39m[2m | [22m
[32mchunk-5W2BTHLR.js[39m  [2m | [22m[2mcampaign-details-component[22m           [2m | [22m[36m229.73 kB[39m[2m | [22m
[2m...and 129 more lazy chunks files. Use "--verbose" to show all the files.[22m

Application bundle generation complete. [65.864 seconds]

Watch mode enabled. Watching for file changes...
NOTE: Raw file sizes do not reflect development server per-request transformations.
[2m8:39:57 AM[22m [36m[1m[vite][22m[39m [90m[2m(client)[22m[39m Re-optimizing dependencies because vite config has changed
[2m8:39:57 AM[22m [36m[1m[vite][22m[39m [34m[2m(ssr)[22m[39m Re-optimizing dependencies because vite config has changed
  [32m➜[39m  [1mLocal[22m:   [36mhttp://localhost:[1m4200[22m/[39m
  [32m➜[39m  [1mNetwork[22m: [36mhttp://172.16.3.160:[1m4200[22m/[39m
[2m[32m  ➜[39m[22m[2m  press [22m[1mh + enter[22m[2m to show help[22m
[33m>[39m Changes detected. Rebuilding...
[32m√[39m Changes detected. Rebuilding...
[1mInitial chunk files[22m[2m | [22m[1mNames[22m           [2m | [22m [1mRaw size[22m
[32mmain.js[39m            [2m | [22m[2mmain[22m            [2m | [22m  [36m6.06 kB[39m[2m | [22m

[1mLazy chunk files[22m   [2m | [22m[1mNames[22m           [2m | [22m [1mRaw size[22m
[32mchunk-L2LBYTPQ.js[39m  [2m | [22m[2mdashboard-routes[22m[2m | [22m  [36m1.24 MB[39m[2m | [22m
[32mchunk-FYE47QAA.js[39m  [2m | [22m[2mindex-component[22m [2m | [22m[36m158.40 kB[39m[2m | [22m

Application bundle generation complete. [57.464 seconds]

Page reload sent to client(s).
[33m>[39m Changes detected. Rebuilding...
[32m√[39m Changes detected. Rebuilding...
[1mInitial chunk files[22m[2m | [22m[1mNames[22m              [2m | [22m [1mRaw size[22m
[32mmain.js[39m            [2m | [22m[2mmain[22m               [2m | [22m  [36m6.06 kB[39m[2m | [22m

[1mLazy chunk files[22m   [2m | [22m[1mNames[22m              [2m | [22m [1mRaw size[22m
[32mchunk-TROWKVYT.js[39m  [2m | [22m[2mdashboard-routes[22m   [2m | [22m  [36m1.24 MB[39m[2m | [22m
[32mchunk-OWI64A4X.js[39m  [2m | [22m[2mindex[22m              [2m | [22m[36m166.68 kB[39m[2m | [22m
[32mchunk-SVWBO2LM.js[39m  [2m | [22m[2mtransactions-routes[22m[2m | [22m[36m929 bytes[39m[2m | [22m

Application bundle generation complete. [4.197 seconds]

Component update sent to client(s).
[33m>[39m Changes detected. Rebuilding...
[32m√[39m Changes detected. Rebuilding...
[1mInitial chunk files[22m[2m | [22m[1mNames[22m              [2m | [22m [1mRaw size[22m
[32mmain.js[39m            [2m | [22m[2mmain[22m               [2m | [22m  [36m6.06 kB[39m[2m | [22m

[1mLazy chunk files[22m   [2m | [22m[1mNames[22m              [2m | [22m [1mRaw size[22m
[32mchunk-5MDEDEF5.js[39m  [2m | [22m[2mdashboard-routes[22m   [2m | [22m  [36m1.24 MB[39m[2m | [22m
[32mchunk-4LHSW2UT.js[39m  [2m | [22m[2mindex[22m              [2m | [22m[36m166.73 kB[39m[2m | [22m
[32mchunk-UGL6Z2WZ.js[39m  [2m | [22m[2mtransactions-routes[22m[2m | [22m[36m929 bytes[39m[2m | [22m

Application bundle generation complete. [3.730 seconds]

Component update sent to client(s).
[33m>[39m Changes detected. Rebuilding...
[32m√[39m Changes detected. Rebuilding...
[1mInitial chunk files[22m[2m | [22m[1mNames[22m              [2m | [22m [1mRaw size[22m
[32mmain.js[39m            [2m | [22m[2mmain[22m               [2m | [22m  [36m6.06 kB[39m[2m | [22m

[1mLazy chunk files[22m   [2m | [22m[1mNames[22m              [2m | [22m [1mRaw size[22m
[32mchunk-CE4STJDZ.js[39m  [2m | [22m[2mdashboard-routes[22m   [2m | [22m  [36m1.24 MB[39m[2m | [22m
[32mchunk-C5GOZBVL.js[39m  [2m | [22m[2mindex[22m              [2m | [22m[36m166.73 kB[39m[2m | [22m
[32mchunk-BA62XHDK.js[39m  [2m | [22m[2mtransactions-routes[22m[2m | [22m[36m929 bytes[39m[2m | [22m

Application bundle generation complete. [6.367 seconds]

Component update sent to client(s).
[33m>[39m Changes detected. Rebuilding...
[32m√[39m Changes detected. Rebuilding...
[1mInitial chunk files[22m[2m | [22m[1mNames[22m              [2m | [22m [1mRaw size[22m
[32mmain.js[39m            [2m | [22m[2mmain[22m               [2m | [22m  [36m6.06 kB[39m[2m | [22m

[1mLazy chunk files[22m   [2m | [22m[1mNames[22m              [2m | [22m [1mRaw size[22m
[32mchunk-PJINDNCE.js[39m  [2m | [22m[2mdashboard-routes[22m   [2m | [22m  [36m1.24 MB[39m[2m | [22m
[32mchunk-7UIQVVXQ.js[39m  [2m | [22m[2mindex[22m              [2m | [22m[36m166.72 kB[39m[2m | [22m
[32mchunk-TJPQICFD.js[39m  [2m | [22m[2mtransactions-routes[22m[2m | [22m[36m929 bytes[39m[2m | [22m

Application bundle generation complete. [7.027 seconds]

Component update sent to client(s).
[33m>[39m Changes detected. Rebuilding...
[32m√[39m Changes detected. Rebuilding...
[1mInitial chunk files[22m[2m | [22m[1mNames[22m              [2m | [22m [1mRaw size[22m
[32mmain.js[39m            [2m | [22m[2mmain[22m               [2m | [22m  [36m6.06 kB[39m[2m | [22m

[1mLazy chunk files[22m   [2m | [22m[1mNames[22m              [2m | [22m [1mRaw size[22m
[32mchunk-27X2DMYA.js[39m  [2m | [22m[2mdashboard-routes[22m   [2m | [22m  [36m1.24 MB[39m[2m | [22m
[32mchunk-FYTEH4QX.js[39m  [2m | [22m[2mindex[22m              [2m | [22m[36m166.70 kB[39m[2m | [22m
[32mchunk-R4NYVAYS.js[39m  [2m | [22m[2mtransactions-routes[22m[2m | [22m[36m929 bytes[39m[2m | [22m

Application bundle generation complete. [3.451 seconds]

Component update sent to client(s).
[33m>[39m Changes detected. Rebuilding...
[32m√[39m Changes detected. Rebuilding...
[1mInitial chunk files[22m[2m | [22m[1mNames[22m              [2m | [22m [1mRaw size[22m
[32mmain.js[39m            [2m | [22m[2mmain[22m               [2m | [22m  [36m6.06 kB[39m[2m | [22m

[1mLazy chunk files[22m   [2m | [22m[1mNames[22m              [2m | [22m [1mRaw size[22m
[32mchunk-SKTHG677.js[39m  [2m | [22m[2mdashboard-routes[22m   [2m | [22m  [36m1.24 MB[39m[2m | [22m
[32mchunk-BOZRD7AP.js[39m  [2m | [22m[2mindex[22m              [2m | [22m[36m166.70 kB[39m[2m | [22m
[32mchunk-RZ5XGRSR.js[39m  [2m | [22m[2mtransactions-routes[22m[2m | [22m[36m929 bytes[39m[2m | [22m

Application bundle generation complete. [3.756 seconds]

Component update sent to client(s).
[33m>[39m Changes detected. Rebuilding...
[32m√[39m Changes detected. Rebuilding...
Application bundle generation failed. [115.065 seconds]

[33m>[39m Changes detected. Rebuilding...
[32m√[39m Changes detected. Rebuilding...
[1mInitial chunk files[22m[2m | [22m[1mNames[22m                                [2m | [22m [1mRaw size[22m
[32mstyles.css[39m         [2m | [22m[2mstyles[22m                               [2m | [22m [36m92.86 kB[39m[2m | [22m
[32mmain.js[39m            [2m | [22m[2mmain[22m                                 [2m | [22m  [36m6.06 kB[39m[2m | [22m
[32mchunk-PH6ZXBVE.js[39m  [2m | [22m[2m-[22m                                    [2m | [22m  [36m3.88 kB[39m[2m | [22m
[32mchunk-CZJLB7T5.js[39m  [2m | [22m[2m-[22m                                    [2m | [22m  [36m1.08 kB[39m[2m | [22m

[1m [22m                  [2m | [22m[1mInitial total[22m                        [2m | [22m[1m103.89 kB[22m

[1mLazy chunk files[22m   [2m | [22m[1mNames[22m                                [2m | [22m [1mRaw size[22m
[32mchunk-MF3S2CN7.js[39m  [2m | [22m[2mdashboard-routes[22m                     [2m | [22m  [36m1.25 MB[39m[2m | [22m
[32mchunk-7TY3DYTP.js[39m  [2m | [22m[2mindex[22m                                [2m | [22m[36m856.02 kB[39m[2m | [22m
[32mchunk-XUSK3UR5.js[39m  [2m | [22m[2mindex[22m                                [2m | [22m[36m818.15 kB[39m[2m | [22m
[32mchunk-SXMPM26I.js[39m  [2m | [22m[2mstorefront-component[22m                 [2m | [22m[36m559.04 kB[39m[2m | [22m
[32mchunk-7X3EV6T7.js[39m  [2m | [22m[2mproduct-details-component[22m            [2m | [22m[36m458.17 kB[39m[2m | [22m
[32mchunk-FC7YPXFU.js[39m  [2m | [22m[2mindex[22m                                [2m | [22m[36m348.29 kB[39m[2m | [22m
[32mchunk-6AZ7PMCM.js[39m  [2m | [22m[2mpromoter-product-details-component[22m   [2m | [22m[36m320.97 kB[39m[2m | [22m
[32mchunk-XWWWYQIM.js[39m  [2m | [22m[2mprofile-page-component[22m               [2m | [22m[36m319.52 kB[39m[2m | [22m
[32mchunk-IN7BR7LU.js[39m  [2m | [22m[2mmarketer-product-detail-component[22m    [2m | [22m[36m302.29 kB[39m[2m | [22m
[32mchunk-I4HEBQ6K.js[39m  [2m | [22m[2m-[22m                                    [2m | [22m[36m301.46 kB[39m[2m | [22m
[32mchunk-7SUM7Y6B.js[39m  [2m | [22m[2mcreate-campaign-component[22m            [2m | [22m[36m283.04 kB[39m[2m | [22m
[32mchunk-FY5HATRB.js[39m  [2m | [22m[2mpromotion-component[22m                  [2m | [22m[36m278.91 kB[39m[2m | [22m
[32mchunk-C6JEVEH3.js[39m  [2m | [22m[2maccount-component[22m                    [2m | [22m[36m257.67 kB[39m[2m | [22m
[32mchunk-OIRKJCQP.js[39m  [2m | [22m[2mmarketer-product-list-index-component[22m[2m | [22m[36m253.55 kB[39m[2m | [22m
[32mchunk-KS6DDGUW.js[39m  [2m | [22m[2mcampaign-details-component[22m           [2m | [22m[36m230.37 kB[39m[2m | [22m
[2m...and 129 more lazy chunks files. Use "--verbose" to show all the files.[22m

Application bundle generation complete. [100.818 seconds]

Page reload sent to client(s).
[33m>[39m Changes detected. Rebuilding...
[32m√[39m Changes detected. Rebuilding...
[1mInitial chunk files[22m[2m | [22m[1mNames[22m           [2m | [22m [1mRaw size[22m
[32mmain.js[39m            [2m | [22m[2mmain[22m            [2m | [22m  [36m6.06 kB[39m[2m | [22m

[1mLazy chunk files[22m   [2m | [22m[1mNames[22m           [2m | [22m [1mRaw size[22m
[32mchunk-CPQK4VGH.js[39m  [2m | [22m[2mdashboard-routes[22m[2m | [22m  [36m1.25 MB[39m[2m | [22m
[32mchunk-5REOM6II.js[39m  [2m | [22m[2mindex[22m           [2m | [22m[36m348.46 kB[39m[2m | [22m
[32mchunk-DB6RSOBL.js[39m  [2m | [22m[2mstore-routes[22m    [2m | [22m  [36m3.18 kB[39m[2m | [22m

Application bundle generation complete. [6.759 seconds]

Page reload sent to client(s).
[33m>[39m Changes detected. Rebuilding...
[32m√[39m Changes detected. Rebuilding...
[1mInitial chunk files[22m[2m | [22m[1mNames[22m              [2m | [22m [1mRaw size[22m
[32mmain.js[39m            [2m | [22m[2mmain[22m               [2m | [22m  [36m6.06 kB[39m[2m | [22m

[1mLazy chunk files[22m   [2m | [22m[1mNames[22m              [2m | [22m [1mRaw size[22m
[32mchunk-NTGU5FDN.js[39m  [2m | [22m[2mdashboard-routes[22m   [2m | [22m  [36m1.25 MB[39m[2m | [22m
[32mchunk-RCDWBZSJ.js[39m  [2m | [22m[2mindex[22m              [2m | [22m[36m167.15 kB[39m[2m | [22m
[32mchunk-MFE3FDOU.js[39m  [2m | [22m[2mtransactions-routes[22m[2m | [22m[36m929 bytes[39m[2m | [22m

Application bundle generation complete. [6.528 seconds]

Component update sent to client(s).
[33m>[39m Changes detected. Rebuilding...
[32m√[39m Changes detected. Rebuilding...
[1mInitial chunk files[22m[2m | [22m[1mNames[22m              [2m | [22m [1mRaw size[22m
[32mmain.js[39m            [2m | [22m[2mmain[22m               [2m | [22m  [36m6.06 kB[39m[2m | [22m

[1mLazy chunk files[22m   [2m | [22m[1mNames[22m              [2m | [22m [1mRaw size[22m
[32mchunk-NRDZHTDN.js[39m  [2m | [22m[2mdashboard-routes[22m   [2m | [22m  [36m1.25 MB[39m[2m | [22m
[32mchunk-23S5XZGR.js[39m  [2m | [22m[2mindex[22m              [2m | [22m[36m167.20 kB[39m[2m | [22m
[32mchunk-TYP5FQVG.js[39m  [2m | [22m[2mtransactions-routes[22m[2m | [22m[36m929 bytes[39m[2m | [22m

Application bundle generation complete. [5.320 seconds]

Component update sent to client(s).
[33m>[39m Changes detected. Rebuilding...
[32m√[39m Changes detected. Rebuilding...
[1mInitial chunk files[22m[2m | [22m[1mNames[22m              [2m | [22m [1mRaw size[22m
[32mmain.js[39m            [2m | [22m[2mmain[22m               [2m | [22m  [36m6.06 kB[39m[2m | [22m

[1mLazy chunk files[22m   [2m | [22m[1mNames[22m              [2m | [22m [1mRaw size[22m
[32mchunk-FIEH72P6.js[39m  [2m | [22m[2mdashboard-routes[22m   [2m | [22m  [36m1.25 MB[39m[2m | [22m
[32mchunk-ABUY6AEN.js[39m  [2m | [22m[2mindex[22m              [2m | [22m[36m167.23 kB[39m[2m | [22m
[32mchunk-E3KIIZNL.js[39m  [2m | [22m[2mtransactions-routes[22m[2m | [22m[36m929 bytes[39m[2m | [22m

Application bundle generation complete. [5.416 seconds]

Component update sent to client(s).
[33m>[39m Changes detected. Rebuilding...
[32m√[39m Changes detected. Rebuilding...
[1mInitial chunk files[22m[2m | [22m[1mNames[22m              [2m | [22m [1mRaw size[22m
[32mmain.js[39m            [2m | [22m[2mmain[22m               [2m | [22m  [36m6.06 kB[39m[2m | [22m

[1mLazy chunk files[22m   [2m | [22m[1mNames[22m              [2m | [22m [1mRaw size[22m
[32mchunk-7KLZXC7C.js[39m  [2m | [22m[2mdashboard-routes[22m   [2m | [22m  [36m1.25 MB[39m[2m | [22m
[32mchunk-UQTTTELH.js[39m  [2m | [22m[2mindex[22m              [2m | [22m[36m167.16 kB[39m[2m | [22m
[32mchunk-6EAWNIFH.js[39m  [2m | [22m[2mtransactions-routes[22m[2m | [22m[36m929 bytes[39m[2m | [22m

Application bundle generation complete. [4.125 seconds]

Component update sent to client(s).
[33m>[39m Changes detected. Rebuilding...
[32m√[39m Changes detected. Rebuilding...
[1mInitial chunk files[22m[2m | [22m[1mNames[22m              [2m | [22m [1mRaw size[22m
[32mmain.js[39m            [2m | [22m[2mmain[22m               [2m | [22m  [36m6.06 kB[39m[2m | [22m

[1mLazy chunk files[22m   [2m | [22m[1mNames[22m              [2m | [22m [1mRaw size[22m
[32mchunk-HSGMDZGY.js[39m  [2m | [22m[2mdashboard-routes[22m   [2m | [22m  [36m1.25 MB[39m[2m | [22m
[32mchunk-6TGV7GRS.js[39m  [2m | [22m[2mindex[22m              [2m | [22m[36m167.37 kB[39m[2m | [22m
[32mchunk-FKNIGAVC.js[39m  [2m | [22m[2mtransactions-routes[22m[2m | [22m[36m929 bytes[39m[2m | [22m

Application bundle generation complete. [5.533 seconds]

Component update sent to client(s).
[33m>[39m Changes detected. Rebuilding...
[32m√[39m Changes detected. Rebuilding...
[1mInitial chunk files[22m[2m | [22m[1mNames[22m              [2m | [22m [1mRaw size[22m
[32mmain.js[39m            [2m | [22m[2mmain[22m               [2m | [22m  [36m6.06 kB[39m[2m | [22m

[1mLazy chunk files[22m   [2m | [22m[1mNames[22m              [2m | [22m [1mRaw size[22m
[32mchunk-7KLZXC7C.js[39m  [2m | [22m[2mdashboard-routes[22m   [2m | [22m  [36m1.25 MB[39m[2m | [22m
[32mchunk-UQTTTELH.js[39m  [2m | [22m[2mindex[22m              [2m | [22m[36m167.16 kB[39m[2m | [22m
[32mchunk-6EAWNIFH.js[39m  [2m | [22m[2mtransactions-routes[22m[2m | [22m[36m929 bytes[39m[2m | [22m

Application bundle generation complete. [4.174 seconds]

Component update sent to client(s).
[33m>[39m Changes detected. Rebuilding...
[32m√[39m Changes detected. Rebuilding...
[1mInitial chunk files[22m[2m | [22m[1mNames[22m              [2m | [22m [1mRaw size[22m
[32mmain.js[39m            [2m | [22m[2mmain[22m               [2m | [22m  [36m6.06 kB[39m[2m | [22m

[1mLazy chunk files[22m   [2m | [22m[1mNames[22m              [2m | [22m [1mRaw size[22m
[32mchunk-RZ2O2SEE.js[39m  [2m | [22m[2mdashboard-routes[22m   [2m | [22m  [36m1.25 MB[39m[2m | [22m
[32mchunk-3XZORRIG.js[39m  [2m | [22m[2mindex[22m              [2m | [22m[36m167.08 kB[39m[2m | [22m
[32mchunk-EMCI2F3A.js[39m  [2m | [22m[2mtransactions-routes[22m[2m | [22m[36m929 bytes[39m[2m | [22m

Application bundle generation complete. [3.975 seconds]

Component update sent to client(s).
[33m>[39m Changes detected. Rebuilding...
[32m√[39m Changes detected. Rebuilding...
[1mInitial chunk files[22m[2m | [22m[1mNames[22m              [2m | [22m [1mRaw size[22m
[32mmain.js[39m            [2m | [22m[2mmain[22m               [2m | [22m  [36m6.06 kB[39m[2m | [22m

[1mLazy chunk files[22m   [2m | [22m[1mNames[22m              [2m | [22m [1mRaw size[22m
[32mchunk-NTGU5FDN.js[39m  [2m | [22m[2mdashboard-routes[22m   [2m | [22m  [36m1.25 MB[39m[2m | [22m
[32mchunk-RCDWBZSJ.js[39m  [2m | [22m[2mindex[22m              [2m | [22m[36m167.15 kB[39m[2m | [22m
[32mchunk-MFE3FDOU.js[39m  [2m | [22m[2mtransactions-routes[22m[2m | [22m[36m929 bytes[39m[2m | [22m

Application bundle generation complete. [4.132 seconds]

Component update sent to client(s).
[33m>[39m Changes detected. Rebuilding...
[32m√[39m Changes detected. Rebuilding...
[1mInitial chunk files[22m[2m | [22m[1mNames[22m              [2m | [22m [1mRaw size[22m
[32mmain.js[39m            [2m | [22m[2mmain[22m               [2m | [22m  [36m6.06 kB[39m[2m | [22m

[1mLazy chunk files[22m   [2m | [22m[1mNames[22m              [2m | [22m [1mRaw size[22m
[32mchunk-7KLZXC7C.js[39m  [2m | [22m[2mdashboard-routes[22m   [2m | [22m  [36m1.25 MB[39m[2m | [22m
[32mchunk-UQTTTELH.js[39m  [2m | [22m[2mindex[22m              [2m | [22m[36m167.16 kB[39m[2m | [22m
[32mchunk-6EAWNIFH.js[39m  [2m | [22m[2mtransactions-routes[22m[2m | [22m[36m929 bytes[39m[2m | [22m

Application bundle generation complete. [6.212 seconds]

Component update sent to client(s).
[33m>[39m Changes detected. Rebuilding...
[32m√[39m Changes detected. Rebuilding...
[1mInitial chunk files[22m[2m | [22m[1mNames[22m              [2m | [22m [1mRaw size[22m
[32mmain.js[39m            [2m | [22m[2mmain[22m               [2m | [22m  [36m6.06 kB[39m[2m | [22m

[1mLazy chunk files[22m   [2m | [22m[1mNames[22m              [2m | [22m [1mRaw size[22m
[32mchunk-UC6PRVVG.js[39m  [2m | [22m[2mdashboard-routes[22m   [2m | [22m  [36m1.25 MB[39m[2m | [22m
[32mchunk-YTTXM4ED.js[39m  [2m | [22m[2mindex[22m              [2m | [22m[36m167.20 kB[39m[2m | [22m
[32mchunk-G4QL3AVO.js[39m  [2m | [22m[2mtransactions-routes[22m[2m | [22m[36m929 bytes[39m[2m | [22m

Application bundle generation complete. [2.616 seconds]

Component update sent to client(s).
[33m>[39m Changes detected. Rebuilding...
[32m√[39m Changes detected. Rebuilding...
[1mInitial chunk files[22m[2m | [22m[1mNames[22m              [2m | [22m [1mRaw size[22m
[32mmain.js[39m            [2m | [22m[2mmain[22m               [2m | [22m  [36m6.06 kB[39m[2m | [22m

[1mLazy chunk files[22m   [2m | [22m[1mNames[22m              [2m | [22m [1mRaw size[22m
[32mchunk-XGMZCHQY.js[39m  [2m | [22m[2mdashboard-routes[22m   [2m | [22m  [36m1.25 MB[39m[2m | [22m
[32mchunk-MYVE7IQ2.js[39m  [2m | [22m[2mindex[22m              [2m | [22m[36m167.13 kB[39m[2m | [22m
[32mchunk-K33JLOS4.js[39m  [2m | [22m[2mtransactions-routes[22m[2m | [22m[36m929 bytes[39m[2m | [22m

Application bundle generation complete. [2.565 seconds]

Component update sent to client(s).
[33m>[39m Changes detected. Rebuilding...
[32m√[39m Changes detected. Rebuilding...
[1mInitial chunk files[22m[2m | [22m[1mNames[22m              [2m | [22m [1mRaw size[22m
[32mmain.js[39m            [2m | [22m[2mmain[22m               [2m | [22m  [36m6.06 kB[39m[2m | [22m

[1mLazy chunk files[22m   [2m | [22m[1mNames[22m              [2m | [22m [1mRaw size[22m
[32mchunk-CDDPRA36.js[39m  [2m | [22m[2mdashboard-routes[22m   [2m | [22m  [36m1.25 MB[39m[2m | [22m
[32mchunk-TRHXCHFM.js[39m  [2m | [22m[2mindex[22m              [2m | [22m[36m167.01 kB[39m[2m | [22m
[32mchunk-ZXGO64H6.js[39m  [2m | [22m[2mtransactions-routes[22m[2m | [22m[36m929 bytes[39m[2m | [22m

Application bundle generation complete. [3.248 seconds]

Component update sent to client(s).
[33m>[39m Changes detected. Rebuilding...
[32m√[39m Changes detected. Rebuilding...
[1mInitial chunk files[22m[2m | [22m[1mNames[22m              [2m | [22m [1mRaw size[22m
[32mmain.js[39m            [2m | [22m[2mmain[22m               [2m | [22m  [36m6.06 kB[39m[2m | [22m

[1mLazy chunk files[22m   [2m | [22m[1mNames[22m              [2m | [22m [1mRaw size[22m
[32mchunk-CVA3DROQ.js[39m  [2m | [22m[2mdashboard-routes[22m   [2m | [22m  [36m1.25 MB[39m[2m | [22m
[32mchunk-WCYIKEMB.js[39m  [2m | [22m[2mindex[22m              [2m | [22m[36m167.18 kB[39m[2m | [22m
[32mchunk-E7EMV5Z3.js[39m  [2m | [22m[2mtransactions-routes[22m[2m | [22m[36m929 bytes[39m[2m | [22m

Application bundle generation complete. [3.190 seconds]

Component update sent to client(s).
[33m>[39m Changes detected. Rebuilding...
[32m√[39m Changes detected. Rebuilding...
[1mInitial chunk files[22m[2m | [22m[1mNames[22m              [2m | [22m [1mRaw size[22m
[32mmain.js[39m            [2m | [22m[2mmain[22m               [2m | [22m  [36m6.06 kB[39m[2m | [22m

[1mLazy chunk files[22m   [2m | [22m[1mNames[22m              [2m | [22m [1mRaw size[22m
[32mchunk-BYV7PNKR.js[39m  [2m | [22m[2mdashboard-routes[22m   [2m | [22m  [36m1.25 MB[39m[2m | [22m
[32mchunk-6C6FOK3N.js[39m  [2m | [22m[2mindex[22m              [2m | [22m[36m167.20 kB[39m[2m | [22m
[32mchunk-DG7WZGA7.js[39m  [2m | [22m[2mtransactions-routes[22m[2m | [22m[36m929 bytes[39m[2m | [22m

Application bundle generation complete. [3.507 seconds]

Component update sent to client(s).
[33m>[39m Changes detected. Rebuilding...
[32m√[39m Changes detected. Rebuilding...
Application bundle generation failed. [19.475 seconds]

[33m>[39m Changes detected. Rebuilding...
[32m√[39m Changes detected. Rebuilding...
Application bundle generation failed. [9.139 seconds]

[33m>[39m Changes detected. Rebuilding...
[32m√[39m Changes detected. Rebuilding...
Application bundle generation failed. [5.635 seconds]

[33m>[39m Changes detected. Rebuilding...
[32m√[39m Changes detected. Rebuilding...
Application bundle generation failed. [4.261 seconds]

[33m>[39m Changes detected. Rebuilding...
[32m√[39m Changes detected. Rebuilding...
[1mInitial chunk files[22m[2m | [22m[1mNames[22m                                [2m | [22m [1mRaw size[22m
[32mstyles.css[39m         [2m | [22m[2mstyles[22m                               [2m | [22m [36m92.86 kB[39m[2m | [22m
[32mmain.js[39m            [2m | [22m[2mmain[22m                                 [2m | [22m  [36m6.06 kB[39m[2m | [22m
[32mchunk-PH6ZXBVE.js[39m  [2m | [22m[2m-[22m                                    [2m | [22m  [36m3.88 kB[39m[2m | [22m
[32mchunk-CZJLB7T5.js[39m  [2m | [22m[2m-[22m                                    [2m | [22m  [36m1.08 kB[39m[2m | [22m

[1m [22m                  [2m | [22m[1mInitial total[22m                        [2m | [22m[1m103.89 kB[22m

[1mLazy chunk files[22m   [2m | [22m[1mNames[22m                                [2m | [22m [1mRaw size[22m
[32mchunk-DDQYWAH2.js[39m  [2m | [22m[2mdashboard-routes[22m                     [2m | [22m  [36m1.25 MB[39m[2m | [22m
[32mchunk-7TY3DYTP.js[39m  [2m | [22m[2mindex[22m                                [2m | [22m[36m856.02 kB[39m[2m | [22m
[32mchunk-XUSK3UR5.js[39m  [2m | [22m[2mindex[22m                                [2m | [22m[36m818.15 kB[39m[2m | [22m
[32mchunk-SXMPM26I.js[39m  [2m | [22m[2mstorefront-component[22m                 [2m | [22m[36m559.04 kB[39m[2m | [22m
[32mchunk-7X3EV6T7.js[39m  [2m | [22m[2mproduct-details-component[22m            [2m | [22m[36m458.17 kB[39m[2m | [22m
[32mchunk-UWEQ4B56.js[39m  [2m | [22m[2mindex[22m                                [2m | [22m[36m350.28 kB[39m[2m | [22m
[32mchunk-6AZ7PMCM.js[39m  [2m | [22m[2mpromoter-product-details-component[22m   [2m | [22m[36m320.97 kB[39m[2m | [22m
[32mchunk-XWWWYQIM.js[39m  [2m | [22m[2mprofile-page-component[22m               [2m | [22m[36m319.52 kB[39m[2m | [22m
[32mchunk-IN7BR7LU.js[39m  [2m | [22m[2mmarketer-product-detail-component[22m    [2m | [22m[36m302.29 kB[39m[2m | [22m
[32mchunk-I4HEBQ6K.js[39m  [2m | [22m[2m-[22m                                    [2m | [22m[36m301.46 kB[39m[2m | [22m
[32mchunk-7SUM7Y6B.js[39m  [2m | [22m[2mcreate-campaign-component[22m            [2m | [22m[36m283.04 kB[39m[2m | [22m
[32mchunk-FY5HATRB.js[39m  [2m | [22m[2mpromotion-component[22m                  [2m | [22m[36m278.91 kB[39m[2m | [22m
[32mchunk-C6JEVEH3.js[39m  [2m | [22m[2maccount-component[22m                    [2m | [22m[36m257.67 kB[39m[2m | [22m
[32mchunk-OIRKJCQP.js[39m  [2m | [22m[2mmarketer-product-list-index-component[22m[2m | [22m[36m253.55 kB[39m[2m | [22m
[32mchunk-KS6DDGUW.js[39m  [2m | [22m[2mcampaign-details-component[22m           [2m | [22m[36m230.37 kB[39m[2m | [22m
[2m...and 129 more lazy chunks files. Use "--verbose" to show all the files.[22m

Application bundle generation complete. [6.607 seconds]

Page reload sent to client(s).
[33m>[39m Changes detected. Rebuilding...
[32m√[39m Changes detected. Rebuilding...
[1mInitial chunk files[22m[2m | [22m[1mNames[22m           [2m | [22m [1mRaw size[22m
[32mmain.js[39m            [2m | [22m[2mmain[22m            [2m | [22m  [36m6.06 kB[39m[2m | [22m

[1mLazy chunk files[22m   [2m | [22m[1mNames[22m           [2m | [22m [1mRaw size[22m
[32mchunk-6XXWOMIO.js[39m  [2m | [22m[2mdashboard-routes[22m[2m | [22m  [36m1.25 MB[39m[2m | [22m
[32mchunk-G57NAPFS.js[39m  [2m | [22m[2mindex[22m           [2m | [22m[36m350.24 kB[39m[2m | [22m
[32mchunk-FW73JJEZ.js[39m  [2m | [22m[2mstore-routes[22m    [2m | [22m  [36m3.19 kB[39m[2m | [22m

Application bundle generation complete. [3.000 seconds]

Component update sent to client(s).
[33m>[39m Changes detected. Rebuilding...
[32m√[39m Changes detected. Rebuilding...
[1mInitial chunk files[22m[2m | [22m[1mNames[22m           [2m | [22m [1mRaw size[22m
[32mmain.js[39m            [2m | [22m[2mmain[22m            [2m | [22m  [36m6.06 kB[39m[2m | [22m

[1mLazy chunk files[22m   [2m | [22m[1mNames[22m           [2m | [22m [1mRaw size[22m
[32mchunk-M2HYN22M.js[39m  [2m | [22m[2mdashboard-routes[22m[2m | [22m  [36m1.25 MB[39m[2m | [22m
[32mchunk-GSS5PZAG.js[39m  [2m | [22m[2mindex[22m           [2m | [22m[36m350.42 kB[39m[2m | [22m
[32mchunk-7NVCNIL7.js[39m  [2m | [22m[2mstore-routes[22m    [2m | [22m  [36m3.19 kB[39m[2m | [22m

Application bundle generation complete. [3.587 seconds]

Component update sent to client(s).
[33m>[39m Changes detected. Rebuilding...
[32m√[39m Changes detected. Rebuilding...
Application bundle generation failed. [9.701 seconds]

[33m>[39m Changes detected. Rebuilding...
[32m√[39m Changes detected. Rebuilding...
Application bundle generation failed. [4.381 seconds]

[33m>[39m Changes detected. Rebuilding...
[32m√[39m Changes detected. Rebuilding...
Application bundle generation failed. [4.609 seconds]

[33m>[39m Changes detected. Rebuilding...
[32m√[39m Changes detected. Rebuilding...
Application bundle generation failed. [2.361 seconds]

[33m>[39m Changes detected. Rebuilding...
[32m√[39m Changes detected. Rebuilding...
Application bundle generation failed. [18.124 seconds]

[33m>[39m Changes detected. Rebuilding...
[32m√[39m Changes detected. Rebuilding...
Application bundle generation failed. [8.614 seconds]

[33m>[39m Changes detected. Rebuilding...
[32m√[39m Changes detected. Rebuilding...
Application bundle generation failed. [6.489 seconds]

[33m>[39m Changes detected. Rebuilding...
[32m√[39m Changes detected. Rebuilding...
[1mInitial chunk files[22m[2m | [22m[1mNames[22m                                [2m | [22m [1mRaw size[22m
[32mstyles.css[39m         [2m | [22m[2mstyles[22m                               [2m | [22m [36m92.86 kB[39m[2m | [22m
[32mmain.js[39m            [2m | [22m[2mmain[22m                                 [2m | [22m  [36m6.06 kB[39m[2m | [22m
[32mchunk-PH6ZXBVE.js[39m  [2m | [22m[2m-[22m                                    [2m | [22m  [36m3.88 kB[39m[2m | [22m
[32mchunk-CZJLB7T5.js[39m  [2m | [22m[2m-[22m                                    [2m | [22m  [36m1.08 kB[39m[2m | [22m

[1m [22m                  [2m | [22m[1mInitial total[22m                        [2m | [22m[1m103.89 kB[22m

[1mLazy chunk files[22m   [2m | [22m[1mNames[22m                                [2m | [22m [1mRaw size[22m
[32mchunk-5HMJTD4I.js[39m  [2m | [22m[2mdashboard-routes[22m                     [2m | [22m  [36m1.25 MB[39m[2m | [22m
[32mchunk-UFRPK4IZ.js[39m  [2m | [22m[2mindex[22m                                [2m | [22m[36m894.64 kB[39m[2m | [22m
[32mchunk-7TY3DYTP.js[39m  [2m | [22m[2mindex[22m                                [2m | [22m[36m856.02 kB[39m[2m | [22m
[32mchunk-SXMPM26I.js[39m  [2m | [22m[2mstorefront-component[22m                 [2m | [22m[36m559.04 kB[39m[2m | [22m
[32mchunk-7X3EV6T7.js[39m  [2m | [22m[2mproduct-details-component[22m            [2m | [22m[36m458.17 kB[39m[2m | [22m
[32mchunk-GSS5PZAG.js[39m  [2m | [22m[2mindex[22m                                [2m | [22m[36m350.42 kB[39m[2m | [22m
[32mchunk-6AZ7PMCM.js[39m  [2m | [22m[2mpromoter-product-details-component[22m   [2m | [22m[36m320.97 kB[39m[2m | [22m
[32mchunk-XWWWYQIM.js[39m  [2m | [22m[2mprofile-page-component[22m               [2m | [22m[36m319.52 kB[39m[2m | [22m
[32mchunk-IN7BR7LU.js[39m  [2m | [22m[2mmarketer-product-detail-component[22m    [2m | [22m[36m302.29 kB[39m[2m | [22m
[32mchunk-I4HEBQ6K.js[39m  [2m | [22m[2m-[22m                                    [2m | [22m[36m301.46 kB[39m[2m | [22m
[32mchunk-7SUM7Y6B.js[39m  [2m | [22m[2mcreate-campaign-component[22m            [2m | [22m[36m283.04 kB[39m[2m | [22m
[32mchunk-FY5HATRB.js[39m  [2m | [22m[2mpromotion-component[22m                  [2m | [22m[36m278.91 kB[39m[2m | [22m
[32mchunk-C6JEVEH3.js[39m  [2m | [22m[2maccount-component[22m                    [2m | [22m[36m257.67 kB[39m[2m | [22m
[32mchunk-OIRKJCQP.js[39m  [2m | [22m[2mmarketer-product-list-index-component[22m[2m | [22m[36m253.55 kB[39m[2m | [22m
[32mchunk-KS6DDGUW.js[39m  [2m | [22m[2mcampaign-details-component[22m           [2m | [22m[36m230.37 kB[39m[2m | [22m
[2m...and 129 more lazy chunks files. Use "--verbose" to show all the files.[22m

Application bundle generation complete. [6.952 seconds]

Page reload sent to client(s).
[33m>[39m Changes detected. Rebuilding...
[32m√[39m Changes detected. Rebuilding...
[1mInitial chunk files[22m[2m | [22m[1mNames[22m           [2m | [22m [1mRaw size[22m
[32mmain.js[39m            [2m | [22m[2mmain[22m            [2m | [22m  [36m6.06 kB[39m[2m | [22m

[1mLazy chunk files[22m   [2m | [22m[1mNames[22m           [2m | [22m [1mRaw size[22m
[32mchunk-JWNY6LHM.js[39m  [2m | [22m[2mdashboard-routes[22m[2m | [22m  [36m1.25 MB[39m[2m | [22m
[32mchunk-FTTDLP2A.js[39m  [2m | [22m[2mindex[22m           [2m | [22m[36m340.56 kB[39m[2m | [22m
[32mchunk-G5C7VBML.js[39m  [2m | [22m[2mcampaign-routes[22m [2m | [22m  [36m2.50 kB[39m[2m | [22m

Application bundle generation complete. [16.938 seconds]

Page reload sent to client(s).
[33m>[39m Changes detected. Rebuilding...
[32m√[39m Changes detected. Rebuilding...
[1mInitial chunk files[22m[2m | [22m[1mNames[22m           [2m | [22m [1mRaw size[22m
[32mmain.js[39m            [2m | [22m[2mmain[22m            [2m | [22m  [36m6.06 kB[39m[2m | [22m

[1mLazy chunk files[22m   [2m | [22m[1mNames[22m           [2m | [22m [1mRaw size[22m
[32mchunk-AAOBK6KG.js[39m  [2m | [22m[2mdashboard-routes[22m[2m | [22m  [36m1.25 MB[39m[2m | [22m
[32mchunk-L2ZRZU3U.js[39m  [2m | [22m[2mindex[22m           [2m | [22m[36m897.04 kB[39m[2m | [22m
[32mchunk-GE53BR42.js[39m  [2m | [22m[2mcampaign-routes[22m [2m | [22m  [36m2.50 kB[39m[2m | [22m

Application bundle generation complete. [12.051 seconds]

Component update sent to client(s).
[33m>[39m Changes detected. Rebuilding...
[32m√[39m Changes detected. Rebuilding...

No output file changes.

Application bundle generation complete. [8.407 seconds]

Component update sent to client(s).
[33m>[39m Changes detected. Rebuilding...
[32m√[39m Changes detected. Rebuilding...
[1mInitial chunk files[22m[2m | [22m[1mNames[22m           [2m | [22m [1mRaw size[22m
[32mmain.js[39m            [2m | [22m[2mmain[22m            [2m | [22m  [36m6.06 kB[39m[2m | [22m

[1mLazy chunk files[22m   [2m | [22m[1mNames[22m           [2m | [22m [1mRaw size[22m
[32mchunk-OMWWBDHL.js[39m  [2m | [22m[2mdashboard-routes[22m[2m | [22m  [36m1.25 MB[39m[2m | [22m
[32mchunk-CO4M4GLL.js[39m  [2m | [22m[2mindex[22m           [2m | [22m[36m897.61 kB[39m[2m | [22m
[32mchunk-KNAUVTYQ.js[39m  [2m | [22m[2mcampaign-routes[22m [2m | [22m  [36m2.50 kB[39m[2m | [22m

Application bundle generation complete. [8.593 seconds]

Component update sent to client(s).
[33m>[39m Changes detected. Rebuilding...
[32m√[39m Changes detected. Rebuilding...

No output file changes.

Application bundle generation complete. [6.168 seconds]

Component update sent to client(s).
[33m>[39m Changes detected. Rebuilding...
[32m√[39m Changes detected. Rebuilding...
[1mInitial chunk files[22m[2m | [22m[1mNames[22m           [2m | [22m [1mRaw size[22m
[32mmain.js[39m            [2m | [22m[2mmain[22m            [2m | [22m  [36m6.06 kB[39m[2m | [22m

[1mLazy chunk files[22m   [2m | [22m[1mNames[22m           [2m | [22m [1mRaw size[22m
[32mchunk-M2GBIMQG.js[39m  [2m | [22m[2mdashboard-routes[22m[2m | [22m  [36m1.25 MB[39m[2m | [22m
[32mchunk-UBF7NX7L.js[39m  [2m | [22m[2mindex[22m           [2m | [22m[36m897.72 kB[39m[2m | [22m
[32mchunk-XCMJG2QW.js[39m  [2m | [22m[2mcampaign-routes[22m [2m | [22m  [36m2.50 kB[39m[2m | [22m

Application bundle generation complete. [5.560 seconds]

Component update sent to client(s).
[33m>[39m Changes detected. Rebuilding...
[32m√[39m Changes detected. Rebuilding...

No output file changes.

Application bundle generation complete. [6.708 seconds]

Component update sent to client(s).
[33m>[39m Changes detected. Rebuilding...
[32m√[39m Changes detected. Rebuilding...
[1mInitial chunk files[22m[2m | [22m[1mNames[22m           [2m | [22m [1mRaw size[22m
[32mmain.js[39m            [2m | [22m[2mmain[22m            [2m | [22m  [36m6.06 kB[39m[2m | [22m

[1mLazy chunk files[22m   [2m | [22m[1mNames[22m           [2m | [22m [1mRaw size[22m
[32mchunk-EJRZP6EC.js[39m  [2m | [22m[2mdashboard-routes[22m[2m | [22m  [36m1.25 MB[39m[2m | [22m
[32mchunk-WWGP3K72.js[39m  [2m | [22m[2mindex[22m           [2m | [22m[36m899.94 kB[39m[2m | [22m
[32mchunk-TP6A6CUJ.js[39m  [2m | [22m[2mcampaign-routes[22m [2m | [22m  [36m2.50 kB[39m[2m | [22m

Application bundle generation complete. [9.117 seconds]

Component update sent to client(s).
[33m>[39m Changes detected. Rebuilding...
[32m√[39m Changes detected. Rebuilding...
[1mInitial chunk files[22m[2m | [22m[1mNames[22m           [2m | [22m [1mRaw size[22m
[32mmain.js[39m            [2m | [22m[2mmain[22m            [2m | [22m  [36m6.06 kB[39m[2m | [22m

[1mLazy chunk files[22m   [2m | [22m[1mNames[22m           [2m | [22m [1mRaw size[22m
[32mchunk-WEFYWXVD.js[39m  [2m | [22m[2mdashboard-routes[22m[2m | [22m  [36m1.25 MB[39m[2m | [22m
[32mchunk-KR46BK2W.js[39m  [2m | [22m[2mindex[22m           [2m | [22m[36m900.40 kB[39m[2m | [22m
[32mchunk-5UG6XOOL.js[39m  [2m | [22m[2mcampaign-routes[22m [2m | [22m  [36m2.50 kB[39m[2m | [22m

Application bundle generation complete. [5.712 seconds]

Component update sent to client(s).
[33m>[39m Changes detected. Rebuilding...
[32m√[39m Changes detected. Rebuilding...

No output file changes.

Application bundle generation complete. [7.213 seconds]

Component update sent to client(s).
[33m>[39m Changes detected. Rebuilding...
[32m√[39m Changes detected. Rebuilding...
[1mInitial chunk files[22m[2m | [22m[1mNames[22m           [2m | [22m [1mRaw size[22m
[32mmain.js[39m            [2m | [22m[2mmain[22m            [2m | [22m  [36m6.06 kB[39m[2m | [22m

[1mLazy chunk files[22m   [2m | [22m[1mNames[22m           [2m | [22m [1mRaw size[22m
[32mchunk-4OZVCTKS.js[39m  [2m | [22m[2mdashboard-routes[22m[2m | [22m  [36m1.25 MB[39m[2m | [22m
[32mchunk-UQP4HLPH.js[39m  [2m | [22m[2mindex[22m           [2m | [22m[36m343.14 kB[39m[2m | [22m
[32mchunk-5FQ3RSFU.js[39m  [2m | [22m[2mcampaign-routes[22m [2m | [22m  [36m2.50 kB[39m[2m | [22m

Application bundle generation complete. [6.888 seconds]

Component update sent to client(s).
[33m>[39m Changes detected. Rebuilding...
[32m√[39m Changes detected. Rebuilding...
[1mInitial chunk files[22m[2m | [22m[1mNames[22m           [2m | [22m [1mRaw size[22m
[32mmain.js[39m            [2m | [22m[2mmain[22m            [2m | [22m  [36m6.06 kB[39m[2m | [22m

[1mLazy chunk files[22m   [2m | [22m[1mNames[22m           [2m | [22m [1mRaw size[22m
[32mchunk-Z6BNY5NW.js[39m  [2m | [22m[2mdashboard-routes[22m[2m | [22m  [36m1.25 MB[39m[2m | [22m
[32mchunk-JLUYN7HG.js[39m  [2m | [22m[2mindex[22m           [2m | [22m[36m343.27 kB[39m[2m | [22m
[32mchunk-2LWYLTR7.js[39m  [2m | [22m[2mcampaign-routes[22m [2m | [22m  [36m2.50 kB[39m[2m | [22m

Application bundle generation complete. [5.660 seconds]

Component update sent to client(s).
[33m>[39m Changes detected. Rebuilding...
[32m√[39m Changes detected. Rebuilding...
[1mInitial chunk files[22m[2m | [22m[1mNames[22m           [2m | [22m [1mRaw size[22m
[32mmain.js[39m            [2m | [22m[2mmain[22m            [2m | [22m  [36m6.06 kB[39m[2m | [22m

[1mLazy chunk files[22m   [2m | [22m[1mNames[22m           [2m | [22m [1mRaw size[22m
[32mchunk-OEHQ26JW.js[39m  [2m | [22m[2mdashboard-routes[22m[2m | [22m  [36m1.25 MB[39m[2m | [22m
[32mchunk-XQCIWNQ2.js[39m  [2m | [22m[2mindex[22m           [2m | [22m[36m343.34 kB[39m[2m | [22m
[32mchunk-6MDLQKFE.js[39m  [2m | [22m[2mcampaign-routes[22m [2m | [22m  [36m2.50 kB[39m[2m | [22m

Application bundle generation complete. [5.672 seconds]

Component update sent to client(s).
[33m>[39m Changes detected. Rebuilding...
[32m√[39m Changes detected. Rebuilding...
Application bundle generation failed. [7.526 seconds]

[33m>[39m Changes detected. Rebuilding...
[32m√[39m Changes detected. Rebuilding...
Application bundle generation failed. [7.121 seconds]

[33m>[39m Changes detected. Rebuilding...
[32m√[39m Changes detected. Rebuilding...
Application bundle generation failed. [4.307 seconds]

[33m>[39m Changes detected. Rebuilding...
[32m√[39m Changes detected. Rebuilding...
[1mInitial chunk files[22m[2m | [22m[1mNames[22m                                [2m | [22m [1mRaw size[22m
[32mstyles.css[39m         [2m | [22m[2mstyles[22m                               [2m | [22m [36m92.86 kB[39m[2m | [22m
[32mmain.js[39m            [2m | [22m[2mmain[22m                                 [2m | [22m  [36m6.06 kB[39m[2m | [22m
[32mchunk-PH6ZXBVE.js[39m  [2m | [22m[2m-[22m                                    [2m | [22m  [36m3.88 kB[39m[2m | [22m
[32mchunk-CZJLB7T5.js[39m  [2m | [22m[2m-[22m                                    [2m | [22m  [36m1.08 kB[39m[2m | [22m

[1m [22m                  [2m | [22m[1mInitial total[22m                        [2m | [22m[1m103.89 kB[22m

[1mLazy chunk files[22m   [2m | [22m[1mNames[22m                                [2m | [22m [1mRaw size[22m
[32mchunk-NHRHOOVG.js[39m  [2m | [22m[2mdashboard-routes[22m                     [2m | [22m  [36m1.25 MB[39m[2m | [22m
[32mchunk-KR46BK2W.js[39m  [2m | [22m[2mindex[22m                                [2m | [22m[36m900.40 kB[39m[2m | [22m
[32mchunk-7TY3DYTP.js[39m  [2m | [22m[2mindex[22m                                [2m | [22m[36m856.02 kB[39m[2m | [22m
[32mchunk-SXMPM26I.js[39m  [2m | [22m[2mstorefront-component[22m                 [2m | [22m[36m559.04 kB[39m[2m | [22m
[32mchunk-7X3EV6T7.js[39m  [2m | [22m[2mproduct-details-component[22m            [2m | [22m[36m458.17 kB[39m[2m | [22m
[32mchunk-GSS5PZAG.js[39m  [2m | [22m[2mindex[22m                                [2m | [22m[36m350.42 kB[39m[2m | [22m
[32mchunk-XQCIWNQ2.js[39m  [2m | [22m[2mindex[22m                                [2m | [22m[36m343.34 kB[39m[2m | [22m
[32mchunk-6AZ7PMCM.js[39m  [2m | [22m[2mpromoter-product-details-component[22m   [2m | [22m[36m320.97 kB[39m[2m | [22m
[32mchunk-XWWWYQIM.js[39m  [2m | [22m[2mprofile-page-component[22m               [2m | [22m[36m319.52 kB[39m[2m | [22m
[32mchunk-IN7BR7LU.js[39m  [2m | [22m[2mmarketer-product-detail-component[22m    [2m | [22m[36m302.29 kB[39m[2m | [22m
[32mchunk-I4HEBQ6K.js[39m  [2m | [22m[2m-[22m                                    [2m | [22m[36m301.46 kB[39m[2m | [22m
[32mchunk-7SUM7Y6B.js[39m  [2m | [22m[2mcreate-campaign-component[22m            [2m | [22m[36m283.04 kB[39m[2m | [22m
[32mchunk-C6JEVEH3.js[39m  [2m | [22m[2maccount-component[22m                    [2m | [22m[36m257.67 kB[39m[2m | [22m
[32mchunk-OIRKJCQP.js[39m  [2m | [22m[2mmarketer-product-list-index-component[22m[2m | [22m[36m253.55 kB[39m[2m | [22m
[32mchunk-KS6DDGUW.js[39m  [2m | [22m[2mcampaign-details-component[22m           [2m | [22m[36m230.37 kB[39m[2m | [22m
[2m...and 129 more lazy chunks files. Use "--verbose" to show all the files.[22m

Application bundle generation complete. [5.151 seconds]

Page reload sent to client(s).
[33m>[39m Changes detected. Rebuilding...
[32m√[39m Changes detected. Rebuilding...
[1mInitial chunk files[22m[2m | [22m[1mNames[22m           [2m | [22m [1mRaw size[22m
[32mmain.js[39m            [2m | [22m[2mmain[22m            [2m | [22m  [36m6.06 kB[39m[2m | [22m

[1mLazy chunk files[22m   [2m | [22m[1mNames[22m           [2m | [22m [1mRaw size[22m
[32mchunk-X27HM6YY.js[39m  [2m | [22m[2mdashboard-routes[22m[2m | [22m  [36m1.25 MB[39m[2m | [22m
[32mchunk-3TMBTRW3.js[39m  [2m | [22m[2mindex[22m           [2m | [22m[36m343.65 kB[39m[2m | [22m
[32mchunk-ZZ7I5DHO.js[39m  [2m | [22m[2mcampaign-routes[22m [2m | [22m  [36m2.51 kB[39m[2m | [22m

Application bundle generation complete. [4.079 seconds]

Component update sent to client(s).
[33m>[39m Changes detected. Rebuilding...
[32m√[39m Changes detected. Rebuilding...
Application bundle generation failed. [4.053 seconds]

[33m>[39m Changes detected. Rebuilding...
[32m√[39m Changes detected. Rebuilding...
Application bundle generation failed. [4.793 seconds]

[33m>[39m Changes detected. Rebuilding...
[32m√[39m Changes detected. Rebuilding...
Application bundle generation failed. [4.891 seconds]

[33m>[39m Changes detected. Rebuilding...
[32m√[39m Changes detected. Rebuilding...
Application bundle generation failed. [8.811 seconds]

[33m>[39m Changes detected. Rebuilding...
[32m√[39m Changes detected. Rebuilding...
Application bundle generation failed. [4.286 seconds]

[33m>[39m Changes detected. Rebuilding...
[32m√[39m Changes detected. Rebuilding...
Application bundle generation failed. [6.931 seconds]

[33m>[39m Changes detected. Rebuilding...
[32m√[39m Changes detected. Rebuilding...
Application bundle generation failed. [7.117 seconds]

[33m>[39m Changes detected. Rebuilding...
[32m√[39m Changes detected. Rebuilding...
Application bundle generation failed. [5.938 seconds]

[33m>[39m Changes detected. Rebuilding...
[32m√[39m Changes detected. Rebuilding...
Application bundle generation failed. [5.724 seconds]

[33m>[39m Changes detected. Rebuilding...
[32m√[39m Changes detected. Rebuilding...
Application bundle generation failed. [3.444 seconds]

[33m>[39m Changes detected. Rebuilding...
[32m√[39m Changes detected. Rebuilding...
Application bundle generation failed. [5.709 seconds]

[33m>[39m Changes detected. Rebuilding...
[32m√[39m Changes detected. Rebuilding...
Application bundle generation failed. [8.296 seconds]

[33m>[39m Changes detected. Rebuilding...
[32m√[39m Changes detected. Rebuilding...
[1mInitial chunk files[22m[2m | [22m[1mNames[22m                                [2m | [22m [1mRaw size[22m
[32mstyles.css[39m         [2m | [22m[2mstyles[22m                               [2m | [22m [36m92.86 kB[39m[2m | [22m
[32mmain.js[39m            [2m | [22m[2mmain[22m                                 [2m | [22m  [36m6.06 kB[39m[2m | [22m
[32mchunk-PH6ZXBVE.js[39m  [2m | [22m[2m-[22m                                    [2m | [22m  [36m3.88 kB[39m[2m | [22m
[32mchunk-CZJLB7T5.js[39m  [2m | [22m[2m-[22m                                    [2m | [22m  [36m1.08 kB[39m[2m | [22m

[1m [22m                  [2m | [22m[1mInitial total[22m                        [2m | [22m[1m103.89 kB[22m

[1mLazy chunk files[22m   [2m | [22m[1mNames[22m                                [2m | [22m [1mRaw size[22m
[32mchunk-PNVHYDTV.js[39m  [2m | [22m[2mdashboard-routes[22m                     [2m | [22m  [36m1.25 MB[39m[2m | [22m
[32mchunk-KR46BK2W.js[39m  [2m | [22m[2mindex[22m                                [2m | [22m[36m900.40 kB[39m[2m | [22m
[32mchunk-7TY3DYTP.js[39m  [2m | [22m[2mindex[22m                                [2m | [22m[36m856.02 kB[39m[2m | [22m
[32mchunk-SXMPM26I.js[39m  [2m | [22m[2mstorefront-component[22m                 [2m | [22m[36m559.04 kB[39m[2m | [22m
[32mchunk-7X3EV6T7.js[39m  [2m | [22m[2mproduct-details-component[22m            [2m | [22m[36m458.17 kB[39m[2m | [22m
[32mchunk-GSS5PZAG.js[39m  [2m | [22m[2mindex[22m                                [2m | [22m[36m350.42 kB[39m[2m | [22m
[32mchunk-3TMBTRW3.js[39m  [2m | [22m[2mindex[22m                                [2m | [22m[36m343.65 kB[39m[2m | [22m
[32mchunk-6AZ7PMCM.js[39m  [2m | [22m[2mpromoter-product-details-component[22m   [2m | [22m[36m320.97 kB[39m[2m | [22m
[32mchunk-XWWWYQIM.js[39m  [2m | [22m[2mprofile-page-component[22m               [2m | [22m[36m319.52 kB[39m[2m | [22m
[32mchunk-IN7BR7LU.js[39m  [2m | [22m[2mmarketer-product-detail-component[22m    [2m | [22m[36m302.29 kB[39m[2m | [22m
[32mchunk-I4HEBQ6K.js[39m  [2m | [22m[2m-[22m                                    [2m | [22m[36m301.46 kB[39m[2m | [22m
[32mchunk-7SUM7Y6B.js[39m  [2m | [22m[2mcreate-campaign-component[22m            [2m | [22m[36m283.04 kB[39m[2m | [22m
[32mchunk-JOHMKDUD.js[39m  [2m | [22m[2mindex[22m                                [2m | [22m[36m268.33 kB[39m[2m | [22m
[32mchunk-C6JEVEH3.js[39m  [2m | [22m[2maccount-component[22m                    [2m | [22m[36m257.67 kB[39m[2m | [22m
[32mchunk-OIRKJCQP.js[39m  [2m | [22m[2mmarketer-product-list-index-component[22m[2m | [22m[36m253.55 kB[39m[2m | [22m
[2m...and 129 more lazy chunks files. Use "--verbose" to show all the files.[22m

Application bundle generation complete. [6.353 seconds]

Page reload sent to client(s).
[33m>[39m Changes detected. Rebuilding...
[32m√[39m Changes detected. Rebuilding...
[1mInitial chunk files[22m[2m | [22m[1mNames[22m           [2m | [22m [1mRaw size[22m
[32mmain.js[39m            [2m | [22m[2mmain[22m            [2m | [22m  [36m6.06 kB[39m[2m | [22m

[1mLazy chunk files[22m   [2m | [22m[1mNames[22m           [2m | [22m [1mRaw size[22m
[32mchunk-KTCB54YG.js[39m  [2m | [22m[2mdashboard-routes[22m[2m | [22m  [36m1.25 MB[39m[2m | [22m
[32mchunk-TVLI3AJP.js[39m  [2m | [22m[2mindex[22m           [2m | [22m[36m160.47 kB[39m[2m | [22m
[32mchunk-6ZFDUJBD.js[39m  [2m | [22m[2mstore-routes[22m    [2m | [22m  [36m3.20 kB[39m[2m | [22m

Application bundle generation complete. [5.381 seconds]

Component update sent to client(s).
[33m>[39m Changes detected. Rebuilding...
[32m√[39m Changes detected. Rebuilding...
Application bundle generation failed. [3.150 seconds]

[33m>[39m Changes detected. Rebuilding...
[32m√[39m Changes detected. Rebuilding...
[1mInitial chunk files[22m[2m | [22m[1mNames[22m                                [2m | [22m [1mRaw size[22m
[32mstyles.css[39m         [2m | [22m[2mstyles[22m                               [2m | [22m [36m92.86 kB[39m[2m | [22m
[32mmain.js[39m            [2m | [22m[2mmain[22m                                 [2m | [22m  [36m6.06 kB[39m[2m | [22m
[32mchunk-PH6ZXBVE.js[39m  [2m | [22m[2m-[22m                                    [2m | [22m  [36m3.88 kB[39m[2m | [22m
[32mchunk-CZJLB7T5.js[39m  [2m | [22m[2m-[22m                                    [2m | [22m  [36m1.08 kB[39m[2m | [22m

[1m [22m                  [2m | [22m[1mInitial total[22m                        [2m | [22m[1m103.89 kB[22m

[1mLazy chunk files[22m   [2m | [22m[1mNames[22m                                [2m | [22m [1mRaw size[22m
[32mchunk-RXMPFMJP.js[39m  [2m | [22m[2mdashboard-routes[22m                     [2m | [22m  [36m1.25 MB[39m[2m | [22m
[32mchunk-KR46BK2W.js[39m  [2m | [22m[2mindex[22m                                [2m | [22m[36m900.40 kB[39m[2m | [22m
[32mchunk-7TY3DYTP.js[39m  [2m | [22m[2mindex[22m                                [2m | [22m[36m856.02 kB[39m[2m | [22m
[32mchunk-SXMPM26I.js[39m  [2m | [22m[2mstorefront-component[22m                 [2m | [22m[36m559.04 kB[39m[2m | [22m
[32mchunk-7X3EV6T7.js[39m  [2m | [22m[2mproduct-details-component[22m            [2m | [22m[36m458.17 kB[39m[2m | [22m
[32mchunk-GSS5PZAG.js[39m  [2m | [22m[2mindex[22m                                [2m | [22m[36m350.42 kB[39m[2m | [22m
[32mchunk-3TMBTRW3.js[39m  [2m | [22m[2mindex[22m                                [2m | [22m[36m343.65 kB[39m[2m | [22m
[32mchunk-6AZ7PMCM.js[39m  [2m | [22m[2mpromoter-product-details-component[22m   [2m | [22m[36m320.97 kB[39m[2m | [22m
[32mchunk-XWWWYQIM.js[39m  [2m | [22m[2mprofile-page-component[22m               [2m | [22m[36m319.52 kB[39m[2m | [22m
[32mchunk-IN7BR7LU.js[39m  [2m | [22m[2mmarketer-product-detail-component[22m    [2m | [22m[36m302.29 kB[39m[2m | [22m
[32mchunk-I4HEBQ6K.js[39m  [2m | [22m[2m-[22m                                    [2m | [22m[36m301.46 kB[39m[2m | [22m
[32mchunk-7SUM7Y6B.js[39m  [2m | [22m[2mcreate-campaign-component[22m            [2m | [22m[36m283.04 kB[39m[2m | [22m
[32mchunk-JOHMKDUD.js[39m  [2m | [22m[2mindex[22m                                [2m | [22m[36m268.33 kB[39m[2m | [22m
[32mchunk-C6JEVEH3.js[39m  [2m | [22m[2maccount-component[22m                    [2m | [22m[36m257.67 kB[39m[2m | [22m
[32mchunk-OIRKJCQP.js[39m  [2m | [22m[2mmarketer-product-list-index-component[22m[2m | [22m[36m253.55 kB[39m[2m | [22m
[2m...and 129 more lazy chunks files. Use "--verbose" to show all the files.[22m

Application bundle generation complete. [4.978 seconds]

Page reload sent to client(s).
[33m>[39m Changes detected. Rebuilding...
[32m√[39m Changes detected. Rebuilding...
[1mInitial chunk files[22m[2m | [22m[1mNames[22m           [2m | [22m [1mRaw size[22m
[32mmain.js[39m            [2m | [22m[2mmain[22m            [2m | [22m  [36m6.06 kB[39m[2m | [22m

[1mLazy chunk files[22m   [2m | [22m[1mNames[22m           [2m | [22m [1mRaw size[22m
[32mchunk-7RPIIMRP.js[39m  [2m | [22m[2mdashboard-routes[22m[2m | [22m  [36m1.25 MB[39m[2m | [22m
[32mchunk-NLXSYSEA.js[39m  [2m | [22m[2mindex[22m           [2m | [22m[36m164.51 kB[39m[2m | [22m
[32mchunk-5BP3KVBH.js[39m  [2m | [22m[2mstore-routes[22m    [2m | [22m  [36m3.20 kB[39m[2m | [22m

Application bundle generation complete. [4.684 seconds]

Component update sent to client(s).
[33m>[39m Changes detected. Rebuilding...
[32m√[39m Changes detected. Rebuilding...
[1mInitial chunk files[22m[2m | [22m[1mNames[22m           [2m | [22m [1mRaw size[22m
[32mmain.js[39m            [2m | [22m[2mmain[22m            [2m | [22m  [36m6.06 kB[39m[2m | [22m

[1mLazy chunk files[22m   [2m | [22m[1mNames[22m           [2m | [22m [1mRaw size[22m
[32mchunk-7T4W3I3S.js[39m  [2m | [22m[2mdashboard-routes[22m[2m | [22m  [36m1.25 MB[39m[2m | [22m
[32mchunk-SIQZS6VB.js[39m  [2m | [22m[2mindex-component[22m [2m | [22m[36m160.32 kB[39m[2m | [22m

Application bundle generation complete. [6.262 seconds]

Page reload sent to client(s).
[33m>[39m Changes detected. Rebuilding...
[32m√[39m Changes detected. Rebuilding...
[1mInitial chunk files[22m[2m | [22m[1mNames[22m           [2m | [22m [1mRaw size[22m
[32mmain.js[39m            [2m | [22m[2mmain[22m            [2m | [22m  [36m6.06 kB[39m[2m | [22m

[1mLazy chunk files[22m   [2m | [22m[1mNames[22m           [2m | [22m [1mRaw size[22m
[32mchunk-A5O3IVG6.js[39m  [2m | [22m[2mdashboard-routes[22m[2m | [22m  [36m1.25 MB[39m[2m | [22m
[32mchunk-QTXLQOGF.js[39m  [2m | [22m[2mindex-component[22m [2m | [22m[36m174.46 kB[39m[2m | [22m

Application bundle generation complete. [6.386 seconds]

Component update sent to client(s).
[33m>[39m Changes detected. Rebuilding...
[32m√[39m Changes detected. Rebuilding...
[1mInitial chunk files[22m[2m | [22m[1mNames[22m           [2m | [22m [1mRaw size[22m
[32mmain.js[39m            [2m | [22m[2mmain[22m            [2m | [22m  [36m6.06 kB[39m[2m | [22m

[1mLazy chunk files[22m   [2m | [22m[1mNames[22m           [2m | [22m [1mRaw size[22m
[32mchunk-ZH6XCWSJ.js[39m  [2m | [22m[2mdashboard-routes[22m[2m | [22m  [36m1.25 MB[39m[2m | [22m
[32mchunk-LHVL3YNU.js[39m  [2m | [22m[2mindex-component[22m [2m | [22m[36m181.33 kB[39m[2m | [22m

Application bundle generation complete. [6.815 seconds]

Component update sent to client(s).
[33m>[39m Changes detected. Rebuilding...
[32m√[39m Changes detected. Rebuilding...
[1mInitial chunk files[22m[2m | [22m[1mNames[22m[2m | [22m [1mRaw size[22m
[32mmain.js[39m            [2m | [22m[2mmain[22m [2m | [22m  [36m6.07 kB[39m[2m | [22m

[1mLazy chunk files[22m   [2m | [22m[1mNames[22m[2m | [22m [1mRaw size[22m
[32mchunk-M45JJDK2.js[39m  [2m | [22m[2mindex[22m[2m | [22m[36m570.73 kB[39m[2m | [22m

Application bundle generation complete. [10.699 seconds]

Page reload sent to client(s).
[33m>[39m Changes detected. Rebuilding...
[32m√[39m Changes detected. Rebuilding...
Application bundle generation failed. [13.058 seconds]

[33m>[39m Changes detected. Rebuilding...
[32m√[39m Changes detected. Rebuilding...
[1mInitial chunk files[22m[2m | [22m[1mNames[22m                                [2m | [22m [1mRaw size[22m
[32mstyles.css[39m         [2m | [22m[2mstyles[22m                               [2m | [22m [36m92.86 kB[39m[2m | [22m
[32mmain.js[39m            [2m | [22m[2mmain[22m                                 [2m | [22m  [36m6.08 kB[39m[2m | [22m
[32mchunk-PH6ZXBVE.js[39m  [2m | [22m[2m-[22m                                    [2m | [22m  [36m3.88 kB[39m[2m | [22m
[32mchunk-CZJLB7T5.js[39m  [2m | [22m[2m-[22m                                    [2m | [22m  [36m1.08 kB[39m[2m | [22m

[1m [22m                  [2m | [22m[1mInitial total[22m                        [2m | [22m[1m103.90 kB[22m

[1mLazy chunk files[22m   [2m | [22m[1mNames[22m                                [2m | [22m [1mRaw size[22m
[32mchunk-ZH6XCWSJ.js[39m  [2m | [22m[2mdashboard-routes[22m                     [2m | [22m  [36m1.25 MB[39m[2m | [22m
[32mchunk-KR46BK2W.js[39m  [2m | [22m[2mindex[22m                                [2m | [22m[36m900.40 kB[39m[2m | [22m
[32mchunk-7TY3DYTP.js[39m  [2m | [22m[2mindex[22m                                [2m | [22m[36m856.02 kB[39m[2m | [22m
[32mchunk-7LN62DWT.js[39m  [2m | [22m[2mindex[22m                                [2m | [22m[36m677.91 kB[39m[2m | [22m
[32mchunk-M45JJDK2.js[39m  [2m | [22m[2mindex[22m                                [2m | [22m[36m570.73 kB[39m[2m | [22m
[32mchunk-GSS5PZAG.js[39m  [2m | [22m[2mindex[22m                                [2m | [22m[36m350.42 kB[39m[2m | [22m
[32mchunk-3TMBTRW3.js[39m  [2m | [22m[2mindex[22m                                [2m | [22m[36m343.65 kB[39m[2m | [22m
[32mchunk-6AZ7PMCM.js[39m  [2m | [22m[2mpromoter-product-details-component[22m   [2m | [22m[36m320.97 kB[39m[2m | [22m
[32mchunk-XWWWYQIM.js[39m  [2m | [22m[2mprofile-page-component[22m               [2m | [22m[36m319.52 kB[39m[2m | [22m
[32mchunk-IN7BR7LU.js[39m  [2m | [22m[2mmarketer-product-detail-component[22m    [2m | [22m[36m302.29 kB[39m[2m | [22m
[32mchunk-I4HEBQ6K.js[39m  [2m | [22m[2m-[22m                                    [2m | [22m[36m301.46 kB[39m[2m | [22m
[32mchunk-7SUM7Y6B.js[39m  [2m | [22m[2mcreate-campaign-component[22m            [2m | [22m[36m283.04 kB[39m[2m | [22m
[32mchunk-JOHMKDUD.js[39m  [2m | [22m[2mindex[22m                                [2m | [22m[36m268.33 kB[39m[2m | [22m
[32mchunk-C6JEVEH3.js[39m  [2m | [22m[2maccount-component[22m                    [2m | [22m[36m257.67 kB[39m[2m | [22m
[32mchunk-OIRKJCQP.js[39m  [2m | [22m[2mmarketer-product-list-index-component[22m[2m | [22m[36m253.55 kB[39m[2m | [22m
[2m...and 129 more lazy chunks files. Use "--verbose" to show all the files.[22m

Application bundle generation complete. [5.830 seconds]

Page reload sent to client(s).
[33m>[39m Changes detected. Rebuilding...
[32m√[39m Changes detected. Rebuilding...
[1mInitial chunk files[22m[2m | [22m[1mNames[22m[2m | [22m [1mRaw size[22m
[32mmain.js[39m            [2m | [22m[2mmain[22m [2m | [22m  [36m6.08 kB[39m[2m | [22m

[1mLazy chunk files[22m   [2m | [22m[1mNames[22m[2m | [22m [1mRaw size[22m
[32mchunk-UFSW4WDW.js[39m  [2m | [22m[2mindex[22m[2m | [22m[36m677.92 kB[39m[2m | [22m

Application bundle generation complete. [6.754 seconds]

Component update sent to client(s).
[33m>[39m Changes detected. Rebuilding...
[32m√[39m Changes detected. Rebuilding...
[1mInitial chunk files[22m[2m | [22m[1mNames[22m[2m | [22m [1mRaw size[22m
[32mmain.js[39m            [2m | [22m[2mmain[22m [2m | [22m  [36m6.08 kB[39m[2m | [22m

[1mLazy chunk files[22m   [2m | [22m[1mNames[22m[2m | [22m [1mRaw size[22m
[32mchunk-BYWSR4PC.js[39m  [2m | [22m[2mindex[22m[2m | [22m[36m150.16 kB[39m[2m | [22m

Application bundle generation complete. [13.017 seconds]

Page reload sent to client(s).
[33m>[39m Changes detected. Rebuilding...
[32m√[39m Changes detected. Rebuilding...
[1mInitial chunk files[22m[2m | [22m[1mNames[22m[2m | [22m [1mRaw size[22m
[32mmain.js[39m            [2m | [22m[2mmain[22m [2m | [22m  [36m6.08 kB[39m[2m | [22m

[1mLazy chunk files[22m   [2m | [22m[1mNames[22m[2m | [22m [1mRaw size[22m
[32mchunk-HDKUBPX6.js[39m  [2m | [22m[2mindex[22m[2m | [22m[36m150.23 kB[39m[2m | [22m

Application bundle generation complete. [6.147 seconds]

Component update sent to client(s).
[33m>[39m Changes detected. Rebuilding...
[32m√[39m Changes detected. Rebuilding...

No output file changes.

Application bundle generation complete. [4.734 seconds]

Component update sent to client(s).
[33m>[39m Changes detected. Rebuilding...
[32m√[39m Changes detected. Rebuilding...
Application bundle generation failed. [4.235 seconds]

[33m>[39m Changes detected. Rebuilding...
[32m√[39m Changes detected. Rebuilding...
Application bundle generation failed. [3.750 seconds]

[33m>[39m Changes detected. Rebuilding...
[32m√[39m Changes detected. Rebuilding...
Application bundle generation failed. [4.647 seconds]

[33m>[39m Changes detected. Rebuilding...
[32m√[39m Changes detected. Rebuilding...
Application bundle generation failed. [3.700 seconds]

[33m>[39m Changes detected. Rebuilding...
[32m√[39m Changes detected. Rebuilding...
Application bundle generation failed. [4.912 seconds]

[33m>[39m Changes detected. Rebuilding...
[32m√[39m Changes detected. Rebuilding...
Application bundle generation failed. [3.853 seconds]

[33m>[39m Changes detected. Rebuilding...
[32m√[39m Changes detected. Rebuilding...
Application bundle generation failed. [6.132 seconds]

[33m>[39m Changes detected. Rebuilding...
[32m√[39m Changes detected. Rebuilding...
Application bundle generation failed. [4.047 seconds]

[33m>[39m Changes detected. Rebuilding...
[32m√[39m Changes detected. Rebuilding...
Application bundle generation failed. [4.200 seconds]

[33m>[39m Changes detected. Rebuilding...
[32m√[39m Changes detected. Rebuilding...
Application bundle generation failed. [4.027 seconds]

[33m>[39m Changes detected. Rebuilding...
[32m√[39m Changes detected. Rebuilding...
Application bundle generation failed. [3.867 seconds]

[33m>[39m Changes detected. Rebuilding...
[32m√[39m Changes detected. Rebuilding...
Application bundle generation failed. [4.131 seconds]

[33m>[39m Changes detected. Rebuilding...
[32m√[39m Changes detected. Rebuilding...
Application bundle generation failed. [2.894 seconds]

[33m>[39m Changes detected. Rebuilding...
[32m√[39m Changes detected. Rebuilding...
Application bundle generation failed. [4.111 seconds]

[33m>[39m Changes detected. Rebuilding...
[32m√[39m Changes detected. Rebuilding...
Application bundle generation failed. [4.133 seconds]

[33m>[39m Changes detected. Rebuilding...
[32m√[39m Changes detected. Rebuilding...
Application bundle generation failed. [4.151 seconds]

[33m>[39m Changes detected. Rebuilding...
[32m√[39m Changes detected. Rebuilding...
Application bundle generation failed. [5.638 seconds]

[33m>[39m Changes detected. Rebuilding...
[32m√[39m Changes detected. Rebuilding...
Application bundle generation failed. [3.528 seconds]

[33m>[39m Changes detected. Rebuilding...
[32m√[39m Changes detected. Rebuilding...
Application bundle generation failed. [2.822 seconds]

[33m>[39m Changes detected. Rebuilding...
[32m√[39m Changes detected. Rebuilding...
Application bundle generation failed. [3.028 seconds]

[33m>[39m Changes detected. Rebuilding...
[32m√[39m Changes detected. Rebuilding...
Application bundle generation failed. [3.002 seconds]

[33m>[39m Changes detected. Rebuilding...
[32m√[39m Changes detected. Rebuilding...
Application bundle generation failed. [3.123 seconds]

[33m>[39m Changes detected. Rebuilding...
[32m√[39m Changes detected. Rebuilding...
[1mInitial chunk files[22m[2m | [22m[1mNames[22m                                [2m | [22m [1mRaw size[22m
[32mstyles.css[39m         [2m | [22m[2mstyles[22m                               [2m | [22m [36m92.86 kB[39m[2m | [22m
[32mmain.js[39m            [2m | [22m[2mmain[22m                                 [2m | [22m  [36m6.08 kB[39m[2m | [22m
[32mchunk-PH6ZXBVE.js[39m  [2m | [22m[2m-[22m                                    [2m | [22m  [36m3.88 kB[39m[2m | [22m
[32mchunk-CZJLB7T5.js[39m  [2m | [22m[2m-[22m                                    [2m | [22m  [36m1.08 kB[39m[2m | [22m

[1m [22m                  [2m | [22m[1mInitial total[22m                        [2m | [22m[1m103.91 kB[22m

[1mLazy chunk files[22m   [2m | [22m[1mNames[22m                                [2m | [22m [1mRaw size[22m
[32mchunk-ZH6XCWSJ.js[39m  [2m | [22m[2mdashboard-routes[22m                     [2m | [22m  [36m1.25 MB[39m[2m | [22m
[32mchunk-KR46BK2W.js[39m  [2m | [22m[2mindex[22m                                [2m | [22m[36m900.40 kB[39m[2m | [22m
[32mchunk-7TY3DYTP.js[39m  [2m | [22m[2mindex[22m                                [2m | [22m[36m856.02 kB[39m[2m | [22m
[32mchunk-UFSW4WDW.js[39m  [2m | [22m[2mindex[22m                                [2m | [22m[36m677.92 kB[39m[2m | [22m
[32mchunk-M45JJDK2.js[39m  [2m | [22m[2mindex[22m                                [2m | [22m[36m570.73 kB[39m[2m | [22m
[32mchunk-GSS5PZAG.js[39m  [2m | [22m[2mindex[22m                                [2m | [22m[36m350.42 kB[39m[2m | [22m
[32mchunk-3TMBTRW3.js[39m  [2m | [22m[2mindex[22m                                [2m | [22m[36m343.65 kB[39m[2m | [22m
[32mchunk-6AZ7PMCM.js[39m  [2m | [22m[2mpromoter-product-details-component[22m   [2m | [22m[36m320.97 kB[39m[2m | [22m
[32mchunk-XWWWYQIM.js[39m  [2m | [22m[2mprofile-page-component[22m               [2m | [22m[36m319.52 kB[39m[2m | [22m
[32mchunk-IN7BR7LU.js[39m  [2m | [22m[2mmarketer-product-detail-component[22m    [2m | [22m[36m302.29 kB[39m[2m | [22m
[32mchunk-I4HEBQ6K.js[39m  [2m | [22m[2m-[22m                                    [2m | [22m[36m301.46 kB[39m[2m | [22m
[32mchunk-7SUM7Y6B.js[39m  [2m | [22m[2mcreate-campaign-component[22m            [2m | [22m[36m283.04 kB[39m[2m | [22m
[32mchunk-JOHMKDUD.js[39m  [2m | [22m[2mindex[22m                                [2m | [22m[36m268.33 kB[39m[2m | [22m
[32mchunk-C6JEVEH3.js[39m  [2m | [22m[2maccount-component[22m                    [2m | [22m[36m257.67 kB[39m[2m | [22m
[32mchunk-OIRKJCQP.js[39m  [2m | [22m[2mmarketer-product-list-index-component[22m[2m | [22m[36m253.55 kB[39m[2m | [22m
[2m...and 129 more lazy chunks files. Use "--verbose" to show all the files.[22m

Application bundle generation complete. [4.997 seconds]

Page reload sent to client(s).
[33m>[39m Changes detected. Rebuilding...
[32m√[39m Changes detected. Rebuilding...
Application bundle generation failed. [17.988 seconds]

[33m>[39m Changes detected. Rebuilding...
[32m√[39m Changes detected. Rebuilding...
Application bundle generation failed. [5.437 seconds]

[33m>[39m Changes detected. Rebuilding...
[32m√[39m Changes detected. Rebuilding...
Application bundle generation failed. [5.048 seconds]

[33m>[39m Changes detected. Rebuilding...
[32m√[39m Changes detected. Rebuilding...
Application bundle generation failed. [3.335 seconds]

[33m>[39m Changes detected. Rebuilding...
[32m√[39m Changes detected. Rebuilding...
Application bundle generation failed. [3.976 seconds]

[33m>[39m Changes detected. Rebuilding...
[32m√[39m Changes detected. Rebuilding...
[1mInitial chunk files[22m[2m | [22m[1mNames[22m                             [2m | [22m [1mRaw size[22m
[32mstyles.css[39m         [2m | [22m[2mstyles[22m                            [2m | [22m [36m92.86 kB[39m[2m | [22m
[32mmain.js[39m            [2m | [22m[2mmain[22m                              [2m | [22m  [36m6.08 kB[39m[2m | [22m
[32mchunk-PH6ZXBVE.js[39m  [2m | [22m[2m-[22m                                 [2m | [22m  [36m3.88 kB[39m[2m | [22m
[32mchunk-CZJLB7T5.js[39m  [2m | [22m[2m-[22m                                 [2m | [22m  [36m1.08 kB[39m[2m | [22m

[1m [22m                  [2m | [22m[1mInitial total[22m                     [2m | [22m[1m103.91 kB[22m

[1mLazy chunk files[22m   [2m | [22m[1mNames[22m                             [2m | [22m [1mRaw size[22m
[32mchunk-5TJ5LOSN.js[39m  [2m | [22m[2mdashboard-routes[22m                  [2m | [22m  [36m1.25 MB[39m[2m | [22m
[32mchunk-KR46BK2W.js[39m  [2m | [22m[2mindex[22m                             [2m | [22m[36m900.40 kB[39m[2m | [22m
[32mchunk-7TY3DYTP.js[39m  [2m | [22m[2mindex[22m                             [2m | [22m[36m856.02 kB[39m[2m | [22m
[32mchunk-UFSW4WDW.js[39m  [2m | [22m[2mindex[22m                             [2m | [22m[36m677.92 kB[39m[2m | [22m
[32mchunk-M45JJDK2.js[39m  [2m | [22m[2mindex[22m                             [2m | [22m[36m570.73 kB[39m[2m | [22m
[32mchunk-ZNUZS4OZ.js[39m  [2m | [22m[2mindex[22m                             [2m | [22m[36m391.58 kB[39m[2m | [22m
[32mchunk-GSS5PZAG.js[39m  [2m | [22m[2mindex[22m                             [2m | [22m[36m350.42 kB[39m[2m | [22m
[32mchunk-3TMBTRW3.js[39m  [2m | [22m[2mindex[22m                             [2m | [22m[36m343.65 kB[39m[2m | [22m
[32mchunk-6AZ7PMCM.js[39m  [2m | [22m[2mpromoter-product-details-component[22m[2m | [22m[36m320.97 kB[39m[2m | [22m
[32mchunk-XWWWYQIM.js[39m  [2m | [22m[2mprofile-page-component[22m            [2m | [22m[36m319.52 kB[39m[2m | [22m
[32mchunk-IN7BR7LU.js[39m  [2m | [22m[2mmarketer-product-detail-component[22m [2m | [22m[36m302.29 kB[39m[2m | [22m
[32mchunk-I4HEBQ6K.js[39m  [2m | [22m[2m-[22m                                 [2m | [22m[36m301.46 kB[39m[2m | [22m
[32mchunk-7SUM7Y6B.js[39m  [2m | [22m[2mcreate-campaign-component[22m         [2m | [22m[36m283.04 kB[39m[2m | [22m
[32mchunk-JOHMKDUD.js[39m  [2m | [22m[2mindex[22m                             [2m | [22m[36m268.33 kB[39m[2m | [22m
[32mchunk-C6JEVEH3.js[39m  [2m | [22m[2maccount-component[22m                 [2m | [22m[36m257.67 kB[39m[2m | [22m
[2m...and 129 more lazy chunks files. Use "--verbose" to show all the files.[22m

Application bundle generation complete. [5.891 seconds]

Page reload sent to client(s).
[33m>[39m Changes detected. Rebuilding...
[32m√[39m Changes detected. Rebuilding...
[1mInitial chunk files[22m[2m | [22m[1mNames[22m[2m | [22m [1mRaw size[22m
[32mmain.js[39m            [2m | [22m[2mmain[22m [2m | [22m  [36m6.08 kB[39m[2m | [22m

[1mLazy chunk files[22m   [2m | [22m[1mNames[22m[2m | [22m [1mRaw size[22m
[32mchunk-LBKA6ZJX.js[39m  [2m | [22m[2mindex[22m[2m | [22m[36m152.06 kB[39m[2m | [22m

Application bundle generation complete. [8.230 seconds]

Component update sent to client(s).
[33m>[39m Changes detected. Rebuilding...
[32m√[39m Changes detected. Rebuilding...
[1mInitial chunk files[22m[2m | [22m[1mNames[22m[2m | [22m [1mRaw size[22m
[32mmain.js[39m            [2m | [22m[2mmain[22m [2m | [22m  [36m6.08 kB[39m[2m | [22m

[1mLazy chunk files[22m   [2m | [22m[1mNames[22m[2m | [22m [1mRaw size[22m
[32mchunk-TALBZXA5.js[39m  [2m | [22m[2mindex[22m[2m | [22m[36m152.14 kB[39m[2m | [22m

Application bundle generation complete. [4.046 seconds]

Component update sent to client(s).
[33m>[39m Changes detected. Rebuilding...
[32m√[39m Changes detected. Rebuilding...
Application bundle generation failed. [10.473 seconds]

[33m>[39m Changes detected. Rebuilding...
[32m√[39m Changes detected. Rebuilding...
Application bundle generation failed. [104.551 seconds]

[33m>[39m Changes detected. Rebuilding...
[32m√[39m Changes detected. Rebuilding...
[1mInitial chunk files[22m[2m | [22m[1mNames[22m                             [2m | [22m [1mRaw size[22m
[32mstyles.css[39m         [2m | [22m[2mstyles[22m                            [2m | [22m [36m92.92 kB[39m[2m | [22m
[32mmain.js[39m            [2m | [22m[2mmain[22m                              [2m | [22m  [36m6.08 kB[39m[2m | [22m
[32mchunk-PH6ZXBVE.js[39m  [2m | [22m[2m-[22m                                 [2m | [22m  [36m3.88 kB[39m[2m | [22m
[32mchunk-CZJLB7T5.js[39m  [2m | [22m[2m-[22m                                 [2m | [22m  [36m1.08 kB[39m[2m | [22m

[1m [22m                  [2m | [22m[1mInitial total[22m                     [2m | [22m[1m103.97 kB[22m

[1mLazy chunk files[22m   [2m | [22m[1mNames[22m                             [2m | [22m [1mRaw size[22m
[32mchunk-V6SHPDJM.js[39m  [2m | [22m[2mdashboard-routes[22m                  [2m | [22m  [36m1.25 MB[39m[2m | [22m
[32mchunk-QNKH4QWO.js[39m  [2m | [22m[2mindex[22m                             [2m | [22m[36m905.92 kB[39m[2m | [22m
[32mchunk-4IMXBJ6D.js[39m  [2m | [22m[2mindex[22m                             [2m | [22m[36m858.42 kB[39m[2m | [22m
[32mchunk-F4MGXD2P.js[39m  [2m | [22m[2mindex[22m                             [2m | [22m[36m680.68 kB[39m[2m | [22m
[32mchunk-45BW35MM.js[39m  [2m | [22m[2mindex[22m                             [2m | [22m[36m572.53 kB[39m[2m | [22m
[32mchunk-JLWC4KQ5.js[39m  [2m | [22m[2mindex[22m                             [2m | [22m[36m392.31 kB[39m[2m | [22m
[32mchunk-OPR43T3L.js[39m  [2m | [22m[2mindex[22m                             [2m | [22m[36m351.98 kB[39m[2m | [22m
[32mchunk-ZQGY4ZLV.js[39m  [2m | [22m[2mindex[22m                             [2m | [22m[36m345.69 kB[39m[2m | [22m
[32mchunk-WCAKT3MZ.js[39m  [2m | [22m[2mpromoter-product-details-component[22m[2m | [22m[36m323.13 kB[39m[2m | [22m
[32mchunk-6IW3PZSI.js[39m  [2m | [22m[2mprofile-page-component[22m            [2m | [22m[36m320.00 kB[39m[2m | [22m
[32mchunk-RDNSX2LA.js[39m  [2m | [22m[2m-[22m                                 [2m | [22m[36m303.38 kB[39m[2m | [22m
[32mchunk-HMBSVO6H.js[39m  [2m | [22m[2mmarketer-product-detail-component[22m [2m | [22m[36m302.53 kB[39m[2m | [22m
[32mchunk-LD7UYNXK.js[39m  [2m | [22m[2mcreate-campaign-component[22m         [2m | [22m[36m285.68 kB[39m[2m | [22m
[32mchunk-PWXK7EIA.js[39m  [2m | [22m[2mindex[22m                             [2m | [22m[36m268.69 kB[39m[2m | [22m
[32mchunk-NVED6WBV.js[39m  [2m | [22m[2maccount-component[22m                 [2m | [22m[36m258.87 kB[39m[2m | [22m
[2m...and 129 more lazy chunks files. Use "--verbose" to show all the files.[22m

Application bundle generation complete. [73.864 seconds]

Page reload sent to client(s).
[33m>[39m Changes detected. Rebuilding...
[32m√[39m Changes detected. Rebuilding...

No output file changes.

Application bundle generation complete. [3.630 seconds]

Component update sent to client(s).
[33m>[39m Changes detected. Rebuilding...
[32m√[39m Changes detected. Rebuilding...
[1mInitial chunk files[22m[2m | [22m[1mNames[22m[2m | [22m [1mRaw size[22m
[32mmain.js[39m            [2m | [22m[2mmain[22m [2m | [22m  [36m6.08 kB[39m[2m | [22m

[1mLazy chunk files[22m   [2m | [22m[1mNames[22m[2m | [22m [1mRaw size[22m
[32mchunk-BXXUY75J.js[39m  [2m | [22m[2mindex[22m[2m | [22m[36m680.88 kB[39m[2m | [22m

Application bundle generation complete. [8.224 seconds]

Component update sent to client(s).
[33m>[39m Changes detected. Rebuilding...
[32m√[39m Changes detected. Rebuilding...

No output file changes.

Application bundle generation complete. [8.187 seconds]

Component update sent to client(s).
[33m>[39m Changes detected. Rebuilding...
[32m√[39m Changes detected. Rebuilding...
[1mInitial chunk files[22m[2m | [22m[1mNames[22m[2m | [22m [1mRaw size[22m
[32mmain.js[39m            [2m | [22m[2mmain[22m [2m | [22m  [36m6.08 kB[39m[2m | [22m

[1mLazy chunk files[22m   [2m | [22m[1mNames[22m[2m | [22m [1mRaw size[22m
[32mchunk-YSYITAZ4.js[39m  [2m | [22m[2mindex[22m[2m | [22m[36m681.72 kB[39m[2m | [22m

Application bundle generation complete. [6.165 seconds]

Component update sent to client(s).
[33m>[39m Changes detected. Rebuilding...
[32m√[39m Changes detected. Rebuilding...

No output file changes.

Application bundle generation complete. [4.198 seconds]

Component update sent to client(s).
[33m>[39m Changes detected. Rebuilding...
[32m√[39m Changes detected. Rebuilding...
[1mInitial chunk files[22m[2m | [22m[1mNames[22m[2m | [22m [1mRaw size[22m
[32mmain.js[39m            [2m | [22m[2mmain[22m [2m | [22m  [36m6.08 kB[39m[2m | [22m

[1mLazy chunk files[22m   [2m | [22m[1mNames[22m[2m | [22m [1mRaw size[22m
[32mchunk-3UDDKOBP.js[39m  [2m | [22m[2mindex[22m[2m | [22m[36m681.76 kB[39m[2m | [22m

Application bundle generation complete. [5.200 seconds]

Component update sent to client(s).
[33m>[39m Changes detected. Rebuilding...
[32m√[39m Changes detected. Rebuilding...

No output file changes.

Application bundle generation complete. [7.287 seconds]

Component update sent to client(s).
[33m>[39m Changes detected. Rebuilding...
[32m√[39m Changes detected. Rebuilding...

No output file changes.

Application bundle generation complete. [6.019 seconds]

Component update sent to client(s).
[33m>[39m Changes detected. Rebuilding...
[32m√[39m Changes detected. Rebuilding...
[1mInitial chunk files[22m[2m | [22m[1mNames[22m[2m | [22m [1mRaw size[22m
[32mmain.js[39m            [2m | [22m[2mmain[22m [2m | [22m  [36m6.08 kB[39m[2m | [22m

[1mLazy chunk files[22m   [2m | [22m[1mNames[22m[2m | [22m [1mRaw size[22m
[32mchunk-MMTU42RT.js[39m  [2m | [22m[2mindex[22m[2m | [22m[36m682.53 kB[39m[2m | [22m

Application bundle generation complete. [5.970 seconds]

Component update sent to client(s).
[33m>[39m Changes detected. Rebuilding...
[32m√[39m Changes detected. Rebuilding...

No output file changes.

Application bundle generation complete. [6.911 seconds]

Component update sent to client(s).
[33m>[39m Changes detected. Rebuilding...
[32m√[39m Changes detected. Rebuilding...
[1mInitial chunk files[22m[2m | [22m[1mNames[22m[2m | [22m [1mRaw size[22m
[32mmain.js[39m            [2m | [22m[2mmain[22m [2m | [22m  [36m6.08 kB[39m[2m | [22m

[1mLazy chunk files[22m   [2m | [22m[1mNames[22m[2m | [22m [1mRaw size[22m
[32mchunk-GEUIH5EP.js[39m  [2m | [22m[2mindex[22m[2m | [22m[36m682.48 kB[39m[2m | [22m

Application bundle generation complete. [5.533 seconds]

Component update sent to client(s).
[33m>[39m Changes detected. Rebuilding...
[32m√[39m Changes detected. Rebuilding...

No output file changes.

Application bundle generation complete. [4.384 seconds]

Component update sent to client(s).
[33m>[39m Changes detected. Rebuilding...
[32m√[39m Changes detected. Rebuilding...
[1mInitial chunk files[22m[2m | [22m[1mNames[22m[2m | [22m [1mRaw size[22m
[32mmain.js[39m            [2m | [22m[2mmain[22m [2m | [22m  [36m6.08 kB[39m[2m | [22m

[1mLazy chunk files[22m   [2m | [22m[1mNames[22m[2m | [22m [1mRaw size[22m
[32mchunk-I2QR5VJA.js[39m  [2m | [22m[2mindex[22m[2m | [22m[36m682.43 kB[39m[2m | [22m

Application bundle generation complete. [4.609 seconds]

Component update sent to client(s).
[33m>[39m Changes detected. Rebuilding...
[32m√[39m Changes detected. Rebuilding...
[1mInitial chunk files[22m[2m | [22m[1mNames[22m[2m | [22m [1mRaw size[22m
[32mmain.js[39m            [2m | [22m[2mmain[22m [2m | [22m  [36m6.08 kB[39m[2m | [22m

[1mLazy chunk files[22m   [2m | [22m[1mNames[22m[2m | [22m [1mRaw size[22m
[32mchunk-ZUJTZURM.js[39m  [2m | [22m[2mindex[22m[2m | [22m[36m682.39 kB[39m[2m | [22m

Application bundle generation complete. [4.519 seconds]

Component update sent to client(s).
[33m>[39m Changes detected. Rebuilding...
[32m√[39m Changes detected. Rebuilding...

No output file changes.

Application bundle generation complete. [3.408 seconds]

Component update sent to client(s).
[33m>[39m Changes detected. Rebuilding...
[32m√[39m Changes detected. Rebuilding...
[1mInitial chunk files[22m[2m | [22m[1mNames[22m[2m | [22m [1mRaw size[22m
[32mmain.js[39m            [2m | [22m[2mmain[22m [2m | [22m  [36m6.08 kB[39m[2m | [22m

[1mLazy chunk files[22m   [2m | [22m[1mNames[22m[2m | [22m [1mRaw size[22m
[32mchunk-B37K773X.js[39m  [2m | [22m[2mindex[22m[2m | [22m[36m682.42 kB[39m[2m | [22m

Application bundle generation complete. [4.310 seconds]

Component update sent to client(s).
[33m>[39m Changes detected. Rebuilding...
[32m√[39m Changes detected. Rebuilding...

No output file changes.

Application bundle generation complete. [3.975 seconds]

Component update sent to client(s).
[33m>[39m Changes detected. Rebuilding...
[32m√[39m Changes detected. Rebuilding...
[1mInitial chunk files[22m[2m | [22m[1mNames[22m[2m | [22m [1mRaw size[22m
[32mmain.js[39m            [2m | [22m[2mmain[22m [2m | [22m  [36m6.08 kB[39m[2m | [22m

[1mLazy chunk files[22m   [2m | [22m[1mNames[22m[2m | [22m [1mRaw size[22m
[32mchunk-LGEUYSIQ.js[39m  [2m | [22m[2mindex[22m[2m | [22m[36m682.44 kB[39m[2m | [22m

Application bundle generation complete. [4.335 seconds]

Component update sent to client(s).
[33m>[39m Changes detected. Rebuilding...
[32m√[39m Changes detected. Rebuilding...

No output file changes.

Application bundle generation complete. [3.776 seconds]

Component update sent to client(s).
[33m>[39m Changes detected. Rebuilding...
[32m√[39m Changes detected. Rebuilding...
[1mInitial chunk files[22m[2m | [22m[1mNames[22m[2m | [22m [1mRaw size[22m
[32mmain.js[39m            [2m | [22m[2mmain[22m [2m | [22m  [36m6.08 kB[39m[2m | [22m

[1mLazy chunk files[22m   [2m | [22m[1mNames[22m[2m | [22m [1mRaw size[22m
[32mchunk-RMQUGMCK.js[39m  [2m | [22m[2mindex[22m[2m | [22m[36m682.50 kB[39m[2m | [22m

Application bundle generation complete. [4.335 seconds]

Component update sent to client(s).
[33m>[39m Changes detected. Rebuilding...
[32m√[39m Changes detected. Rebuilding...

No output file changes.

Application bundle generation complete. [5.558 seconds]

Component update sent to client(s).
[33m>[39m Changes detected. Rebuilding...
[32m√[39m Changes detected. Rebuilding...
[1mInitial chunk files[22m[2m | [22m[1mNames[22m[2m | [22m [1mRaw size[22m
[32mmain.js[39m            [2m | [22m[2mmain[22m [2m | [22m  [36m6.08 kB[39m[2m | [22m

[1mLazy chunk files[22m   [2m | [22m[1mNames[22m[2m | [22m [1mRaw size[22m
[32mchunk-ZD7PVJGD.js[39m  [2m | [22m[2mindex[22m[2m | [22m[36m682.61 kB[39m[2m | [22m

Application bundle generation complete. [4.315 seconds]

Component update sent to client(s).
[33m>[39m Changes detected. Rebuilding...
[32m√[39m Changes detected. Rebuilding...

No output file changes.

Application bundle generation complete. [4.414 seconds]

Component update sent to client(s).
[33m>[39m Changes detected. Rebuilding...
[32m√[39m Changes detected. Rebuilding...
[1mInitial chunk files[22m[2m | [22m[1mNames[22m[2m | [22m [1mRaw size[22m
[32mmain.js[39m            [2m | [22m[2mmain[22m [2m | [22m  [36m6.08 kB[39m[2m | [22m

[1mLazy chunk files[22m   [2m | [22m[1mNames[22m[2m | [22m [1mRaw size[22m
[32mchunk-IJSWCWRX.js[39m  [2m | [22m[2mindex[22m[2m | [22m[36m683.00 kB[39m[2m | [22m

Application bundle generation complete. [4.928 seconds]

Component update sent to client(s).
[33m>[39m Changes detected. Rebuilding...
[32m√[39m Changes detected. Rebuilding...

No output file changes.

Application bundle generation complete. [6.028 seconds]

Component update sent to client(s).
[33m>[39m Changes detected. Rebuilding...
[32m√[39m Changes detected. Rebuilding...
[1mInitial chunk files[22m[2m | [22m[1mNames[22m[2m | [22m [1mRaw size[22m
[32mmain.js[39m            [2m | [22m[2mmain[22m [2m | [22m  [36m6.08 kB[39m[2m | [22m

[1mLazy chunk files[22m   [2m | [22m[1mNames[22m[2m | [22m [1mRaw size[22m
[32mchunk-UYRYVM3G.js[39m  [2m | [22m[2mindex[22m[2m | [22m[36m683.00 kB[39m[2m | [22m

Application bundle generation complete. [4.154 seconds]

Component update sent to client(s).
[33m>[39m Changes detected. Rebuilding...
[32m√[39m Changes detected. Rebuilding...

No output file changes.

Application bundle generation complete. [4.484 seconds]

Component update sent to client(s).
[33m>[39m Changes detected. Rebuilding...
[32m√[39m Changes detected. Rebuilding...
[1mInitial chunk files[22m[2m | [22m[1mNames[22m           [2m | [22m [1mRaw size[22m
[32mmain.js[39m            [2m | [22m[2mmain[22m            [2m | [22m  [36m6.08 kB[39m[2m | [22m

[1mLazy chunk files[22m   [2m | [22m[1mNames[22m           [2m | [22m [1mRaw size[22m
[32mchunk-KH42XACQ.js[39m  [2m | [22m[2mdashboard-routes[22m[2m | [22m  [36m1.25 MB[39m[2m | [22m
[32mchunk-WOQMTPYM.js[39m  [2m | [22m[2mindex[22m           [2m | [22m[36m168.00 kB[39m[2m | [22m
[32mchunk-5HTQMTAH.js[39m  [2m | [22m[2mstore-routes[22m    [2m | [22m  [36m3.21 kB[39m[2m | [22m

Application bundle generation complete. [11.446 seconds]

Page reload sent to client(s).
[33m>[39m Changes detected. Rebuilding...
[32m√[39m Changes detected. Rebuilding...
[1mInitial chunk files[22m[2m | [22m[1mNames[22m           [2m | [22m [1mRaw size[22m
[32mmain.js[39m            [2m | [22m[2mmain[22m            [2m | [22m  [36m6.08 kB[39m[2m | [22m

[1mLazy chunk files[22m   [2m | [22m[1mNames[22m           [2m | [22m [1mRaw size[22m
[32mchunk-VBP4YP54.js[39m  [2m | [22m[2mdashboard-routes[22m[2m | [22m  [36m1.25 MB[39m[2m | [22m
[32mchunk-OOHW4STO.js[39m  [2m | [22m[2mindex[22m           [2m | [22m[36m154.14 kB[39m[2m | [22m
[32mchunk-2SYIYF5U.js[39m  [2m | [22m[2mstore-routes[22m    [2m | [22m  [36m3.22 kB[39m[2m | [22m

Application bundle generation complete. [15.362 seconds]

Page reload sent to client(s).
[33m>[39m Changes detected. Rebuilding...
[32m√[39m Changes detected. Rebuilding...
[1mInitial chunk files[22m[2m | [22m[1mNames[22m           [2m | [22m [1mRaw size[22m
[32mmain.js[39m            [2m | [22m[2mmain[22m            [2m | [22m  [36m6.08 kB[39m[2m | [22m

[1mLazy chunk files[22m   [2m | [22m[1mNames[22m           [2m | [22m [1mRaw size[22m
[32mchunk-DC5HRRGK.js[39m  [2m | [22m[2mdashboard-routes[22m[2m | [22m  [36m1.25 MB[39m[2m | [22m
[32mchunk-XCYHQSFU.js[39m  [2m | [22m[2mindex[22m           [2m | [22m[36m147.17 kB[39m[2m | [22m
[32mchunk-ZTYW5CWP.js[39m  [2m | [22m[2mstore-routes[22m    [2m | [22m  [36m3.22 kB[39m[2m | [22m

Application bundle generation complete. [11.992 seconds]

Page reload sent to client(s).
[33m>[39m Changes detected. Rebuilding...
[32m√[39m Changes detected. Rebuilding...
[1mInitial chunk files[22m[2m | [22m[1mNames[22m           [2m | [22m [1mRaw size[22m
[32mmain.js[39m            [2m | [22m[2mmain[22m            [2m | [22m  [36m6.08 kB[39m[2m | [22m

[1mLazy chunk files[22m   [2m | [22m[1mNames[22m           [2m | [22m [1mRaw size[22m
[32mchunk-22WAMICG.js[39m  [2m | [22m[2mdashboard-routes[22m[2m | [22m  [36m1.25 MB[39m[2m | [22m
[32mchunk-T5S7CA57.js[39m  [2m | [22m[2mindex[22m           [2m | [22m[36m147.67 kB[39m[2m | [22m
[32mchunk-ZG4CW4VP.js[39m  [2m | [22m[2mstore-routes[22m    [2m | [22m  [36m3.22 kB[39m[2m | [22m

Application bundle generation complete. [8.049 seconds]

Page reload sent to client(s).
[33m>[39m Changes detected. Rebuilding...
[32m√[39m Changes detected. Rebuilding...
Application bundle generation failed. [8.675 seconds]

[33m>[39m Changes detected. Rebuilding...
[32m√[39m Changes detected. Rebuilding...
[1mInitial chunk files[22m[2m | [22m[1mNames[22m                             [2m | [22m [1mRaw size[22m
[32mstyles.css[39m         [2m | [22m[2mstyles[22m                            [2m | [22m [36m92.92 kB[39m[2m | [22m
[32mmain.js[39m            [2m | [22m[2mmain[22m                              [2m | [22m  [36m6.08 kB[39m[2m | [22m
[32mchunk-PH6ZXBVE.js[39m  [2m | [22m[2m-[22m                                 [2m | [22m  [36m3.88 kB[39m[2m | [22m
[32mchunk-CZJLB7T5.js[39m  [2m | [22m[2m-[22m                                 [2m | [22m  [36m1.08 kB[39m[2m | [22m

[1m [22m                  [2m | [22m[1mInitial total[22m                     [2m | [22m[1m103.97 kB[22m

[1mLazy chunk files[22m   [2m | [22m[1mNames[22m                             [2m | [22m [1mRaw size[22m
[32mchunk-2VETXHOJ.js[39m  [2m | [22m[2mdashboard-routes[22m                  [2m | [22m  [36m1.25 MB[39m[2m | [22m
[32mchunk-QNKH4QWO.js[39m  [2m | [22m[2mindex[22m                             [2m | [22m[36m905.92 kB[39m[2m | [22m
[32mchunk-4IMXBJ6D.js[39m  [2m | [22m[2mindex[22m                             [2m | [22m[36m858.42 kB[39m[2m | [22m
[32mchunk-UYRYVM3G.js[39m  [2m | [22m[2mindex[22m                             [2m | [22m[36m683.00 kB[39m[2m | [22m
[32mchunk-45BW35MM.js[39m  [2m | [22m[2mindex[22m                             [2m | [22m[36m572.53 kB[39m[2m | [22m
[32mchunk-JLWC4KQ5.js[39m  [2m | [22m[2mindex[22m                             [2m | [22m[36m392.31 kB[39m[2m | [22m
[32mchunk-OPR43T3L.js[39m  [2m | [22m[2mindex[22m                             [2m | [22m[36m351.98 kB[39m[2m | [22m
[32mchunk-ZQGY4ZLV.js[39m  [2m | [22m[2mindex[22m                             [2m | [22m[36m345.69 kB[39m[2m | [22m
[32mchunk-WCAKT3MZ.js[39m  [2m | [22m[2mpromoter-product-details-component[22m[2m | [22m[36m323.13 kB[39m[2m | [22m
[32mchunk-6IW3PZSI.js[39m  [2m | [22m[2mprofile-page-component[22m            [2m | [22m[36m320.00 kB[39m[2m | [22m
[32mchunk-RDNSX2LA.js[39m  [2m | [22m[2m-[22m                                 [2m | [22m[36m303.38 kB[39m[2m | [22m
[32mchunk-HMBSVO6H.js[39m  [2m | [22m[2mmarketer-product-detail-component[22m [2m | [22m[36m302.53 kB[39m[2m | [22m
[32mchunk-LD7UYNXK.js[39m  [2m | [22m[2mcreate-campaign-component[22m         [2m | [22m[36m285.68 kB[39m[2m | [22m
[32mchunk-PWXK7EIA.js[39m  [2m | [22m[2mindex[22m                             [2m | [22m[36m268.69 kB[39m[2m | [22m
[32mchunk-B27HNYIN.js[39m  [2m | [22m[2mindex[22m                             [2m | [22m[36m262.08 kB[39m[2m | [22m
[2m...and 129 more lazy chunks files. Use "--verbose" to show all the files.[22m

Application bundle generation complete. [4.994 seconds]

Page reload sent to client(s).
[33m>[39m Changes detected. Rebuilding...
[32m√[39m Changes detected. Rebuilding...
Application bundle generation failed. [16.819 seconds]

[33m>[39m Changes detected. Rebuilding...
[32m√[39m Changes detected. Rebuilding...
[1mInitial chunk files[22m[2m | [22m[1mNames[22m                             [2m | [22m [1mRaw size[22m
[32mstyles.css[39m         [2m | [22m[2mstyles[22m                            [2m | [22m [36m92.92 kB[39m[2m | [22m
[32mmain.js[39m            [2m | [22m[2mmain[22m                              [2m | [22m  [36m6.08 kB[39m[2m | [22m
[32mchunk-PH6ZXBVE.js[39m  [2m | [22m[2m-[22m                                 [2m | [22m  [36m3.88 kB[39m[2m | [22m
[32mchunk-CZJLB7T5.js[39m  [2m | [22m[2m-[22m                                 [2m | [22m  [36m1.08 kB[39m[2m | [22m

[1m [22m                  [2m | [22m[1mInitial total[22m                     [2m | [22m[1m103.97 kB[22m

[1mLazy chunk files[22m   [2m | [22m[1mNames[22m                             [2m | [22m [1mRaw size[22m
[32mchunk-DCQCHIEX.js[39m  [2m | [22m[2mdashboard-routes[22m                  [2m | [22m  [36m1.25 MB[39m[2m | [22m
[32mchunk-QNKH4QWO.js[39m  [2m | [22m[2mindex[22m                             [2m | [22m[36m905.92 kB[39m[2m | [22m
[32mchunk-4IMXBJ6D.js[39m  [2m | [22m[2mindex[22m                             [2m | [22m[36m858.42 kB[39m[2m | [22m
[32mchunk-UYRYVM3G.js[39m  [2m | [22m[2mindex[22m                             [2m | [22m[36m683.00 kB[39m[2m | [22m
[32mchunk-45BW35MM.js[39m  [2m | [22m[2mindex[22m                             [2m | [22m[36m572.53 kB[39m[2m | [22m
[32mchunk-DOPBSYWT.js[39m  [2m | [22m[2mindex[22m                             [2m | [22m[36m421.13 kB[39m[2m | [22m
[32mchunk-JLWC4KQ5.js[39m  [2m | [22m[2mindex[22m                             [2m | [22m[36m392.31 kB[39m[2m | [22m
[32mchunk-OPR43T3L.js[39m  [2m | [22m[2mindex[22m                             [2m | [22m[36m351.98 kB[39m[2m | [22m
[32mchunk-ZQGY4ZLV.js[39m  [2m | [22m[2mindex[22m                             [2m | [22m[36m345.69 kB[39m[2m | [22m
[32mchunk-WCAKT3MZ.js[39m  [2m | [22m[2mpromoter-product-details-component[22m[2m | [22m[36m323.13 kB[39m[2m | [22m
[32mchunk-6IW3PZSI.js[39m  [2m | [22m[2mprofile-page-component[22m            [2m | [22m[36m320.00 kB[39m[2m | [22m
[32mchunk-RDNSX2LA.js[39m  [2m | [22m[2m-[22m                                 [2m | [22m[36m303.38 kB[39m[2m | [22m
[32mchunk-LD7UYNXK.js[39m  [2m | [22m[2mcreate-campaign-component[22m         [2m | [22m[36m285.68 kB[39m[2m | [22m
[32mchunk-PWXK7EIA.js[39m  [2m | [22m[2mindex[22m                             [2m | [22m[36m268.69 kB[39m[2m | [22m
[32mchunk-B27HNYIN.js[39m  [2m | [22m[2mindex[22m                             [2m | [22m[36m262.08 kB[39m[2m | [22m
[2m...and 129 more lazy chunks files. Use "--verbose" to show all the files.[22m

Application bundle generation complete. [4.644 seconds]

Page reload sent to client(s).
[33m>[39m Changes detected. Rebuilding...
[32m√[39m Changes detected. Rebuilding...
[1mInitial chunk files[22m[2m | [22m[1mNames[22m           [2m | [22m [1mRaw size[22m
[32mmain.js[39m            [2m | [22m[2mmain[22m            [2m | [22m  [36m6.08 kB[39m[2m | [22m

[1mLazy chunk files[22m   [2m | [22m[1mNames[22m           [2m | [22m [1mRaw size[22m
[32mchunk-UMD3D2EK.js[39m  [2m | [22m[2mdashboard-routes[22m[2m | [22m  [36m1.25 MB[39m[2m | [22m
[32mchunk-IGBELI6K.js[39m  [2m | [22m[2mindex[22m           [2m | [22m[36m422.75 kB[39m[2m | [22m
[32mchunk-G4QMN6YO.js[39m  [2m | [22m[2mstore-routes[22m    [2m | [22m  [36m3.23 kB[39m[2m | [22m

Application bundle generation complete. [7.401 seconds]

Component update sent to client(s).
[33m>[39m Changes detected. Rebuilding...
[32m√[39m Changes detected. Rebuilding...
[1mInitial chunk files[22m[2m | [22m[1mNames[22m           [2m | [22m [1mRaw size[22m
[32mmain.js[39m            [2m | [22m[2mmain[22m            [2m | [22m  [36m6.08 kB[39m[2m | [22m

[1mLazy chunk files[22m   [2m | [22m[1mNames[22m           [2m | [22m [1mRaw size[22m
[32mchunk-BAM6VVGK.js[39m  [2m | [22m[2mdashboard-routes[22m[2m | [22m  [36m1.25 MB[39m[2m | [22m
[32mchunk-IKCBWVTS.js[39m  [2m | [22m[2mindex[22m           [2m | [22m[36m959.37 kB[39m[2m | [22m
[32mchunk-2DLZSA4D.js[39m  [2m | [22m[2mstore-routes[22m    [2m | [22m  [36m3.23 kB[39m[2m | [22m

Application bundle generation complete. [9.721 seconds]

Page reload sent to client(s).
[33m>[39m Changes detected. Rebuilding...
[32m√[39m Changes detected. Rebuilding...
[1mInitial chunk files[22m[2m | [22m[1mNames[22m           [2m | [22m[1mRaw size[22m
[32mmain.js[39m            [2m | [22m[2mmain[22m            [2m | [22m [36m6.08 kB[39m[2m | [22m

[1mLazy chunk files[22m   [2m | [22m[1mNames[22m           [2m | [22m[1mRaw size[22m
[32mchunk-YLCU7FZV.js[39m  [2m | [22m[2mdashboard-routes[22m[2m | [22m [36m1.25 MB[39m[2m | [22m
[32mchunk-MCZ6BUP2.js[39m  [2m | [22m[2mindex[22m           [2m | [22m [36m1.06 MB[39m[2m | [22m
[32mchunk-NLTRDAHV.js[39m  [2m | [22m[2mstore-routes[22m    [2m | [22m [36m3.23 kB[39m[2m | [22m

Application bundle generation complete. [17.123 seconds]

Page reload sent to client(s).
[33m>[39m Changes detected. Rebuilding...
[32m√[39m Changes detected. Rebuilding...
[1mInitial chunk files[22m[2m | [22m[1mNames[22m           [2m | [22m[1mRaw size[22m
[32mmain.js[39m            [2m | [22m[2mmain[22m            [2m | [22m [36m6.08 kB[39m[2m | [22m

[1mLazy chunk files[22m   [2m | [22m[1mNames[22m           [2m | [22m[1mRaw size[22m
[32mchunk-A2DUGUGO.js[39m  [2m | [22m[2mdashboard-routes[22m[2m | [22m [36m1.25 MB[39m[2m | [22m
[32mchunk-J7AKCDKC.js[39m  [2m | [22m[2mindex[22m           [2m | [22m [36m1.06 MB[39m[2m | [22m
[32mchunk-BQXHVA67.js[39m  [2m | [22m[2mstore-routes[22m    [2m | [22m [36m3.23 kB[39m[2m | [22m

Application bundle generation complete. [12.406 seconds]

Component update sent to client(s).
[33m>[39m Changes detected. Rebuilding...
[32m√[39m Changes detected. Rebuilding...
[1mInitial chunk files[22m[2m | [22m[1mNames[22m           [2m | [22m[1mRaw size[22m
[32mmain.js[39m            [2m | [22m[2mmain[22m            [2m | [22m [36m6.08 kB[39m[2m | [22m

[1mLazy chunk files[22m   [2m | [22m[1mNames[22m           [2m | [22m[1mRaw size[22m
[32mchunk-TASX2EST.js[39m  [2m | [22m[2mdashboard-routes[22m[2m | [22m [36m1.25 MB[39m[2m | [22m

Application bundle generation complete. [4.643 seconds]

Component update sent to client(s).
[33m>[39m Changes detected. Rebuilding...
[32m√[39m Changes detected. Rebuilding...
[1mInitial chunk files[22m[2m | [22m[1mNames[22m           [2m | [22m[1mRaw size[22m
[32mmain.js[39m            [2m | [22m[2mmain[22m            [2m | [22m [36m6.08 kB[39m[2m | [22m

[1mLazy chunk files[22m   [2m | [22m[1mNames[22m           [2m | [22m[1mRaw size[22m
[32mchunk-A2DUGUGO.js[39m  [2m | [22m[2mdashboard-routes[22m[2m | [22m [36m1.25 MB[39m[2m | [22m

Application bundle generation complete. [6.030 seconds]

Component update sent to client(s).
[33m>[39m Changes detected. Rebuilding...
[32m√[39m Changes detected. Rebuilding...
[1mInitial chunk files[22m[2m | [22m[1mNames[22m           [2m | [22m[1mRaw size[22m
[32mmain.js[39m            [2m | [22m[2mmain[22m            [2m | [22m [36m6.08 kB[39m[2m | [22m

[1mLazy chunk files[22m   [2m | [22m[1mNames[22m           [2m | [22m[1mRaw size[22m
[32mchunk-TASX2EST.js[39m  [2m | [22m[2mdashboard-routes[22m[2m | [22m [36m1.25 MB[39m[2m | [22m

Application bundle generation complete. [3.840 seconds]

Component update sent to client(s).
[33m>[39m Changes detected. Rebuilding...
[32m√[39m Changes detected. Rebuilding...
[1mInitial chunk files[22m[2m | [22m[1mNames[22m           [2m | [22m[1mRaw size[22m
[32mmain.js[39m            [2m | [22m[2mmain[22m            [2m | [22m [36m6.08 kB[39m[2m | [22m

[1mLazy chunk files[22m   [2m | [22m[1mNames[22m           [2m | [22m[1mRaw size[22m
[32mchunk-2PWBQTLV.js[39m  [2m | [22m[2mdashboard-routes[22m[2m | [22m [36m1.25 MB[39m[2m | [22m

Application bundle generation complete. [12.478 seconds]

Page reload sent to client(s).
[33m>[39m Changes detected. Rebuilding...
[32m√[39m Changes detected. Rebuilding...
[1mInitial chunk files[22m[2m | [22m[1mNames[22m           [2m | [22m[1mRaw size[22m
[32mmain.js[39m            [2m | [22m[2mmain[22m            [2m | [22m [36m6.08 kB[39m[2m | [22m

[1mLazy chunk files[22m   [2m | [22m[1mNames[22m           [2m | [22m[1mRaw size[22m
[32mchunk-TASX2EST.js[39m  [2m | [22m[2mdashboard-routes[22m[2m | [22m [36m1.25 MB[39m[2m | [22m

Application bundle generation complete. [8.094 seconds]

Page reload sent to client(s).
[33m>[39m Changes detected. Rebuilding...
[32m√[39m Changes detected. Rebuilding...
[1mInitial chunk files[22m[2m | [22m[1mNames[22m           [2m | [22m[1mRaw size[22m
[32mmain.js[39m            [2m | [22m[2mmain[22m            [2m | [22m [36m6.08 kB[39m[2m | [22m

[1mLazy chunk files[22m   [2m | [22m[1mNames[22m           [2m | [22m[1mRaw size[22m
[32mchunk-A2DUGUGO.js[39m  [2m | [22m[2mdashboard-routes[22m[2m | [22m [36m1.25 MB[39m[2m | [22m

Application bundle generation complete. [10.376 seconds]

Component update sent to client(s).
[33m>[39m Changes detected. Rebuilding...
[32m√[39m Changes detected. Rebuilding...
[1mInitial chunk files[22m[2m | [22m[1mNames[22m           [2m | [22m [1mRaw size[22m
[32mmain.js[39m            [2m | [22m[2mmain[22m            [2m | [22m  [36m6.08 kB[39m[2m | [22m

[1mLazy chunk files[22m   [2m | [22m[1mNames[22m           [2m | [22m [1mRaw size[22m
[32mchunk-FI6HIKD2.js[39m  [2m | [22m[2mdashboard-routes[22m[2m | [22m  [36m1.25 MB[39m[2m | [22m
[32mchunk-4XLPKRWN.js[39m  [2m | [22m[2mindex-component[22m [2m | [22m[36m177.03 kB[39m[2m | [22m
[32mchunk-XDMEIENM.js[39m  [2m | [22m[2msettings-routes[22m [2m | [22m  [36m1.49 kB[39m[2m | [22m

Application bundle generation complete. [15.362 seconds]

Page reload sent to client(s).
[33m>[39m Changes detected. Rebuilding...
[32m√[39m Changes detected. Rebuilding...
[1mInitial chunk files[22m[2m | [22m[1mNames[22m           [2m | [22m [1mRaw size[22m
[32mmain.js[39m            [2m | [22m[2mmain[22m            [2m | [22m  [36m6.08 kB[39m[2m | [22m

[1mLazy chunk files[22m   [2m | [22m[1mNames[22m           [2m | [22m [1mRaw size[22m
[32mchunk-FAZT4O5K.js[39m  [2m | [22m[2mdashboard-routes[22m[2m | [22m  [36m1.25 MB[39m[2m | [22m
[32mchunk-QRN5CAJI.js[39m  [2m | [22m[2mindex-component[22m [2m | [22m[36m179.38 kB[39m[2m | [22m
[32mchunk-5KXLJOFY.js[39m  [2m | [22m[2msettings-routes[22m [2m | [22m  [36m1.49 kB[39m[2m | [22m

Application bundle generation complete. [10.322 seconds]

Component update sent to client(s).
[33m>[39m Changes detected. Rebuilding...
[32m√[39m Changes detected. Rebuilding...
[1mInitial chunk files[22m[2m | [22m[1mNames[22m               [2m | [22m [1mRaw size[22m
[32mmain.js[39m            [2m | [22m[2mmain[22m                [2m | [22m  [36m6.08 kB[39m[2m | [22m

[1mLazy chunk files[22m   [2m | [22m[1mNames[22m               [2m | [22m [1mRaw size[22m
[32mchunk-HG3ANQCR.js[39m  [2m | [22m[2mdashboard-routes[22m    [2m | [22m  [36m1.25 MB[39m[2m | [22m
[32mchunk-OPERSV4Z.js[39m  [2m | [22m[2mwithdrawal-component[22m[2m | [22m[36m129.05 kB[39m[2m | [22m
[32mchunk-Z5PKZYR5.js[39m  [2m | [22m[2mtransactions-routes[22m [2m | [22m[36m929 bytes[39m[2m | [22m

Application bundle generation complete. [9.571 seconds]

Component update sent to client(s).
[33m>[39m Changes detected. Rebuilding...
[32m√[39m Changes detected. Rebuilding...
[1mInitial chunk files[22m[2m | [22m[1mNames[22m               [2m | [22m [1mRaw size[22m
[32mmain.js[39m            [2m | [22m[2mmain[22m                [2m | [22m  [36m6.08 kB[39m[2m | [22m

[1mLazy chunk files[22m   [2m | [22m[1mNames[22m               [2m | [22m [1mRaw size[22m
[32mchunk-Y5L2YCCK.js[39m  [2m | [22m[2mdashboard-routes[22m    [2m | [22m  [36m1.25 MB[39m[2m | [22m
[32mchunk-B4FKV6AV.js[39m  [2m | [22m[2mwithdrawal-component[22m[2m | [22m[36m129.05 kB[39m[2m | [22m
[32mchunk-MAPVAJKV.js[39m  [2m | [22m[2mtransactions-routes[22m [2m | [22m[36m929 bytes[39m[2m | [22m

Application bundle generation complete. [5.981 seconds]

Component update sent to client(s).
[33m>[39m Changes detected. Rebuilding...
[32m√[39m Changes detected. Rebuilding...
[1mInitial chunk files[22m[2m | [22m[1mNames[22m                   [2m | [22m[1mRaw size[22m
[32mmain.js[39m            [2m | [22m[2mmain[22m                    [2m | [22m [36m6.08 kB[39m[2m | [22m

[1mLazy chunk files[22m   [2m | [22m[1mNames[22m                   [2m | [22m[1mRaw size[22m
[32mchunk-ISSCTMBN.js[39m  [2m | [22m[2mdashboard-routes[22m        [2m | [22m [36m1.25 MB[39m[2m | [22m
[32mchunk-YOOROMQZ.js[39m  [2m | [22m[2mads-preference-component[22m[2m | [22m[36m83.39 kB[39m[2m | [22m
[32mchunk-67MEVVAR.js[39m  [2m | [22m[2msettings-routes[22m         [2m | [22m [36m1.49 kB[39m[2m | [22m

Application bundle generation complete. [6.964 seconds]

Component update sent to client(s).
[33m>[39m Changes detected. Rebuilding...
[32m√[39m Changes detected. Rebuilding...
[1mInitial chunk files[22m[2m | [22m[1mNames[22m                   [2m | [22m[1mRaw size[22m
[32mmain.js[39m            [2m | [22m[2mmain[22m                    [2m | [22m [36m6.08 kB[39m[2m | [22m

[1mLazy chunk files[22m   [2m | [22m[1mNames[22m                   [2m | [22m[1mRaw size[22m
[32mchunk-ZFDLBYCA.js[39m  [2m | [22m[2mdashboard-routes[22m        [2m | [22m [36m1.25 MB[39m[2m | [22m
[32mchunk-3CSORVVM.js[39m  [2m | [22m[2mads-preference-component[22m[2m | [22m[36m83.44 kB[39m[2m | [22m
[32mchunk-WJ77A62U.js[39m  [2m | [22m[2msettings-routes[22m         [2m | [22m [36m1.49 kB[39m[2m | [22m

Application bundle generation complete. [8.179 seconds]

Component update sent to client(s).
[33m>[39m Changes detected. Rebuilding...
[32m√[39m Changes detected. Rebuilding...
[1mInitial chunk files[22m[2m | [22m[1mNames[22m                   [2m | [22m[1mRaw size[22m
[32mmain.js[39m            [2m | [22m[2mmain[22m                    [2m | [22m [36m6.08 kB[39m[2m | [22m

[1mLazy chunk files[22m   [2m | [22m[1mNames[22m                   [2m | [22m[1mRaw size[22m
[32mchunk-2ZMA4425.js[39m  [2m | [22m[2mdashboard-routes[22m        [2m | [22m [36m1.25 MB[39m[2m | [22m
[32mchunk-TF6TZHJN.js[39m  [2m | [22m[2mads-preference-component[22m[2m | [22m[36m83.47 kB[39m[2m | [22m
[32mchunk-7SGLZGJL.js[39m  [2m | [22m[2msettings-routes[22m         [2m | [22m [36m1.49 kB[39m[2m | [22m

Application bundle generation complete. [8.435 seconds]

Component update sent to client(s).
[33m>[39m Changes detected. Rebuilding...
[32m√[39m Changes detected. Rebuilding...
Application bundle generation failed. [13.324 seconds]

[33m>[39m Changes detected. Rebuilding...
[32m√[39m Changes detected. Rebuilding...
Application bundle generation failed. [4.580 seconds]

[33m>[39m Changes detected. Rebuilding...
[32m√[39m Changes detected. Rebuilding...
Application bundle generation failed. [4.065 seconds]

[33m>[39m Changes detected. Rebuilding...
[32m√[39m Changes detected. Rebuilding...
Application bundle generation failed. [4.879 seconds]

[33m>[39m Changes detected. Rebuilding...
[32m√[39m Changes detected. Rebuilding...
Application bundle generation failed. [4.745 seconds]

[33m>[39m Changes detected. Rebuilding...
[32m√[39m Changes detected. Rebuilding...
Application bundle generation failed. [2.639 seconds]

[33m>[39m Changes detected. Rebuilding...
[32m√[39m Changes detected. Rebuilding...
Application bundle generation failed. [2.942 seconds]

[33m>[39m Changes detected. Rebuilding...
[32m√[39m Changes detected. Rebuilding...
Application bundle generation failed. [3.392 seconds]

[33m>[39m Changes detected. Rebuilding...
[32m√[39m Changes detected. Rebuilding...
[1mInitial chunk files[22m[2m | [22m[1mNames[22m                             [2m | [22m [1mRaw size[22m
[32mstyles.css[39m         [2m | [22m[2mstyles[22m                            [2m | [22m [36m92.92 kB[39m[2m | [22m
[32mmain.js[39m            [2m | [22m[2mmain[22m                              [2m | [22m  [36m6.08 kB[39m[2m | [22m
[32mchunk-PH6ZXBVE.js[39m  [2m | [22m[2m-[22m                                 [2m | [22m  [36m3.88 kB[39m[2m | [22m
[32mchunk-CZJLB7T5.js[39m  [2m | [22m[2m-[22m                                 [2m | [22m  [36m1.08 kB[39m[2m | [22m

[1m [22m                  [2m | [22m[1mInitial total[22m                     [2m | [22m[1m103.97 kB[22m

[1mLazy chunk files[22m   [2m | [22m[1mNames[22m                             [2m | [22m [1mRaw size[22m
[32mchunk-4F7WL6QL.js[39m  [2m | [22m[2mdashboard-routes[22m                  [2m | [22m  [36m1.25 MB[39m[2m | [22m
[32mchunk-J7AKCDKC.js[39m  [2m | [22m[2mindex[22m                             [2m | [22m  [36m1.06 MB[39m[2m | [22m
[32mchunk-QNKH4QWO.js[39m  [2m | [22m[2mindex[22m                             [2m | [22m[36m905.92 kB[39m[2m | [22m
[32mchunk-UYRYVM3G.js[39m  [2m | [22m[2mindex[22m                             [2m | [22m[36m683.00 kB[39m[2m | [22m
[32mchunk-45BW35MM.js[39m  [2m | [22m[2mindex[22m                             [2m | [22m[36m572.53 kB[39m[2m | [22m
[32mchunk-IGBELI6K.js[39m  [2m | [22m[2mindex[22m                             [2m | [22m[36m422.75 kB[39m[2m | [22m
[32mchunk-JLWC4KQ5.js[39m  [2m | [22m[2mindex[22m                             [2m | [22m[36m392.31 kB[39m[2m | [22m
[32mchunk-OPR43T3L.js[39m  [2m | [22m[2mindex[22m                             [2m | [22m[36m351.98 kB[39m[2m | [22m
[32mchunk-ZQGY4ZLV.js[39m  [2m | [22m[2mindex[22m                             [2m | [22m[36m345.69 kB[39m[2m | [22m
[32mchunk-WCAKT3MZ.js[39m  [2m | [22m[2mpromoter-product-details-component[22m[2m | [22m[36m323.13 kB[39m[2m | [22m
[32mchunk-6IW3PZSI.js[39m  [2m | [22m[2mprofile-page-component[22m            [2m | [22m[36m320.00 kB[39m[2m | [22m
[32mchunk-RDNSX2LA.js[39m  [2m | [22m[2m-[22m                                 [2m | [22m[36m303.38 kB[39m[2m | [22m
[32mchunk-LD7UYNXK.js[39m  [2m | [22m[2mcreate-campaign-component[22m         [2m | [22m[36m285.68 kB[39m[2m | [22m
[32mchunk-PWXK7EIA.js[39m  [2m | [22m[2mindex[22m                             [2m | [22m[36m268.69 kB[39m[2m | [22m
[32mchunk-B27HNYIN.js[39m  [2m | [22m[2mindex[22m                             [2m | [22m[36m262.08 kB[39m[2m | [22m
[2m...and 129 more lazy chunks files. Use "--verbose" to show all the files.[22m

Application bundle generation complete. [2.909 seconds]

Page reload sent to client(s).
[33m>[39m Changes detected. Rebuilding...
[32m√[39m Changes detected. Rebuilding...
[1mInitial chunk files[22m[2m | [22m[1mNames[22m           [2m | [22m [1mRaw size[22m
[32mmain.js[39m            [2m | [22m[2mmain[22m            [2m | [22m  [36m6.08 kB[39m[2m | [22m

[1mLazy chunk files[22m   [2m | [22m[1mNames[22m           [2m | [22m [1mRaw size[22m
[32mchunk-GSMK47BJ.js[39m  [2m | [22m[2mdashboard-routes[22m[2m | [22m  [36m1.25 MB[39m[2m | [22m
[32mchunk-QMGB4DME.js[39m  [2m | [22m[2mindex[22m           [2m | [22m[36m250.62 kB[39m[2m | [22m
[32mchunk-FMBTFZTN.js[39m  [2m | [22m[2mtutorials-routes[22m[2m | [22m[36m634 bytes[39m[2m | [22m

Application bundle generation complete. [8.470 seconds]

Component update sent to client(s).
[33m>[39m Changes detected. Rebuilding...
[32m√[39m Changes detected. Rebuilding...
[1mInitial chunk files[22m[2m | [22m[1mNames[22m           [2m | [22m [1mRaw size[22m
[32mmain.js[39m            [2m | [22m[2mmain[22m            [2m | [22m  [36m6.08 kB[39m[2m | [22m

[1mLazy chunk files[22m   [2m | [22m[1mNames[22m           [2m | [22m [1mRaw size[22m
[32mchunk-OFOR4T35.js[39m  [2m | [22m[2mdashboard-routes[22m[2m | [22m  [36m1.25 MB[39m[2m | [22m
[32mchunk-AZV6MCED.js[39m  [2m | [22m[2mindex[22m           [2m | [22m[36m250.70 kB[39m[2m | [22m
[32mchunk-YGQRXL6P.js[39m  [2m | [22m[2mtutorials-routes[22m[2m | [22m[36m634 bytes[39m[2m | [22m

Application bundle generation complete. [5.474 seconds]

Component update sent to client(s).
[33m>[39m Changes detected. Rebuilding...
[32m√[39m Changes detected. Rebuilding...
[1mInitial chunk files[22m[2m | [22m[1mNames[22m              [2m | [22m [1mRaw size[22m
[32mmain.js[39m            [2m | [22m[2mmain[22m               [2m | [22m  [36m6.08 kB[39m[2m | [22m

[1mLazy chunk files[22m   [2m | [22m[1mNames[22m              [2m | [22m [1mRaw size[22m
[32mchunk-53KJHTLL.js[39m  [2m | [22m[2mdashboard-routes[22m   [2m | [22m  [36m1.25 MB[39m[2m | [22m
[32mchunk-IP4I7NFF.js[39m  [2m | [22m[2mindex[22m              [2m | [22m[36m139.17 kB[39m[2m | [22m
[32mchunk-7RV25JRA.js[39m  [2m | [22m[2mai-assistant-routes[22m[2m | [22m  [36m1.68 kB[39m[2m | [22m

Application bundle generation complete. [33.408 seconds]

Page reload sent to client(s).
[33m>[39m Changes detected. Rebuilding...
[32m√[39m Changes detected. Rebuilding...
[1mInitial chunk files[22m[2m | [22m[1mNames[22m           [2m | [22m [1mRaw size[22m
[32mmain.js[39m            [2m | [22m[2mmain[22m            [2m | [22m  [36m6.08 kB[39m[2m | [22m

[1mLazy chunk files[22m   [2m | [22m[1mNames[22m           [2m | [22m [1mRaw size[22m
[32mchunk-XEROEXEX.js[39m  [2m | [22m[2mdashboard-routes[22m[2m | [22m  [36m1.25 MB[39m[2m | [22m
[32mchunk-UR3YLG3E.js[39m  [2m | [22m[2mindex[22m           [2m | [22m[36m250.94 kB[39m[2m | [22m
[32mchunk-ZPHWY5HR.js[39m  [2m | [22m[2mtutorials-routes[22m[2m | [22m[36m634 bytes[39m[2m | [22m

Application bundle generation complete. [11.606 seconds]

Component update sent to client(s).
[33m>[39m Changes detected. Rebuilding...
[32m√[39m Changes detected. Rebuilding...

No output file changes.

Application bundle generation complete. [7.502 seconds]

Component update sent to client(s).
[33m>[39m Changes detected. Rebuilding...
[32m√[39m Changes detected. Rebuilding...
[1mInitial chunk files[22m[2m | [22m[1mNames[22m           [2m | [22m [1mRaw size[22m
[32mmain.js[39m            [2m | [22m[2mmain[22m            [2m | [22m  [36m6.08 kB[39m[2m | [22m

[1mLazy chunk files[22m   [2m | [22m[1mNames[22m           [2m | [22m [1mRaw size[22m
[32mchunk-RQWYHIKF.js[39m  [2m | [22m[2mdashboard-routes[22m[2m | [22m  [36m1.25 MB[39m[2m | [22m
[32mchunk-XCOBFL4K.js[39m  [2m | [22m[2mindex[22m           [2m | [22m[36m250.89 kB[39m[2m | [22m
[32mchunk-PS5GSTO4.js[39m  [2m | [22m[2mtutorials-routes[22m[2m | [22m[36m634 bytes[39m[2m | [22m

Application bundle generation complete. [3.353 seconds]

Component update sent to client(s).
[33m>[39m Changes detected. Rebuilding...
[32m√[39m Changes detected. Rebuilding...
[1mInitial chunk files[22m[2m | [22m[1mNames[22m           [2m | [22m [1mRaw size[22m
[32mmain.js[39m            [2m | [22m[2mmain[22m            [2m | [22m  [36m6.08 kB[39m[2m | [22m

[1mLazy chunk files[22m   [2m | [22m[1mNames[22m           [2m | [22m [1mRaw size[22m
[32mchunk-WPT3ZGBE.js[39m  [2m | [22m[2mdashboard-routes[22m[2m | [22m  [36m1.25 MB[39m[2m | [22m
[32mchunk-Q7MOH2WR.js[39m  [2m | [22m[2mindex-component[22m [2m | [22m[36m179.41 kB[39m[2m | [22m
[32mchunk-66QYSSDN.js[39m  [2m | [22m[2msettings-routes[22m [2m | [22m  [36m1.49 kB[39m[2m | [22m

Application bundle generation complete. [4.589 seconds]

Component update sent to client(s).
[33m>[39m Changes detected. Rebuilding...
[32m√[39m Changes detected. Rebuilding...
[1mInitial chunk files[22m[2m | [22m[1mNames[22m           [2m | [22m [1mRaw size[22m
[32mmain.js[39m            [2m | [22m[2mmain[22m            [2m | [22m  [36m6.08 kB[39m[2m | [22m

[1mLazy chunk files[22m   [2m | [22m[1mNames[22m           [2m | [22m [1mRaw size[22m
[32mchunk-JCSGOB4M.js[39m  [2m | [22m[2mdashboard-routes[22m[2m | [22m  [36m1.25 MB[39m[2m | [22m
[32mchunk-GHKBFAXI.js[39m  [2m | [22m[2mindex-component[22m [2m | [22m[36m179.83 kB[39m[2m | [22m
[32mchunk-TEKTO2IK.js[39m  [2m | [22m[2msettings-routes[22m [2m | [22m  [36m1.49 kB[39m[2m | [22m

Application bundle generation complete. [4.435 seconds]

Component update sent to client(s).
[33m>[39m Changes detected. Rebuilding...
[32m√[39m Changes detected. Rebuilding...

No output file changes.

Application bundle generation complete. [6.102 seconds]

Component update sent to client(s).
[33m>[39m Changes detected. Rebuilding...
[32m√[39m Changes detected. Rebuilding...
Application bundle generation failed. [3.361 seconds]

[33m>[39m Changes detected. Rebuilding...
[32m√[39m Changes detected. Rebuilding...
Application bundle generation failed. [2.163 seconds]

[33m>[39m Changes detected. Rebuilding...
[32m√[39m Changes detected. Rebuilding...
Application bundle generation failed. [2.214 seconds]

[33m>[39m Changes detected. Rebuilding...
[32m√[39m Changes detected. Rebuilding...
Application bundle generation failed. [2.434 seconds]

[33m>[39m Changes detected. Rebuilding...
[32m√[39m Changes detected. Rebuilding...
Application bundle generation failed. [3.035 seconds]

[33m>[39m Changes detected. Rebuilding...
[32m√[39m Changes detected. Rebuilding...
[1mInitial chunk files[22m[2m | [22m[1mNames[22m                             [2m | [22m [1mRaw size[22m
[32mstyles.css[39m         [2m | [22m[2mstyles[22m                            [2m | [22m [36m92.92 kB[39m[2m | [22m
[32mmain.js[39m            [2m | [22m[2mmain[22m                              [2m | [22m  [36m6.08 kB[39m[2m | [22m
[32mchunk-PH6ZXBVE.js[39m  [2m | [22m[2m-[22m                                 [2m | [22m  [36m3.88 kB[39m[2m | [22m
[32mchunk-CZJLB7T5.js[39m  [2m | [22m[2m-[22m                                 [2m | [22m  [36m1.08 kB[39m[2m | [22m

[1m [22m                  [2m | [22m[1mInitial total[22m                     [2m | [22m[1m103.97 kB[22m

[1mLazy chunk files[22m   [2m | [22m[1mNames[22m                             [2m | [22m [1mRaw size[22m
[32mchunk-ZIC22JDT.js[39m  [2m | [22m[2mdashboard-routes[22m                  [2m | [22m  [36m1.25 MB[39m[2m | [22m
[32mchunk-J7AKCDKC.js[39m  [2m | [22m[2mindex[22m                             [2m | [22m  [36m1.06 MB[39m[2m | [22m
[32mchunk-QNKH4QWO.js[39m  [2m | [22m[2mindex[22m                             [2m | [22m[36m905.92 kB[39m[2m | [22m
[32mchunk-UYRYVM3G.js[39m  [2m | [22m[2mindex[22m                             [2m | [22m[36m683.00 kB[39m[2m | [22m
[32mchunk-45BW35MM.js[39m  [2m | [22m[2mindex[22m                             [2m | [22m[36m572.53 kB[39m[2m | [22m
[32mchunk-IGBELI6K.js[39m  [2m | [22m[2mindex[22m                             [2m | [22m[36m422.75 kB[39m[2m | [22m
[32mchunk-JLWC4KQ5.js[39m  [2m | [22m[2mindex[22m                             [2m | [22m[36m392.31 kB[39m[2m | [22m
[32mchunk-OPR43T3L.js[39m  [2m | [22m[2mindex[22m                             [2m | [22m[36m351.98 kB[39m[2m | [22m
[32mchunk-EE6ZQGU4.js[39m  [2m | [22m[2mindex[22m                             [2m | [22m[36m348.48 kB[39m[2m | [22m
[32mchunk-WCAKT3MZ.js[39m  [2m | [22m[2mpromoter-product-details-component[22m[2m | [22m[36m323.13 kB[39m[2m | [22m
[32mchunk-6IW3PZSI.js[39m  [2m | [22m[2mprofile-page-component[22m            [2m | [22m[36m320.00 kB[39m[2m | [22m
[32mchunk-RDNSX2LA.js[39m  [2m | [22m[2m-[22m                                 [2m | [22m[36m303.38 kB[39m[2m | [22m
[32mchunk-LD7UYNXK.js[39m  [2m | [22m[2mcreate-campaign-component[22m         [2m | [22m[36m285.68 kB[39m[2m | [22m
[32mchunk-PWXK7EIA.js[39m  [2m | [22m[2mindex[22m                             [2m | [22m[36m268.69 kB[39m[2m | [22m
[32mchunk-B27HNYIN.js[39m  [2m | [22m[2mindex[22m                             [2m | [22m[36m262.08 kB[39m[2m | [22m
[2m...and 129 more lazy chunks files. Use "--verbose" to show all the files.[22m

Application bundle generation complete. [4.459 seconds]

Page reload sent to client(s).
[33m>[39m Changes detected. Rebuilding...
[32m√[39m Changes detected. Rebuilding...
[1mInitial chunk files[22m[2m | [22m[1mNames[22m           [2m | [22m[1mRaw size[22m
[32mmain.js[39m            [2m | [22m[2mmain[22m            [2m | [22m [36m6.08 kB[39m[2m | [22m

[1mLazy chunk files[22m   [2m | [22m[1mNames[22m           [2m | [22m[1mRaw size[22m
[32mchunk-KFMNX6VE.js[39m  [2m | [22m[2mdashboard-routes[22m[2m | [22m [36m1.25 MB[39m[2m | [22m
[32mchunk-6DLCRFTC.js[39m  [2m | [22m[2mindex[22m           [2m | [22m [36m1.06 MB[39m[2m | [22m
[32mchunk-6F4HJUZK.js[39m  [2m | [22m[2mstore-routes[22m    [2m | [22m [36m3.23 kB[39m[2m | [22m

Application bundle generation complete. [16.471 seconds]

Component update sent to client(s).
[33m>[39m Changes detected. Rebuilding...
[32m√[39m Changes detected. Rebuilding...

No output file changes.

Application bundle generation complete. [14.079 seconds]

Component update sent to client(s).
[33m>[39m Changes detected. Rebuilding...
[32m√[39m Changes detected. Rebuilding...
[1mInitial chunk files[22m[2m | [22m[1mNames[22m              [2m | [22m [1mRaw size[22m
[32mmain.js[39m            [2m | [22m[2mmain[22m               [2m | [22m  [36m6.08 kB[39m[2m | [22m

[1mLazy chunk files[22m   [2m | [22m[1mNames[22m              [2m | [22m [1mRaw size[22m
[32mchunk-B4KMFCHY.js[39m  [2m | [22m[2mdashboard-routes[22m   [2m | [22m  [36m1.25 MB[39m[2m | [22m
[32mchunk-N5P73OMY.js[39m  [2m | [22m[2mindex[22m              [2m | [22m[36m126.06 kB[39m[2m | [22m
[32mchunk-3TH463EX.js[39m  [2m | [22m[2mai-assistant-routes[22m[2m | [22m  [36m1.69 kB[39m[2m | [22m

Application bundle generation complete. [26.934 seconds]

Page reload sent to client(s).
[33m>[39m Changes detected. Rebuilding...
[32m√[39m Changes detected. Rebuilding...
[1mInitial chunk files[22m[2m | [22m[1mNames[22m              [2m | [22m [1mRaw size[22m
[32mmain.js[39m            [2m | [22m[2mmain[22m               [2m | [22m  [36m6.08 kB[39m[2m | [22m

[1mLazy chunk files[22m   [2m | [22m[1mNames[22m              [2m | [22m [1mRaw size[22m
[32mchunk-AQMNQOT5.js[39m  [2m | [22m[2mdashboard-routes[22m   [2m | [22m  [36m1.25 MB[39m[2m | [22m
[32mchunk-ZCUCELSO.js[39m  [2m | [22m[2mindex[22m              [2m | [22m[36m166.10 kB[39m[2m | [22m
[32mchunk-AIF627UU.js[39m  [2m | [22m[2mai-assistant-routes[22m[2m | [22m  [36m1.69 kB[39m[2m | [22m

Application bundle generation complete. [20.587 seconds]

Page reload sent to client(s).
[33m>[39m Changes detected. Rebuilding...
[32m√[39m Changes detected. Rebuilding...
[1mInitial chunk files[22m[2m | [22m[1mNames[22m              [2m | [22m [1mRaw size[22m
[32mmain.js[39m            [2m | [22m[2mmain[22m               [2m | [22m  [36m6.08 kB[39m[2m | [22m

[1mLazy chunk files[22m   [2m | [22m[1mNames[22m              [2m | [22m [1mRaw size[22m
[32mchunk-3FRC3IYC.js[39m  [2m | [22m[2mdashboard-routes[22m   [2m | [22m  [36m1.25 MB[39m[2m | [22m
[32mchunk-IARGSVO4.js[39m  [2m | [22m[2mindex[22m              [2m | [22m[36m153.98 kB[39m[2m | [22m
[32mchunk-KYI43OTI.js[39m  [2m | [22m[2mai-assistant-routes[22m[2m | [22m  [36m1.70 kB[39m[2m | [22m

Application bundle generation complete. [25.617 seconds]

Page reload sent to client(s).
[33m>[39m Changes detected. Rebuilding...
[32m√[39m Changes detected. Rebuilding...
Application bundle generation failed. [15.267 seconds]

[33m>[39m Changes detected. Rebuilding...
[32m√[39m Changes detected. Rebuilding...
[1mInitial chunk files[22m[2m | [22m[1mNames[22m                             [2m | [22m [1mRaw size[22m
[32mstyles.css[39m         [2m | [22m[2mstyles[22m                            [2m | [22m [36m92.92 kB[39m[2m | [22m
[32mmain.js[39m            [2m | [22m[2mmain[22m                              [2m | [22m  [36m6.08 kB[39m[2m | [22m
[32mchunk-PH6ZXBVE.js[39m  [2m | [22m[2m-[22m                                 [2m | [22m  [36m3.88 kB[39m[2m | [22m
[32mchunk-CZJLB7T5.js[39m  [2m | [22m[2m-[22m                                 [2m | [22m  [36m1.08 kB[39m[2m | [22m

[1m [22m                  [2m | [22m[1mInitial total[22m                     [2m | [22m[1m103.97 kB[22m

[1mLazy chunk files[22m   [2m | [22m[1mNames[22m                             [2m | [22m [1mRaw size[22m
[32mchunk-SY5IKGWC.js[39m  [2m | [22m[2mdashboard-routes[22m                  [2m | [22m  [36m1.25 MB[39m[2m | [22m
[32mchunk-6DLCRFTC.js[39m  [2m | [22m[2mindex[22m                             [2m | [22m  [36m1.06 MB[39m[2m | [22m
[32mchunk-QNKH4QWO.js[39m  [2m | [22m[2mindex[22m                             [2m | [22m[36m905.92 kB[39m[2m | [22m
[32mchunk-UYRYVM3G.js[39m  [2m | [22m[2mindex[22m                             [2m | [22m[36m683.00 kB[39m[2m | [22m
[32mchunk-45BW35MM.js[39m  [2m | [22m[2mindex[22m                             [2m | [22m[36m572.53 kB[39m[2m | [22m
[32mchunk-IGBELI6K.js[39m  [2m | [22m[2mindex[22m                             [2m | [22m[36m422.75 kB[39m[2m | [22m
[32mchunk-JLWC4KQ5.js[39m  [2m | [22m[2mindex[22m                             [2m | [22m[36m392.31 kB[39m[2m | [22m
[32mchunk-OPR43T3L.js[39m  [2m | [22m[2mindex[22m                             [2m | [22m[36m351.98 kB[39m[2m | [22m
[32mchunk-EE6ZQGU4.js[39m  [2m | [22m[2mindex[22m                             [2m | [22m[36m348.48 kB[39m[2m | [22m
[32mchunk-WCAKT3MZ.js[39m  [2m | [22m[2mpromoter-product-details-component[22m[2m | [22m[36m323.13 kB[39m[2m | [22m
[32mchunk-6IW3PZSI.js[39m  [2m | [22m[2mprofile-page-component[22m            [2m | [22m[36m320.00 kB[39m[2m | [22m
[32mchunk-RDNSX2LA.js[39m  [2m | [22m[2m-[22m                                 [2m | [22m[36m303.38 kB[39m[2m | [22m
[32mchunk-LD7UYNXK.js[39m  [2m | [22m[2mcreate-campaign-component[22m         [2m | [22m[36m285.68 kB[39m[2m | [22m
[32mchunk-PWXK7EIA.js[39m  [2m | [22m[2mindex[22m                             [2m | [22m[36m268.69 kB[39m[2m | [22m
[32mchunk-B27HNYIN.js[39m  [2m | [22m[2mindex[22m                             [2m | [22m[36m262.08 kB[39m[2m | [22m
[2m...and 129 more lazy chunks files. Use "--verbose" to show all the files.[22m

Application bundle generation complete. [7.240 seconds]

Page reload sent to client(s).
[33m>[39m Changes detected. Rebuilding...
[32m√[39m Changes detected. Rebuilding...
[1mInitial chunk files[22m[2m | [22m[1mNames[22m              [2m | [22m [1mRaw size[22m
[32mmain.js[39m            [2m | [22m[2mmain[22m               [2m | [22m  [36m6.08 kB[39m[2m | [22m

[1mLazy chunk files[22m   [2m | [22m[1mNames[22m              [2m | [22m [1mRaw size[22m
[32mchunk-W77JRLE4.js[39m  [2m | [22m[2mdashboard-routes[22m   [2m | [22m  [36m1.25 MB[39m[2m | [22m
[32mchunk-24RUZG3I.js[39m  [2m | [22m[2msettings-component[22m [2m | [22m[36m108.39 kB[39m[2m | [22m
[32mchunk-QYVUZ6PL.js[39m  [2m | [22m[2mai-assistant-routes[22m[2m | [22m  [36m1.70 kB[39m[2m | [22m

Application bundle generation complete. [6.514 seconds]

Page reload sent to client(s).
[33m>[39m Changes detected. Rebuilding...
[32m√[39m Changes detected. Rebuilding...
[1mInitial chunk files[22m[2m | [22m[1mNames[22m              [2m | [22m [1mRaw size[22m
[32mmain.js[39m            [2m | [22m[2mmain[22m               [2m | [22m  [36m6.08 kB[39m[2m | [22m

[1mLazy chunk files[22m   [2m | [22m[1mNames[22m              [2m | [22m [1mRaw size[22m
[32mchunk-6JS4DAXR.js[39m  [2m | [22m[2mdashboard-routes[22m   [2m | [22m  [36m1.25 MB[39m[2m | [22m
[32mchunk-PQRD5EMN.js[39m  [2m | [22m[2mindex[22m              [2m | [22m[36m197.75 kB[39m[2m | [22m
[32mchunk-F2NF22CP.js[39m  [2m | [22m[2mai-assistant-routes[22m[2m | [22m  [36m1.72 kB[39m[2m | [22m

Application bundle generation complete. [13.781 seconds]

Page reload sent to client(s).
[33m>[39m Changes detected. Rebuilding...
[32m√[39m Changes detected. Rebuilding...
[1mInitial chunk files[22m[2m | [22m[1mNames[22m              [2m | [22m [1mRaw size[22m
[32mmain.js[39m            [2m | [22m[2mmain[22m               [2m | [22m  [36m6.08 kB[39m[2m | [22m

[1mLazy chunk files[22m   [2m | [22m[1mNames[22m              [2m | [22m [1mRaw size[22m
[32mchunk-CVG4BXMX.js[39m  [2m | [22m[2mdashboard-routes[22m   [2m | [22m  [36m1.25 MB[39m[2m | [22m
[32mchunk-X4ED6XGD.js[39m  [2m | [22m[2mindex[22m              [2m | [22m[36m197.75 kB[39m[2m | [22m
[32mchunk-PIVMPTOH.js[39m  [2m | [22m[2mai-assistant-routes[22m[2m | [22m  [36m1.72 kB[39m[2m | [22m

Application bundle generation complete. [8.672 seconds]

Page reload sent to client(s).
[33m>[39m Changes detected. Rebuilding...
[32m√[39m Changes detected. Rebuilding...
[1mInitial chunk files[22m[2m | [22m[1mNames[22m           [2m | [22m [1mRaw size[22m
[32mmain.js[39m            [2m | [22m[2mmain[22m            [2m | [22m  [36m6.08 kB[39m[2m | [22m

[1mLazy chunk files[22m   [2m | [22m[1mNames[22m           [2m | [22m [1mRaw size[22m
[32mchunk-NYM56XRE.js[39m  [2m | [22m[2mdashboard-routes[22m[2m | [22m  [36m1.25 MB[39m[2m | [22m
[32mchunk-V36LJLXH.js[39m  [2m | [22m[2mindex[22m           [2m | [22m[36m142.81 kB[39m[2m | [22m

Application bundle generation complete. [17.764 seconds]

Page reload sent to client(s).
[33m>[39m Changes detected. Rebuilding...
[32m√[39m Changes detected. Rebuilding...
[1mInitial chunk files[22m[2m | [22m[1mNames[22m           [2m | [22m [1mRaw size[22m
[32mmain.js[39m            [2m | [22m[2mmain[22m            [2m | [22m  [36m6.08 kB[39m[2m | [22m

[1mLazy chunk files[22m   [2m | [22m[1mNames[22m           [2m | [22m [1mRaw size[22m
[32mchunk-O7JU2ODN.js[39m  [2m | [22m[2mdashboard-routes[22m[2m | [22m  [36m1.25 MB[39m[2m | [22m
[32mchunk-QEHH5Z6Q.js[39m  [2m | [22m[2mindex[22m           [2m | [22m[36m131.14 kB[39m[2m | [22m

Application bundle generation complete. [9.046 seconds]

Page reload sent to client(s).
[33m>[39m Changes detected. Rebuilding...
[32m√[39m Changes detected. Rebuilding...
[1mInitial chunk files[22m[2m | [22m[1mNames[22m           [2m | [22m [1mRaw size[22m
[32mmain.js[39m            [2m | [22m[2mmain[22m            [2m | [22m  [36m6.08 kB[39m[2m | [22m

[1mLazy chunk files[22m   [2m | [22m[1mNames[22m           [2m | [22m [1mRaw size[22m
[32mchunk-2CAPGOVF.js[39m  [2m | [22m[2mdashboard-routes[22m[2m | [22m  [36m1.25 MB[39m[2m | [22m
[32mchunk-YOY5PM7D.js[39m  [2m | [22m[2mindex[22m           [2m | [22m[36m152.75 kB[39m[2m | [22m

Application bundle generation complete. [13.213 seconds]

Page reload sent to client(s).
[33m>[39m Changes detected. Rebuilding...
[32m√[39m Changes detected. Rebuilding...
[1mInitial chunk files[22m[2m | [22m[1mNames[22m           [2m | [22m [1mRaw size[22m
[32mmain.js[39m            [2m | [22m[2mmain[22m            [2m | [22m  [36m6.08 kB[39m[2m | [22m

[1mLazy chunk files[22m   [2m | [22m[1mNames[22m           [2m | [22m [1mRaw size[22m
[32mchunk-MIKBHTG2.js[39m  [2m | [22m[2mdashboard-routes[22m[2m | [22m  [36m1.25 MB[39m[2m | [22m
[32mchunk-X6UPWRYN.js[39m  [2m | [22m[2mindex[22m           [2m | [22m[36m152.79 kB[39m[2m | [22m

Application bundle generation complete. [6.513 seconds]

Component update sent to client(s).
[33m>[39m Changes detected. Rebuilding...
[32m√[39m Changes detected. Rebuilding...
[1mInitial chunk files[22m[2m | [22m[1mNames[22m           [2m | [22m[1mRaw size[22m
[32mmain.js[39m            [2m | [22m[2mmain[22m            [2m | [22m [36m6.08 kB[39m[2m | [22m

[1mLazy chunk files[22m   [2m | [22m[1mNames[22m           [2m | [22m[1mRaw size[22m
[32mchunk-SB65L7ME.js[39m  [2m | [22m[2mdashboard-routes[22m[2m | [22m [36m1.32 MB[39m[2m | [22m

Application bundle generation complete. [10.736 seconds]

Page reload sent to client(s).
[33m>[39m Changes detected. Rebuilding...
[32m√[39m Changes detected. Rebuilding...
[1mInitial chunk files[22m[2m | [22m[1mNames[22m           [2m | [22m[1mRaw size[22m
[32mmain.js[39m            [2m | [22m[2mmain[22m            [2m | [22m [36m6.08 kB[39m[2m | [22m

[1mLazy chunk files[22m   [2m | [22m[1mNames[22m           [2m | [22m[1mRaw size[22m
[32mchunk-OOGQTU3I.js[39m  [2m | [22m[2mdashboard-routes[22m[2m | [22m [36m1.38 MB[39m[2m | [22m

Application bundle generation complete. [15.449 seconds]

Page reload sent to client(s).
[33m>[39m Changes detected. Rebuilding...
[32m√[39m Changes detected. Rebuilding...
[1mInitial chunk files[22m[2m | [22m[1mNames[22m              [2m | [22m [1mRaw size[22m
[32mmain.js[39m            [2m | [22m[2mmain[22m               [2m | [22m  [36m6.08 kB[39m[2m | [22m

[1mLazy chunk files[22m   [2m | [22m[1mNames[22m              [2m | [22m [1mRaw size[22m
[32mchunk-7D7FFUJF.js[39m  [2m | [22m[2mdashboard-routes[22m   [2m | [22m  [36m1.38 MB[39m[2m | [22m
[32mchunk-W4NWARPN.js[39m  [2m | [22m[2mindex[22m              [2m | [22m[36m190.19 kB[39m[2m | [22m
[32mchunk-JM7V5DD6.js[39m  [2m | [22m[2mtransactions-routes[22m[2m | [22m[36m934 bytes[39m[2m | [22m

Application bundle generation complete. [11.935 seconds]

Page reload sent to client(s).
[33m>[39m Changes detected. Rebuilding...
[32m√[39m Changes detected. Rebuilding...
[1mInitial chunk files[22m[2m | [22m[1mNames[22m              [2m | [22m [1mRaw size[22m
[32mmain.js[39m            [2m | [22m[2mmain[22m               [2m | [22m  [36m6.08 kB[39m[2m | [22m

[1mLazy chunk files[22m   [2m | [22m[1mNames[22m              [2m | [22m [1mRaw size[22m
[32mchunk-UFMNWE36.js[39m  [2m | [22m[2mdashboard-routes[22m   [2m | [22m  [36m1.38 MB[39m[2m | [22m
[32mchunk-7IJU24TN.js[39m  [2m | [22m[2mindex[22m              [2m | [22m[36m235.18 kB[39m[2m | [22m
[32mchunk-NOAZ2QNW.js[39m  [2m | [22m[2mtransactions-routes[22m[2m | [22m[36m939 bytes[39m[2m | [22m

Application bundle generation complete. [18.784 seconds]

Page reload sent to client(s).
[33m>[39m Changes detected. Rebuilding...
[32m√[39m Changes detected. Rebuilding...
[1mInitial chunk files[22m[2m | [22m[1mNames[22m              [2m | [22m [1mRaw size[22m
[32mmain.js[39m            [2m | [22m[2mmain[22m               [2m | [22m  [36m6.08 kB[39m[2m | [22m

[1mLazy chunk files[22m   [2m | [22m[1mNames[22m              [2m | [22m [1mRaw size[22m
[32mchunk-GEZ4ODLR.js[39m  [2m | [22m[2mdashboard-routes[22m   [2m | [22m  [36m1.38 MB[39m[2m | [22m
[32mchunk-6Y3J376V.js[39m  [2m | [22m[2mindex[22m              [2m | [22m[36m235.05 kB[39m[2m | [22m
[32mchunk-G3QMBOIT.js[39m  [2m | [22m[2mtransactions-routes[22m[2m | [22m[36m939 bytes[39m[2m | [22m

Application bundle generation complete. [9.599 seconds]

Component update sent to client(s).
[33m>[39m Changes detected. Rebuilding...
[32m√[39m Changes detected. Rebuilding...
[1mInitial chunk files[22m[2m | [22m[1mNames[22m                    [2m | [22m [1mRaw size[22m
[32mmain.js[39m            [2m | [22m[2mmain[22m                     [2m | [22m  [36m6.08 kB[39m[2m | [22m

[1mLazy chunk files[22m   [2m | [22m[1mNames[22m                    [2m | [22m [1mRaw size[22m
[32mchunk-GAY6VUDH.js[39m  [2m | [22m[2mdashboard-routes[22m         [2m | [22m  [36m1.46 MB[39m[2m | [22m
[32mchunk-UUJ22SKV.js[39m  [2m | [22m[2mcreate-campaign-component[22m[2m | [22m[36m285.68 kB[39m[2m | [22m
[32mchunk-H4V42AO4.js[39m  [2m | [22m[2m-[22m                        [2m | [22m[36m230.86 kB[39m[2m | [22m
[32mchunk-BTFUUN53.js[39m  [2m | [22m[2mcampaign-routes[22m          [2m | [22m  [36m2.51 kB[39m[2m | [22m

Application bundle generation complete. [14.173 seconds]

Page reload sent to client(s).
[33m>[39m Changes detected. Rebuilding...
[32m√[39m Changes detected. Rebuilding...
[1mInitial chunk files[22m[2m | [22m[1mNames[22m                    [2m | [22m [1mRaw size[22m
[32mmain.js[39m            [2m | [22m[2mmain[22m                     [2m | [22m  [36m6.08 kB[39m[2m | [22m

[1mLazy chunk files[22m   [2m | [22m[1mNames[22m                    [2m | [22m [1mRaw size[22m
[32mchunk-IF5IFL2M.js[39m  [2m | [22m[2mdashboard-routes[22m         [2m | [22m  [36m1.38 MB[39m[2m | [22m
[32mchunk-QQO4RMKK.js[39m  [2m | [22m[2m-[22m                        [2m | [22m[36m317.27 kB[39m[2m | [22m
[32mchunk-DLWKEVTT.js[39m  [2m | [22m[2mcreate-campaign-component[22m[2m | [22m[36m285.69 kB[39m[2m | [22m
[32mchunk-ZUP2QQWD.js[39m  [2m | [22m[2mcampaign-routes[22m          [2m | [22m  [36m2.51 kB[39m[2m | [22m

Application bundle generation complete. [12.221 seconds]

Page reload sent to client(s).
[33m>[39m Changes detected. Rebuilding...
[32m√[39m Changes detected. Rebuilding...
[1mInitial chunk files[22m[2m | [22m[1mNames[22m                    [2m | [22m [1mRaw size[22m
[32mmain.js[39m            [2m | [22m[2mmain[22m                     [2m | [22m  [36m6.08 kB[39m[2m | [22m

[1mLazy chunk files[22m   [2m | [22m[1mNames[22m                    [2m | [22m [1mRaw size[22m
[32mchunk-KSNACPX5.js[39m  [2m | [22m[2mdashboard-routes[22m         [2m | [22m  [36m1.38 MB[39m[2m | [22m
[32mchunk-BHS6EXH7.js[39m  [2m | [22m[2m-[22m                        [2m | [22m[36m317.27 kB[39m[2m | [22m
[32mchunk-PT5EVIPL.js[39m  [2m | [22m[2mcreate-campaign-component[22m[2m | [22m[36m285.69 kB[39m[2m | [22m
[32mchunk-BIC4WPPR.js[39m  [2m | [22m[2mcampaign-routes[22m          [2m | [22m  [36m2.51 kB[39m[2m | [22m

Application bundle generation complete. [8.167 seconds]

Page reload sent to client(s).
[33m>[39m Changes detected. Rebuilding...
[32m√[39m Changes detected. Rebuilding...
[1mInitial chunk files[22m[2m | [22m[1mNames[22m           [2m | [22m[1mRaw size[22m
[32mmain.js[39m            [2m | [22m[2mmain[22m            [2m | [22m [36m6.08 kB[39m[2m | [22m

[1mLazy chunk files[22m   [2m | [22m[1mNames[22m           [2m | [22m[1mRaw size[22m
[32mchunk-FCGN76QU.js[39m  [2m | [22m[2mdashboard-routes[22m[2m | [22m [36m1.38 MB[39m[2m | [22m

Application bundle generation complete. [7.948 seconds]

Page reload sent to client(s).
[33m>[39m Changes detected. Rebuilding...
[32m√[39m Changes detected. Rebuilding...
[1mInitial chunk files[22m[2m | [22m[1mNames[22m                    [2m | [22m [1mRaw size[22m
[32mmain.js[39m            [2m | [22m[2mmain[22m                     [2m | [22m  [36m6.08 kB[39m[2m | [22m

[1mLazy chunk files[22m   [2m | [22m[1mNames[22m                    [2m | [22m [1mRaw size[22m
[32mchunk-TIFTX3SB.js[39m  [2m | [22m[2mdashboard-routes[22m         [2m | [22m  [36m1.38 MB[39m[2m | [22m
[32mchunk-VMO2T7EN.js[39m  [2m | [22m[2mcreate-campaign-component[22m[2m | [22m[36m286.00 kB[39m[2m | [22m
[32mchunk-SSEIFP7Y.js[39m  [2m | [22m[2mcampaign-routes[22m          [2m | [22m  [36m2.51 kB[39m[2m | [22m

Application bundle generation complete. [11.995 seconds]

Page reload sent to client(s).
[33m>[39m Changes detected. Rebuilding...
[32m√[39m Changes detected. Rebuilding...
[1mInitial chunk files[22m[2m | [22m[1mNames[22m                [2m | [22m [1mRaw size[22m
[32mmain.js[39m            [2m | [22m[2mmain[22m                 [2m | [22m  [36m6.08 kB[39m[2m | [22m

[1mLazy chunk files[22m   [2m | [22m[1mNames[22m                [2m | [22m [1mRaw size[22m
[32mchunk-VNEBFB5Y.js[39m  [2m | [22m[2mhelp-center-component[22m[2m | [22m[36m108.06 kB[39m[2m | [22m
[32mchunk-TZE7QRIG.js[39m  [2m | [22m[2mresources-routes[22m     [2m | [22m [36m76.13 kB[39m[2m | [22m

Application bundle generation complete. [7.646 seconds]

Page reload sent to client(s).
[33m>[39m Changes detected. Rebuilding...
[32m√[39m Changes detected. Rebuilding...
[1mInitial chunk files[22m[2m | [22m[1mNames[22m           [2m | [22m [1mRaw size[22m
[32mmain.js[39m            [2m | [22m[2mmain[22m            [2m | [22m  [36m6.08 kB[39m[2m | [22m

[1mLazy chunk files[22m   [2m | [22m[1mNames[22m           [2m | [22m [1mRaw size[22m
[32mchunk-RQZUJJJG.js[39m  [2m | [22m[2mindex[22m           [2m | [22m[36m195.19 kB[39m[2m | [22m
[32mchunk-Y3P7XT5P.js[39m  [2m | [22m[2mresources-routes[22m[2m | [22m [36m76.13 kB[39m[2m | [22m

Application bundle generation complete. [14.002 seconds]

Page reload sent to client(s).
[33m>[39m Changes detected. Rebuilding...
[32m√[39m Changes detected. Rebuilding...
[1mInitial chunk files[22m[2m | [22m[1mNames[22m           [2m | [22m [1mRaw size[22m
[32mmain.js[39m            [2m | [22m[2mmain[22m            [2m | [22m  [36m6.08 kB[39m[2m | [22m

[1mLazy chunk files[22m   [2m | [22m[1mNames[22m           [2m | [22m [1mRaw size[22m
[32mchunk-XDMKLDYX.js[39m  [2m | [22m[2mfaq-component[22m   [2m | [22m[36m106.63 kB[39m[2m | [22m
[32mchunk-KY6OY5C4.js[39m  [2m | [22m[2mresources-routes[22m[2m | [22m [36m76.13 kB[39m[2m | [22m

Application bundle generation complete. [8.048 seconds]

Page reload sent to client(s).
[33m>[39m Changes detected. Rebuilding...
[32m√[39m Changes detected. Rebuilding...
[1mInitial chunk files[22m[2m | [22m[1mNames[22m           [2m | [22m [1mRaw size[22m
[32mmain.js[39m            [2m | [22m[2mmain[22m            [2m | [22m  [36m6.08 kB[39m[2m | [22m

[1mLazy chunk files[22m   [2m | [22m[1mNames[22m           [2m | [22m [1mRaw size[22m
[32mchunk-ZQ6NHXNI.js[39m  [2m | [22m[2mindex[22m           [2m | [22m[36m188.45 kB[39m[2m | [22m
[32mchunk-6T2KJXNT.js[39m  [2m | [22m[2mresources-routes[22m[2m | [22m [36m76.14 kB[39m[2m | [22m

Application bundle generation complete. [19.960 seconds]

Page reload sent to client(s).
[33m>[39m Changes detected. Rebuilding...
[32m√[39m Changes detected. Rebuilding...
[1mInitial chunk files[22m[2m | [22m[1mNames[22m            [2m | [22m[1mRaw size[22m
[32mmain.js[39m            [2m | [22m[2mmain[22m             [2m | [22m [36m6.08 kB[39m[2m | [22m

[1mLazy chunk files[22m   [2m | [22m[1mNames[22m            [2m | [22m[1mRaw size[22m
[32mchunk-ZCNY65KQ.js[39m  [2m | [22m[2mcontact-component[22m[2m | [22m[36m89.81 kB[39m[2m | [22m
[32mchunk-UFWB2XON.js[39m  [2m | [22m[2mresources-routes[22m [2m | [22m[36m76.14 kB[39m[2m | [22m

Application bundle generation complete. [8.291 seconds]

Page reload sent to client(s).
[33m>[39m Changes detected. Rebuilding...
[32m√[39m Changes detected. Rebuilding...
[1mInitial chunk files[22m[2m | [22m[1mNames[22m           [2m | [22m [1mRaw size[22m
[32mmain.js[39m            [2m | [22m[2mmain[22m            [2m | [22m  [36m6.08 kB[39m[2m | [22m

[1mLazy chunk files[22m   [2m | [22m[1mNames[22m           [2m | [22m [1mRaw size[22m
[32mchunk-QSPL6HNV.js[39m  [2m | [22m[2mindex[22m           [2m | [22m[36m179.38 kB[39m[2m | [22m
[32mchunk-7FAVYQZK.js[39m  [2m | [22m[2mresources-routes[22m[2m | [22m [36m76.14 kB[39m[2m | [22m

Application bundle generation complete. [12.167 seconds]

Page reload sent to client(s).
[33m>[39m Changes detected. Rebuilding...
[32m√[39m Changes detected. Rebuilding...
[1mInitial chunk files[22m[2m | [22m[1mNames[22m           [2m | [22m [1mRaw size[22m
[32mmain.js[39m            [2m | [22m[2mmain[22m            [2m | [22m  [36m6.08 kB[39m[2m | [22m

[1mLazy chunk files[22m   [2m | [22m[1mNames[22m           [2m | [22m [1mRaw size[22m
[32mchunk-SOSW6T26.js[39m  [2m | [22m[2mindex[22m           [2m | [22m[36m199.99 kB[39m[2m | [22m
[32mchunk-WVQ7K57O.js[39m  [2m | [22m[2mresources-routes[22m[2m | [22m [36m76.14 kB[39m[2m | [22m

Application bundle generation complete. [15.926 seconds]

Page reload sent to client(s).
[33m>[39m Changes detected. Rebuilding...
[32m√[39m Changes detected. Rebuilding...
[1mInitial chunk files[22m[2m | [22m[1mNames[22m           [2m | [22m [1mRaw size[22m
[32mmain.js[39m            [2m | [22m[2mmain[22m            [2m | [22m  [36m6.08 kB[39m[2m | [22m

[1mLazy chunk files[22m   [2m | [22m[1mNames[22m           [2m | [22m [1mRaw size[22m
[32mchunk-4ZIF3BND.js[39m  [2m | [22m[2mindex[22m           [2m | [22m[36m111.01 kB[39m[2m | [22m
[32mchunk-MIR3O7GI.js[39m  [2m | [22m[2mresources-routes[22m[2m | [22m [36m76.14 kB[39m[2m | [22m

Application bundle generation complete. [14.594 seconds]

Page reload sent to client(s).
[33m>[39m Changes detected. Rebuilding...
[32m√[39m Changes detected. Rebuilding...
Application bundle generation failed. [12.948 seconds]

[33m>[39m Changes detected. Rebuilding...
[32m√[39m Changes detected. Rebuilding...
[1mInitial chunk files[22m[2m | [22m[1mNames[22m                             [2m | [22m [1mRaw size[22m
[32mstyles.css[39m         [2m | [22m[2mstyles[22m                            [2m | [22m [36m92.92 kB[39m[2m | [22m
[32mmain.js[39m            [2m | [22m[2mmain[22m                              [2m | [22m  [36m6.08 kB[39m[2m | [22m
[32mchunk-PH6ZXBVE.js[39m  [2m | [22m[2m-[22m                                 [2m | [22m  [36m3.88 kB[39m[2m | [22m
[32mchunk-CZJLB7T5.js[39m  [2m | [22m[2m-[22m                                 [2m | [22m  [36m1.08 kB[39m[2m | [22m

[1m [22m                  [2m | [22m[1mInitial total[22m                     [2m | [22m[1m103.97 kB[22m

[1mLazy chunk files[22m   [2m | [22m[1mNames[22m                             [2m | [22m [1mRaw size[22m
[32mchunk-TIFTX3SB.js[39m  [2m | [22m[2mdashboard-routes[22m                  [2m | [22m  [36m1.38 MB[39m[2m | [22m
[32mchunk-6DLCRFTC.js[39m  [2m | [22m[2mindex[22m                             [2m | [22m  [36m1.06 MB[39m[2m | [22m
[32mchunk-QNKH4QWO.js[39m  [2m | [22m[2mindex[22m                             [2m | [22m[36m905.92 kB[39m[2m | [22m
[32mchunk-UYRYVM3G.js[39m  [2m | [22m[2mindex[22m                             [2m | [22m[36m683.00 kB[39m[2m | [22m
[32mchunk-45BW35MM.js[39m  [2m | [22m[2mindex[22m                             [2m | [22m[36m572.53 kB[39m[2m | [22m
[32mchunk-IGBELI6K.js[39m  [2m | [22m[2mindex[22m                             [2m | [22m[36m422.75 kB[39m[2m | [22m
[32mchunk-JLWC4KQ5.js[39m  [2m | [22m[2mindex[22m                             [2m | [22m[36m392.31 kB[39m[2m | [22m
[32mchunk-OPR43T3L.js[39m  [2m | [22m[2mindex[22m                             [2m | [22m[36m351.98 kB[39m[2m | [22m
[32mchunk-EE6ZQGU4.js[39m  [2m | [22m[2mindex[22m                             [2m | [22m[36m348.48 kB[39m[2m | [22m
[32mchunk-WCAKT3MZ.js[39m  [2m | [22m[2mpromoter-product-details-component[22m[2m | [22m[36m323.13 kB[39m[2m | [22m
[32mchunk-6IW3PZSI.js[39m  [2m | [22m[2mprofile-page-component[22m            [2m | [22m[36m320.00 kB[39m[2m | [22m
[32mchunk-BHS6EXH7.js[39m  [2m | [22m[2m-[22m                                 [2m | [22m[36m317.27 kB[39m[2m | [22m
[32mchunk-RDNSX2LA.js[39m  [2m | [22m[2m-[22m                                 [2m | [22m[36m303.38 kB[39m[2m | [22m
[32mchunk-VMO2T7EN.js[39m  [2m | [22m[2mcreate-campaign-component[22m         [2m | [22m[36m286.00 kB[39m[2m | [22m
[32mchunk-PWXK7EIA.js[39m  [2m | [22m[2mindex[22m                             [2m | [22m[36m268.69 kB[39m[2m | [22m
[2m...and 129 more lazy chunks files. Use "--verbose" to show all the files.[22m

Application bundle generation complete. [7.382 seconds]

Page reload sent to client(s).
[33m>[39m Changes detected. Rebuilding...
[32m√[39m Changes detected. Rebuilding...
[1mInitial chunk files[22m[2m | [22m[1mNames[22m           [2m | [22m [1mRaw size[22m
[32mmain.js[39m            [2m | [22m[2mmain[22m            [2m | [22m  [36m6.08 kB[39m[2m | [22m

[1mLazy chunk files[22m   [2m | [22m[1mNames[22m           [2m | [22m [1mRaw size[22m
[32mchunk-2HSR3IQN.js[39m  [2m | [22m[2mindex[22m           [2m | [22m[36m131.04 kB[39m[2m | [22m
[32mchunk-GTFYCYLI.js[39m  [2m | [22m[2mresources-routes[22m[2m | [22m [36m76.15 kB[39m[2m | [22m

Application bundle generation complete. [12.648 seconds]

Page reload sent to client(s).
[33m>[39m Changes detected. Rebuilding...
[32m√[39m Changes detected. Rebuilding...
[1mInitial chunk files[22m[2m | [22m[1mNames[22m           [2m | [22m [1mRaw size[22m
[32mmain.js[39m            [2m | [22m[2mmain[22m            [2m | [22m  [36m6.08 kB[39m[2m | [22m

[1mLazy chunk files[22m   [2m | [22m[1mNames[22m           [2m | [22m [1mRaw size[22m
[32mchunk-UGGRPOWI.js[39m  [2m | [22m[2mindex[22m           [2m | [22m[36m131.49 kB[39m[2m | [22m
[32mchunk-MCTYLBGH.js[39m  [2m | [22m[2mresources-routes[22m[2m | [22m [36m76.15 kB[39m[2m | [22m

Application bundle generation complete. [6.731 seconds]

Page reload sent to client(s).
[33m>[39m Changes detected. Rebuilding...
[32m√[39m Changes detected. Rebuilding...
[1mInitial chunk files[22m[2m | [22m[1mNames[22m           [2m | [22m [1mRaw size[22m
[32mmain.js[39m            [2m | [22m[2mmain[22m            [2m | [22m  [36m6.08 kB[39m[2m | [22m

[1mLazy chunk files[22m   [2m | [22m[1mNames[22m           [2m | [22m [1mRaw size[22m
[32mchunk-DC6NCAOW.js[39m  [2m | [22m[2mindex[22m           [2m | [22m[36m200.41 kB[39m[2m | [22m
[32mchunk-6VROMIHP.js[39m  [2m | [22m[2mresources-routes[22m[2m | [22m [36m76.16 kB[39m[2m | [22m

Application bundle generation complete. [19.680 seconds]

Page reload sent to client(s).
[33m>[39m Changes detected. Rebuilding...
[32m√[39m Changes detected. Rebuilding...
[1mInitial chunk files[22m[2m | [22m[1mNames[22m           [2m | [22m [1mRaw size[22m
[32mmain.js[39m            [2m | [22m[2mmain[22m            [2m | [22m  [36m6.08 kB[39m[2m | [22m

[1mLazy chunk files[22m   [2m | [22m[1mNames[22m           [2m | [22m [1mRaw size[22m
[32mchunk-2UDVNKGO.js[39m  [2m | [22m[2mindex[22m           [2m | [22m[36m201.02 kB[39m[2m | [22m
[32mchunk-35PE5VY5.js[39m  [2m | [22m[2mresources-routes[22m[2m | [22m [36m76.16 kB[39m[2m | [22m

Application bundle generation complete. [5.642 seconds]

Page reload sent to client(s).
[33m>[39m Changes detected. Rebuilding...
[32m√[39m Changes detected. Rebuilding...
[1mInitial chunk files[22m[2m | [22m[1mNames[22m           [2m | [22m [1mRaw size[22m
[32mmain.js[39m            [2m | [22m[2mmain[22m            [2m | [22m  [36m6.08 kB[39m[2m | [22m

[1mLazy chunk files[22m   [2m | [22m[1mNames[22m           [2m | [22m [1mRaw size[22m
[32mchunk-S3X5S2WI.js[39m  [2m | [22m[2mindex[22m           [2m | [22m[36m222.07 kB[39m[2m | [22m
[32mchunk-E6JQOKZS.js[39m  [2m | [22m[2mresources-routes[22m[2m | [22m [36m76.16 kB[39m[2m | [22m

Application bundle generation complete. [11.378 seconds]

Page reload sent to client(s).
[33m>[39m Changes detected. Rebuilding...
[32m√[39m Changes detected. Rebuilding...
[1mInitial chunk files[22m[2m | [22m[1mNames[22m           [2m | [22m [1mRaw size[22m
[32mmain.js[39m            [2m | [22m[2mmain[22m            [2m | [22m  [36m6.08 kB[39m[2m | [22m

[1mLazy chunk files[22m   [2m | [22m[1mNames[22m           [2m | [22m [1mRaw size[22m
[32mchunk-LCMRYUB5.js[39m  [2m | [22m[2mindex[22m           [2m | [22m[36m222.69 kB[39m[2m | [22m
[32mchunk-4AUUT43D.js[39m  [2m | [22m[2mresources-routes[22m[2m | [22m [36m76.16 kB[39m[2m | [22m

Application bundle generation complete. [4.881 seconds]

Page reload sent to client(s).
[33m>[39m Changes detected. Rebuilding...
[32m√[39m Changes detected. Rebuilding...
[1mInitial chunk files[22m[2m | [22m[1mNames[22m           [2m | [22m [1mRaw size[22m
[32mmain.js[39m            [2m | [22m[2mmain[22m            [2m | [22m  [36m6.08 kB[39m[2m | [22m

[1mLazy chunk files[22m   [2m | [22m[1mNames[22m           [2m | [22m [1mRaw size[22m
[32mchunk-7VZPCMVN.js[39m  [2m | [22m[2mindex[22m           [2m | [22m[36m213.58 kB[39m[2m | [22m
[32mchunk-24IJPUSU.js[39m  [2m | [22m[2mresources-routes[22m[2m | [22m [36m76.17 kB[39m[2m | [22m

Application bundle generation complete. [9.528 seconds]

Page reload sent to client(s).
[33m>[39m Changes detected. Rebuilding...
[32m√[39m Changes detected. Rebuilding...
[1mInitial chunk files[22m[2m | [22m[1mNames[22m           [2m | [22m [1mRaw size[22m
[32mmain.js[39m            [2m | [22m[2mmain[22m            [2m | [22m  [36m6.08 kB[39m[2m | [22m

[1mLazy chunk files[22m   [2m | [22m[1mNames[22m           [2m | [22m [1mRaw size[22m
[32mchunk-XT6WY66V.js[39m  [2m | [22m[2mindex[22m           [2m | [22m[36m215.42 kB[39m[2m | [22m
[32mchunk-6HMRRK6C.js[39m  [2m | [22m[2mresources-routes[22m[2m | [22m [36m76.17 kB[39m[2m | [22m

Application bundle generation complete. [4.378 seconds]

Component update sent to client(s).
[33m>[39m Changes detected. Rebuilding...
[32m√[39m Changes detected. Rebuilding...
[1mInitial chunk files[22m[2m | [22m[1mNames[22m           [2m | [22m [1mRaw size[22m
[32mmain.js[39m            [2m | [22m[2mmain[22m            [2m | [22m  [36m6.08 kB[39m[2m | [22m

[1mLazy chunk files[22m   [2m | [22m[1mNames[22m           [2m | [22m [1mRaw size[22m
[32mchunk-GMMQD7JF.js[39m  [2m | [22m[2mindex[22m           [2m | [22m[36m216.13 kB[39m[2m | [22m
[32mchunk-CBJFHOJ3.js[39m  [2m | [22m[2mresources-routes[22m[2m | [22m [36m76.17 kB[39m[2m | [22m

Application bundle generation complete. [5.144 seconds]

Page reload sent to client(s).
[33m>[39m Changes detected. Rebuilding...
[32m√[39m Changes detected. Rebuilding...
Application bundle generation failed. [7.767 seconds]

[33m>[39m Changes detected. Rebuilding...
[32m√[39m Changes detected. Rebuilding...
[1mInitial chunk files[22m[2m | [22m[1mNames[22m                             [2m | [22m [1mRaw size[22m
[32mstyles.css[39m         [2m | [22m[2mstyles[22m                            [2m | [22m [36m92.92 kB[39m[2m | [22m
[32mmain.js[39m            [2m | [22m[2mmain[22m                              [2m | [22m  [36m6.08 kB[39m[2m | [22m
[32mchunk-PH6ZXBVE.js[39m  [2m | [22m[2m-[22m                                 [2m | [22m  [36m3.88 kB[39m[2m | [22m
[32mchunk-CZJLB7T5.js[39m  [2m | [22m[2m-[22m                                 [2m | [22m  [36m1.08 kB[39m[2m | [22m

[1m [22m                  [2m | [22m[1mInitial total[22m                     [2m | [22m[1m103.97 kB[22m

[1mLazy chunk files[22m   [2m | [22m[1mNames[22m                             [2m | [22m [1mRaw size[22m
[32mchunk-TIFTX3SB.js[39m  [2m | [22m[2mdashboard-routes[22m                  [2m | [22m  [36m1.38 MB[39m[2m | [22m
[32mchunk-6DLCRFTC.js[39m  [2m | [22m[2mindex[22m                             [2m | [22m  [36m1.06 MB[39m[2m | [22m
[32mchunk-QNKH4QWO.js[39m  [2m | [22m[2mindex[22m                             [2m | [22m[36m905.92 kB[39m[2m | [22m
[32mchunk-UYRYVM3G.js[39m  [2m | [22m[2mindex[22m                             [2m | [22m[36m683.00 kB[39m[2m | [22m
[32mchunk-45BW35MM.js[39m  [2m | [22m[2mindex[22m                             [2m | [22m[36m572.53 kB[39m[2m | [22m
[32mchunk-IGBELI6K.js[39m  [2m | [22m[2mindex[22m                             [2m | [22m[36m422.75 kB[39m[2m | [22m
[32mchunk-JLWC4KQ5.js[39m  [2m | [22m[2mindex[22m                             [2m | [22m[36m392.31 kB[39m[2m | [22m
[32mchunk-OPR43T3L.js[39m  [2m | [22m[2mindex[22m                             [2m | [22m[36m351.98 kB[39m[2m | [22m
[32mchunk-EE6ZQGU4.js[39m  [2m | [22m[2mindex[22m                             [2m | [22m[36m348.48 kB[39m[2m | [22m
[32mchunk-WCAKT3MZ.js[39m  [2m | [22m[2mpromoter-product-details-component[22m[2m | [22m[36m323.13 kB[39m[2m | [22m
[32mchunk-6IW3PZSI.js[39m  [2m | [22m[2mprofile-page-component[22m            [2m | [22m[36m320.00 kB[39m[2m | [22m
[32mchunk-BHS6EXH7.js[39m  [2m | [22m[2m-[22m                                 [2m | [22m[36m317.27 kB[39m[2m | [22m
[32mchunk-RDNSX2LA.js[39m  [2m | [22m[2m-[22m                                 [2m | [22m[36m303.38 kB[39m[2m | [22m
[32mchunk-VMO2T7EN.js[39m  [2m | [22m[2mcreate-campaign-component[22m         [2m | [22m[36m286.00 kB[39m[2m | [22m
[32mchunk-PWXK7EIA.js[39m  [2m | [22m[2mindex[22m                             [2m | [22m[36m268.69 kB[39m[2m | [22m
[2m...and 129 more lazy chunks files. Use "--verbose" to show all the files.[22m

Application bundle generation complete. [4.350 seconds]

Page reload sent to client(s).
[33m>[39m Changes detected. Rebuilding...
[32m√[39m Changes detected. Rebuilding...
[1mInitial chunk files[22m[2m | [22m[1mNames[22m           [2m | [22m [1mRaw size[22m
[32mmain.js[39m            [2m | [22m[2mmain[22m            [2m | [22m  [36m6.08 kB[39m[2m | [22m

[1mLazy chunk files[22m   [2m | [22m[1mNames[22m           [2m | [22m [1mRaw size[22m
[32mchunk-NNVK3EDH.js[39m  [2m | [22m[2mindex[22m           [2m | [22m[36m211.89 kB[39m[2m | [22m
[32mchunk-ILODCAJW.js[39m  [2m | [22m[2mresources-routes[22m[2m | [22m [36m76.17 kB[39m[2m | [22m

Application bundle generation complete. [5.731 seconds]

Page reload sent to client(s).
[33m>[39m Changes detected. Rebuilding...
[32m√[39m Changes detected. Rebuilding...
[1mInitial chunk files[22m[2m | [22m[1mNames[22m           [2m | [22m [1mRaw size[22m
[32mmain.js[39m            [2m | [22m[2mmain[22m            [2m | [22m  [36m6.08 kB[39m[2m | [22m

[1mLazy chunk files[22m   [2m | [22m[1mNames[22m           [2m | [22m [1mRaw size[22m
[32mchunk-5FLLHW5H.js[39m  [2m | [22m[2mindex[22m           [2m | [22m[36m194.59 kB[39m[2m | [22m
[32mchunk-NTWJHZHZ.js[39m  [2m | [22m[2mresources-routes[22m[2m | [22m [36m76.17 kB[39m[2m | [22m

Application bundle generation complete. [10.421 seconds]

Page reload sent to client(s).
[33m>[39m Changes detected. Rebuilding...
[32m√[39m Changes detected. Rebuilding...
[1mInitial chunk files[22m[2m | [22m[1mNames[22m           [2m | [22m [1mRaw size[22m
[32mmain.js[39m            [2m | [22m[2mmain[22m            [2m | [22m  [36m6.08 kB[39m[2m | [22m

[1mLazy chunk files[22m   [2m | [22m[1mNames[22m           [2m | [22m [1mRaw size[22m
[32mchunk-HVN4ZXPA.js[39m  [2m | [22m[2mindex[22m           [2m | [22m[36m194.63 kB[39m[2m | [22m
[32mchunk-UP4JOW4Y.js[39m  [2m | [22m[2mresources-routes[22m[2m | [22m [36m76.17 kB[39m[2m | [22m

Application bundle generation complete. [8.073 seconds]

Page reload sent to client(s).
[33m>[39m Changes detected. Rebuilding...
[32m√[39m Changes detected. Rebuilding...
[1mInitial chunk files[22m[2m | [22m[1mNames[22m           [2m | [22m [1mRaw size[22m
[32mmain.js[39m            [2m | [22m[2mmain[22m            [2m | [22m  [36m6.08 kB[39m[2m | [22m

[1mLazy chunk files[22m   [2m | [22m[1mNames[22m           [2m | [22m [1mRaw size[22m
[32mchunk-WWBP7DZW.js[39m  [2m | [22m[2mindex[22m           [2m | [22m[36m195.24 kB[39m[2m | [22m
[32mchunk-R4ZZLHDJ.js[39m  [2m | [22m[2mresources-routes[22m[2m | [22m [36m76.17 kB[39m[2m | [22m

Application bundle generation complete. [5.386 seconds]

Page reload sent to client(s).
[33m>[39m Changes detected. Rebuilding...
[32m√[39m Changes detected. Rebuilding...
[1mInitial chunk files[22m[2m | [22m[1mNames[22m           [2m | [22m[1mRaw size[22m
[32mmain.js[39m            [2m | [22m[2mmain[22m            [2m | [22m [36m6.08 kB[39m[2m | [22m

[1mLazy chunk files[22m   [2m | [22m[1mNames[22m           [2m | [22m[1mRaw size[22m
[32mchunk-3GIY76NM.js[39m  [2m | [22m[2mdashboard-routes[22m[2m | [22m [36m1.38 MB[39m[2m | [22m
[32mchunk-YHNXLAHK.js[39m  [2m | [22m[2mindex[22m           [2m | [22m [36m1.06 MB[39m[2m | [22m
[32mchunk-2BTAEWM7.js[39m  [2m | [22m[2mstore-routes[22m    [2m | [22m [36m3.23 kB[39m[2m | [22m

Application bundle generation complete. [7.642 seconds]

Component update sent to client(s).
[33m>[39m Changes detected. Rebuilding...
[32m√[39m Changes detected. Rebuilding...

No output file changes.

Application bundle generation complete. [8.078 seconds]

Component update sent to client(s).
[33m>[39m Changes detected. Rebuilding...
[32m√[39m Changes detected. Rebuilding...
[1mInitial chunk files[22m[2m | [22m[1mNames[22m           [2m | [22m[1mRaw size[22m
[32mmain.js[39m            [2m | [22m[2mmain[22m            [2m | [22m [36m6.08 kB[39m[2m | [22m

[1mLazy chunk files[22m   [2m | [22m[1mNames[22m           [2m | [22m[1mRaw size[22m
[32mchunk-EH5C3NO4.js[39m  [2m | [22m[2mdashboard-routes[22m[2m | [22m [36m1.38 MB[39m[2m | [22m
[32mchunk-D3466V5T.js[39m  [2m | [22m[2mindex[22m           [2m | [22m [36m1.06 MB[39m[2m | [22m
[32mchunk-WM6LANDU.js[39m  [2m | [22m[2mstore-routes[22m    [2m | [22m [36m3.23 kB[39m[2m | [22m

Application bundle generation complete. [7.890 seconds]

Component update sent to client(s).
[33m>[39m Changes detected. Rebuilding...
[32m√[39m Changes detected. Rebuilding...

No output file changes.

Application bundle generation complete. [5.882 seconds]

Component update sent to client(s).
[33m>[39m Changes detected. Rebuilding...
[32m√[39m Changes detected. Rebuilding...
[1mInitial chunk files[22m[2m | [22m[1mNames[22m           [2m | [22m[1mRaw size[22m
[32mmain.js[39m            [2m | [22m[2mmain[22m            [2m | [22m [36m6.08 kB[39m[2m | [22m

[1mLazy chunk files[22m   [2m | [22m[1mNames[22m           [2m | [22m[1mRaw size[22m
[32mchunk-BCCELJGG.js[39m  [2m | [22m[2mdashboard-routes[22m[2m | [22m [36m1.38 MB[39m[2m | [22m
[32mchunk-WS5AJN6B.js[39m  [2m | [22m[2mindex[22m           [2m | [22m [36m1.07 MB[39m[2m | [22m
[32mchunk-I7C3VWQ2.js[39m  [2m | [22m[2mstore-routes[22m    [2m | [22m [36m3.23 kB[39m[2m | [22m

Application bundle generation complete. [7.442 seconds]

Component update sent to client(s).
[33m>[39m Changes detected. Rebuilding...
[32m√[39m Changes detected. Rebuilding...
[1mInitial chunk files[22m[2m | [22m[1mNames[22m           [2m | [22m[1mRaw size[22m
[32mmain.js[39m            [2m | [22m[2mmain[22m            [2m | [22m [36m6.08 kB[39m[2m | [22m

[1mLazy chunk files[22m   [2m | [22m[1mNames[22m           [2m | [22m[1mRaw size[22m
[32mchunk-CXTBOYN6.js[39m  [2m | [22m[2mdashboard-routes[22m[2m | [22m [36m1.38 MB[39m[2m | [22m
[32mchunk-FN4EQSS6.js[39m  [2m | [22m[2mindex[22m           [2m | [22m [36m1.07 MB[39m[2m | [22m
[32mchunk-E642HZHO.js[39m  [2m | [22m[2mstore-routes[22m    [2m | [22m [36m3.23 kB[39m[2m | [22m

Application bundle generation complete. [8.068 seconds]

Component update sent to client(s).
[33m>[39m Changes detected. Rebuilding...
[32m√[39m Changes detected. Rebuilding...
[1mInitial chunk files[22m[2m | [22m[1mNames[22m           [2m | [22m[1mRaw size[22m
[32mmain.js[39m            [2m | [22m[2mmain[22m            [2m | [22m [36m6.08 kB[39m[2m | [22m

[1mLazy chunk files[22m   [2m | [22m[1mNames[22m           [2m | [22m[1mRaw size[22m
[32mchunk-OBWNRBIO.js[39m  [2m | [22m[2mdashboard-routes[22m[2m | [22m [36m1.38 MB[39m[2m | [22m
[32mchunk-HLCTSHGP.js[39m  [2m | [22m[2mindex[22m           [2m | [22m [36m1.06 MB[39m[2m | [22m
[32mchunk-6K5FJY63.js[39m  [2m | [22m[2mstore-routes[22m    [2m | [22m [36m3.23 kB[39m[2m | [22m

Application bundle generation complete. [8.455 seconds]

Component update sent to client(s).
[33m>[39m Changes detected. Rebuilding...
[32m√[39m Changes detected. Rebuilding...

No output file changes.

Application bundle generation complete. [14.535 seconds]

Component update sent to client(s).
[33m>[39m Changes detected. Rebuilding...
[32m√[39m Changes detected. Rebuilding...
[1mInitial chunk files[22m[2m | [22m[1mNames[22m       [2m | [22m[1mRaw size[22m
[32mmain.js[39m            [2m | [22m[2mmain[22m        [2m | [22m [36m6.08 kB[39m[2m | [22m

[1mLazy chunk files[22m   [2m | [22m[1mNames[22m       [2m | [22m[1mRaw size[22m
[32mchunk-NL55MLDP.js[39m  [2m | [22m[2mindex[22m       [2m | [22m[36m87.71 kB[39m[2m | [22m
[32mchunk-YNVWAALW.js[39m  [2m | [22m[2mlegal-routes[22m[2m | [22m [36m1.13 kB[39m[2m | [22m

Application bundle generation complete. [8.640 seconds]

Page reload sent to client(s).
[33m>[39m Changes detected. Rebuilding...
[32m√[39m Changes detected. Rebuilding...
[1mInitial chunk files[22m[2m | [22m[1mNames[22m           [2m | [22m [1mRaw size[22m
[32mmain.js[39m            [2m | [22m[2mmain[22m            [2m | [22m  [36m6.08 kB[39m[2m | [22m

[1mLazy chunk files[22m   [2m | [22m[1mNames[22m           [2m | [22m [1mRaw size[22m
[32mchunk-UUPCVLZI.js[39m  [2m | [22m[2mdashboard-routes[22m[2m | [22m  [36m1.38 MB[39m[2m | [22m
[32mchunk-KBA365LA.js[39m  [2m | [22m[2mindex[22m           [2m | [22m[36m144.97 kB[39m[2m | [22m

Application bundle generation complete. [6.588 seconds]

Component update sent to client(s).
[33m>[39m Changes detected. Rebuilding...
[32m√[39m Changes detected. Rebuilding...
[1mInitial chunk files[22m[2m | [22m[1mNames[22m           [2m | [22m [1mRaw size[22m
[32mmain.js[39m            [2m | [22m[2mmain[22m            [2m | [22m  [36m6.08 kB[39m[2m | [22m

[1mLazy chunk files[22m   [2m | [22m[1mNames[22m           [2m | [22m [1mRaw size[22m
[32mchunk-ZU4OO7ML.js[39m  [2m | [22m[2mdashboard-routes[22m[2m | [22m  [36m1.38 MB[39m[2m | [22m
[32mchunk-3FBBUQDM.js[39m  [2m | [22m[2mindex[22m           [2m | [22m[36m144.77 kB[39m[2m | [22m

Application bundle generation complete. [7.711 seconds]

Component update sent to client(s).
[33m>[39m Changes detected. Rebuilding...
[32m√[39m Changes detected. Rebuilding...

No output file changes.

Application bundle generation complete. [9.476 seconds]

Component update sent to client(s).
[33m>[39m Changes detected. Rebuilding...
[32m√[39m Changes detected. Rebuilding...
[1mInitial chunk files[22m[2m | [22m[1mNames[22m       [2m | [22m[1mRaw size[22m
[32mmain.js[39m            [2m | [22m[2mmain[22m        [2m | [22m [36m6.08 kB[39m[2m | [22m

[1mLazy chunk files[22m   [2m | [22m[1mNames[22m       [2m | [22m[1mRaw size[22m
[32mchunk-ZYQINTOE.js[39m  [2m | [22m[2mindex[22m       [2m | [22m[36m88.15 kB[39m[2m | [22m
[32mchunk-4GLIFOMY.js[39m  [2m | [22m[2mlegal-routes[22m[2m | [22m [36m1.13 kB[39m[2m | [22m

Application bundle generation complete. [7.451 seconds]

Component update sent to client(s).
[33m>[39m Changes detected. Rebuilding...
[32m√[39m Changes detected. Rebuilding...
[1mInitial chunk files[22m[2m | [22m[1mNames[22m           [2m | [22m [1mRaw size[22m
[32mmain.js[39m            [2m | [22m[2mmain[22m            [2m | [22m  [36m6.08 kB[39m[2m | [22m

[1mLazy chunk files[22m   [2m | [22m[1mNames[22m           [2m | [22m [1mRaw size[22m
[32mchunk-IWY5SDUI.js[39m  [2m | [22m[2mdashboard-routes[22m[2m | [22m  [36m1.38 MB[39m[2m | [22m
[32mchunk-I5RG5NLU.js[39m  [2m | [22m[2mindex[22m           [2m | [22m[36m144.75 kB[39m[2m | [22m

Application bundle generation complete. [7.593 seconds]

Component update sent to client(s).
[33m>[39m Changes detected. Rebuilding...
[32m√[39m Changes detected. Rebuilding...

No output file changes.

Application bundle generation complete. [10.639 seconds]

Component update sent to client(s).
[33m>[39m Changes detected. Rebuilding...
[32m√[39m Changes detected. Rebuilding...
[1mInitial chunk files[22m[2m | [22m[1mNames[22m       [2m | [22m[1mRaw size[22m
[32mmain.js[39m            [2m | [22m[2mmain[22m        [2m | [22m [36m6.08 kB[39m[2m | [22m

[1mLazy chunk files[22m   [2m | [22m[1mNames[22m       [2m | [22m[1mRaw size[22m
[32mchunk-2B2RTYGI.js[39m  [2m | [22m[2mindex[22m       [2m | [22m[36m88.52 kB[39m[2m | [22m
[32mchunk-ALYTGA3B.js[39m  [2m | [22m[2mlegal-routes[22m[2m | [22m [36m1.13 kB[39m[2m | [22m

Application bundle generation complete. [7.921 seconds]

Page reload sent to client(s).
[33m>[39m Changes detected. Rebuilding...
[32m√[39m Changes detected. Rebuilding...
[1mInitial chunk files[22m[2m | [22m[1mNames[22m                    [2m | [22m [1mRaw size[22m
[32mmain.js[39m            [2m | [22m[2mmain[22m                     [2m | [22m  [36m6.08 kB[39m[2m | [22m

[1mLazy chunk files[22m   [2m | [22m[1mNames[22m                    [2m | [22m [1mRaw size[22m
[32mchunk-PJF4XLPC.js[39m  [2m | [22m[2mdashboard-routes[22m         [2m | [22m  [36m1.38 MB[39m[2m | [22m
[32mchunk-7JV67HUS.js[39m  [2m | [22m[2m-[22m                        [2m | [22m[36m317.39 kB[39m[2m | [22m
[32mchunk-BBKJ5MU2.js[39m  [2m | [22m[2mcreate-campaign-component[22m[2m | [22m[36m286.00 kB[39m[2m | [22m
[32mchunk-D2MI4NFO.js[39m  [2m | [22m[2mcampaign-routes[22m          [2m | [22m  [36m2.51 kB[39m[2m | [22m

Application bundle generation complete. [9.813 seconds]

Component update sent to client(s).
[33m>[39m Changes detected. Rebuilding...
[32m√[39m Changes detected. Rebuilding...

No output file changes.

Application bundle generation complete. [10.207 seconds]

Component update sent to client(s).
[33m>[39m Changes detected. Rebuilding...
[32m√[39m Changes detected. Rebuilding...
[1mInitial chunk files[22m[2m | [22m[1mNames[22m                    [2m | [22m [1mRaw size[22m
[32mmain.js[39m            [2m | [22m[2mmain[22m                     [2m | [22m  [36m6.08 kB[39m[2m | [22m

[1mLazy chunk files[22m   [2m | [22m[1mNames[22m                    [2m | [22m [1mRaw size[22m
[32mchunk-QWAMCX5J.js[39m  [2m | [22m[2mdashboard-routes[22m         [2m | [22m  [36m1.38 MB[39m[2m | [22m
[32mchunk-ZZ2FUPL3.js[39m  [2m | [22m[2m-[22m                        [2m | [22m[36m317.96 kB[39m[2m | [22m
[32mchunk-YMNKKSYB.js[39m  [2m | [22m[2mcreate-campaign-component[22m[2m | [22m[36m286.00 kB[39m[2m | [22m
[32mchunk-7V2KK37D.js[39m  [2m | [22m[2mcampaign-routes[22m          [2m | [22m  [36m2.51 kB[39m[2m | [22m

Application bundle generation complete. [11.930 seconds]

Component update sent to client(s).
[33m>[39m Changes detected. Rebuilding...
[32m√[39m Changes detected. Rebuilding...

No output file changes.

Application bundle generation complete. [8.747 seconds]

Component update sent to client(s).
[33m>[39m Changes detected. Rebuilding...
[32m√[39m Changes detected. Rebuilding...
[1mInitial chunk files[22m[2m | [22m[1mNames[22m                    [2m | [22m [1mRaw size[22m
[32mmain.js[39m            [2m | [22m[2mmain[22m                     [2m | [22m  [36m6.08 kB[39m[2m | [22m

[1mLazy chunk files[22m   [2m | [22m[1mNames[22m                    [2m | [22m [1mRaw size[22m
[32mchunk-TVYTE4CO.js[39m  [2m | [22m[2mdashboard-routes[22m         [2m | [22m  [36m1.38 MB[39m[2m | [22m
[32mchunk-NH4L5TSQ.js[39m  [2m | [22m[2m-[22m                        [2m | [22m[36m318.01 kB[39m[2m | [22m
[32mchunk-FHYQOKBK.js[39m  [2m | [22m[2mcreate-campaign-component[22m[2m | [22m[36m286.00 kB[39m[2m | [22m
[32mchunk-2W5RCZNG.js[39m  [2m | [22m[2mcampaign-routes[22m          [2m | [22m  [36m2.51 kB[39m[2m | [22m

Application bundle generation complete. [10.583 seconds]

Component update sent to client(s).
[33m>[39m Changes detected. Rebuilding...
[32m√[39m Changes detected. Rebuilding...

No output file changes.

Application bundle generation complete. [7.424 seconds]

Component update sent to client(s).
[33m>[39m Changes detected. Rebuilding...
[32m√[39m Changes detected. Rebuilding...
[1mInitial chunk files[22m[2m | [22m[1mNames[22m                    [2m | [22m [1mRaw size[22m
[32mmain.js[39m            [2m | [22m[2mmain[22m                     [2m | [22m  [36m6.08 kB[39m[2m | [22m

[1mLazy chunk files[22m   [2m | [22m[1mNames[22m                    [2m | [22m [1mRaw size[22m
[32mchunk-TXBEPT22.js[39m  [2m | [22m[2mdashboard-routes[22m         [2m | [22m  [36m1.38 MB[39m[2m | [22m
[32mchunk-HROK2MC3.js[39m  [2m | [22m[2m-[22m                        [2m | [22m[36m318.03 kB[39m[2m | [22m
[32mchunk-RTKVFFZZ.js[39m  [2m | [22m[2mcreate-campaign-component[22m[2m | [22m[36m286.00 kB[39m[2m | [22m
[32mchunk-MRXOEF7I.js[39m  [2m | [22m[2mcampaign-routes[22m          [2m | [22m  [36m2.51 kB[39m[2m | [22m

Application bundle generation complete. [7.010 seconds]

Component update sent to client(s).
[33m>[39m Changes detected. Rebuilding...
[32m√[39m Changes detected. Rebuilding...
[1mInitial chunk files[22m[2m | [22m[1mNames[22m                    [2m | [22m [1mRaw size[22m
[32mmain.js[39m            [2m | [22m[2mmain[22m                     [2m | [22m  [36m6.08 kB[39m[2m | [22m

[1mLazy chunk files[22m   [2m | [22m[1mNames[22m                    [2m | [22m [1mRaw size[22m
[32mchunk-TLR4X2A2.js[39m  [2m | [22m[2mdashboard-routes[22m         [2m | [22m  [36m1.38 MB[39m[2m | [22m
[32mchunk-OXHBPLDZ.js[39m  [2m | [22m[2m-[22m                        [2m | [22m[36m316.17 kB[39m[2m | [22m
[32mchunk-L7DWNQI4.js[39m  [2m | [22m[2mcreate-campaign-component[22m[2m | [22m[36m286.00 kB[39m[2m | [22m
[32mchunk-65OAU7M5.js[39m  [2m | [22m[2mcampaign-routes[22m          [2m | [22m  [36m2.51 kB[39m[2m | [22m

Application bundle generation complete. [7.332 seconds]

Component update sent to client(s).
[33m>[39m Changes detected. Rebuilding...
[32m√[39m Changes detected. Rebuilding...

No output file changes.

Application bundle generation complete. [7.922 seconds]

Component update sent to client(s).
[33m>[39m Changes detected. Rebuilding...
[32m√[39m Changes detected. Rebuilding...
[1mInitial chunk files[22m[2m | [22m[1mNames[22m       [2m | [22m [1mRaw size[22m
[32mmain.js[39m            [2m | [22m[2mmain[22m        [2m | [22m  [36m6.08 kB[39m[2m | [22m

[1mLazy chunk files[22m   [2m | [22m[1mNames[22m       [2m | [22m [1mRaw size[22m
[32mchunk-RWNT7ZPQ.js[39m  [2m | [22m[2mindex[22m       [2m | [22m[36m119.08 kB[39m[2m | [22m
[32mchunk-3TGCMXDR.js[39m  [2m | [22m[2mlegal-routes[22m[2m | [22m  [36m1.14 kB[39m[2m | [22m

Application bundle generation complete. [14.395 seconds]

Page reload sent to client(s).
[33m>[39m Changes detected. Rebuilding...
[32m√[39m Changes detected. Rebuilding...
[1mInitial chunk files[22m[2m | [22m[1mNames[22m       [2m | [22m [1mRaw size[22m
[32mmain.js[39m            [2m | [22m[2mmain[22m        [2m | [22m  [36m6.08 kB[39m[2m | [22m

[1mLazy chunk files[22m   [2m | [22m[1mNames[22m       [2m | [22m [1mRaw size[22m
[32mchunk-Q47P76JZ.js[39m  [2m | [22m[2mindex[22m       [2m | [22m[36m119.44 kB[39m[2m | [22m
[32mchunk-H6OOGR7O.js[39m  [2m | [22m[2mlegal-routes[22m[2m | [22m  [36m1.14 kB[39m[2m | [22m

Application bundle generation complete. [6.599 seconds]

Page reload sent to client(s).
[33m>[39m Changes detected. Rebuilding...
[32m√[39m Changes detected. Rebuilding...
[1mInitial chunk files[22m[2m | [22m[1mNames[22m       [2m | [22m[1mRaw size[22m
[32mmain.js[39m            [2m | [22m[2mmain[22m        [2m | [22m [36m6.08 kB[39m[2m | [22m

[1mLazy chunk files[22m   [2m | [22m[1mNames[22m       [2m | [22m[1mRaw size[22m
[32mchunk-P6GKEBI4.js[39m  [2m | [22m[2mindex[22m       [2m | [22m[36m68.97 kB[39m[2m | [22m
[32mchunk-PUAUZZCZ.js[39m  [2m | [22m[2mlegal-routes[22m[2m | [22m [36m1.14 kB[39m[2m | [22m

Application bundle generation complete. [11.713 seconds]

Page reload sent to client(s).
[33m>[39m Changes detected. Rebuilding...
[32m√[39m Changes detected. Rebuilding...
[1mInitial chunk files[22m[2m | [22m[1mNames[22m       [2m | [22m[1mRaw size[22m
[32mmain.js[39m            [2m | [22m[2mmain[22m        [2m | [22m [36m6.08 kB[39m[2m | [22m

[1mLazy chunk files[22m   [2m | [22m[1mNames[22m       [2m | [22m[1mRaw size[22m
[32mchunk-F534Z4DI.js[39m  [2m | [22m[2mindex[22m       [2m | [22m[36m69.36 kB[39m[2m | [22m
[32mchunk-MFZFCUJE.js[39m  [2m | [22m[2mlegal-routes[22m[2m | [22m [36m1.14 kB[39m[2m | [22m

Application bundle generation complete. [6.401 seconds]

Page reload sent to client(s).
[33m>[39m Changes detected. Rebuilding...
[32m√[39m Changes detected. Rebuilding...
[1mInitial chunk files[22m[2m | [22m[1mNames[22m           [2m | [22m [1mRaw size[22m
[32mmain.js[39m            [2m | [22m[2mmain[22m            [2m | [22m  [36m6.08 kB[39m[2m | [22m

[1mLazy chunk files[22m   [2m | [22m[1mNames[22m           [2m | [22m [1mRaw size[22m
[32mchunk-PICD6UIG.js[39m  [2m | [22m[2mdashboard-routes[22m[2m | [22m  [36m1.38 MB[39m[2m | [22m
[32mchunk-VOKA3GUQ.js[39m  [2m | [22m[2mindex[22m           [2m | [22m[36m392.93 kB[39m[2m | [22m
[32mchunk-3X43W67W.js[39m  [2m | [22m[2mstore-routes[22m    [2m | [22m  [36m3.23 kB[39m[2m | [22m

Application bundle generation complete. [12.629 seconds]

Component update sent to client(s).
[33m>[39m Changes detected. Rebuilding...
[32m√[39m Changes detected. Rebuilding...

No output file changes.

Application bundle generation complete. [9.337 seconds]

Component update sent to client(s).
[33m>[39m Changes detected. Rebuilding...
[32m√[39m Changes detected. Rebuilding...
[1mInitial chunk files[22m[2m | [22m[1mNames[22m           [2m | [22m [1mRaw size[22m
[32mmain.js[39m            [2m | [22m[2mmain[22m            [2m | [22m  [36m6.08 kB[39m[2m | [22m

[1mLazy chunk files[22m   [2m | [22m[1mNames[22m           [2m | [22m [1mRaw size[22m
[32mchunk-PCWUW6VS.js[39m  [2m | [22m[2mdashboard-routes[22m[2m | [22m  [36m1.38 MB[39m[2m | [22m
[32mchunk-OUMKKECV.js[39m  [2m | [22m[2mindex[22m           [2m | [22m[36m393.06 kB[39m[2m | [22m
[32mchunk-MOC5NDGS.js[39m  [2m | [22m[2mstore-routes[22m    [2m | [22m  [36m3.23 kB[39m[2m | [22m

Application bundle generation complete. [9.010 seconds]

Component update sent to client(s).
[33m>[39m Changes detected. Rebuilding...
[32m√[39m Changes detected. Rebuilding...

No output file changes.

Application bundle generation complete. [9.953 seconds]

Component update sent to client(s).
[33m>[39m Changes detected. Rebuilding...
[32m√[39m Changes detected. Rebuilding...
[1mInitial chunk files[22m[2m | [22m[1mNames[22m       [2m | [22m[1mRaw size[22m
[32mmain.js[39m            [2m | [22m[2mmain[22m        [2m | [22m [36m6.08 kB[39m[2m | [22m

[1mLazy chunk files[22m   [2m | [22m[1mNames[22m       [2m | [22m[1mRaw size[22m
[32mchunk-TGCSO6BO.js[39m  [2m | [22m[2mindex[22m       [2m | [22m[36m27.93 kB[39m[2m | [22m
[32mchunk-F6XGGKYB.js[39m  [2m | [22m[2mlegal-routes[22m[2m | [22m [36m1.15 kB[39m[2m | [22m

Application bundle generation complete. [11.203 seconds]

Page reload sent to client(s).
[33m>[39m Changes detected. Rebuilding...
[32m√[39m Changes detected. Rebuilding...
[1mInitial chunk files[22m[2m | [22m[1mNames[22m       [2m | [22m[1mRaw size[22m
[32mmain.js[39m            [2m | [22m[2mmain[22m        [2m | [22m [36m6.08 kB[39m[2m | [22m

[1mLazy chunk files[22m   [2m | [22m[1mNames[22m       [2m | [22m[1mRaw size[22m
[32mchunk-W7FGR6UQ.js[39m  [2m | [22m[2mindex[22m       [2m | [22m[36m27.99 kB[39m[2m | [22m
[32mchunk-VJGEDAKL.js[39m  [2m | [22m[2mlegal-routes[22m[2m | [22m [36m1.15 kB[39m[2m | [22m

Application bundle generation complete. [8.340 seconds]

Page reload sent to client(s).
[33m>[39m Changes detected. Rebuilding...
[32m√[39m Changes detected. Rebuilding...
[1mInitial chunk files[22m[2m | [22m[1mNames[22m           [2m | [22m[1mRaw size[22m
[32mmain.js[39m            [2m | [22m[2mmain[22m            [2m | [22m [36m6.08 kB[39m[2m | [22m

[1mLazy chunk files[22m   [2m | [22m[1mNames[22m           [2m | [22m[1mRaw size[22m
[32mchunk-SF6JAGW5.js[39m  [2m | [22m[2mdashboard-routes[22m[2m | [22m [36m1.38 MB[39m[2m | [22m
[32mchunk-MEZQFCT6.js[39m  [2m | [22m[2mindex[22m           [2m | [22m [36m1.06 MB[39m[2m | [22m
[32mchunk-AGYWWXH3.js[39m  [2m | [22m[2mstore-routes[22m    [2m | [22m [36m3.23 kB[39m[2m | [22m

Application bundle generation complete. [5.304 seconds]

Component update sent to client(s).
[33m>[39m Changes detected. Rebuilding...
[32m√[39m Changes detected. Rebuilding...
[1mInitial chunk files[22m[2m | [22m[1mNames[22m           [2m | [22m[1mRaw size[22m
[32mmain.js[39m            [2m | [22m[2mmain[22m            [2m | [22m [36m6.08 kB[39m[2m | [22m

[1mLazy chunk files[22m   [2m | [22m[1mNames[22m           [2m | [22m[1mRaw size[22m
[32mchunk-QWBVMJWH.js[39m  [2m | [22m[2mdashboard-routes[22m[2m | [22m [36m1.38 MB[39m[2m | [22m
[32mchunk-QV3JXHW5.js[39m  [2m | [22m[2mindex[22m           [2m | [22m [36m1.06 MB[39m[2m | [22m
[32mchunk-HB7VBQ6C.js[39m  [2m | [22m[2mstore-routes[22m    [2m | [22m [36m3.23 kB[39m[2m | [22m

Application bundle generation complete. [7.005 seconds]

Component update sent to client(s).
[33m>[39m Changes detected. Rebuilding...
[32m√[39m Changes detected. Rebuilding...

No output file changes.

Application bundle generation complete. [6.990 seconds]

Component update sent to client(s).
[33m>[39m Changes detected. Rebuilding...
[32m√[39m Changes detected. Rebuilding...

No output file changes.

Application bundle generation complete. [6.764 seconds]

[33m>[39m Changes detected. Rebuilding...
[32m√[39m Changes detected. Rebuilding...

No output file changes.

Application bundle generation complete. [6.067 seconds]

[33m>[39m Changes detected. Rebuilding...
[32m√[39m Changes detected. Rebuilding...

No output file changes.

Application bundle generation complete. [8.001 seconds]

Component update sent to client(s).
[33m>[39m Changes detected. Rebuilding...
[32m√[39m Changes detected. Rebuilding...
[1mInitial chunk files[22m[2m | [22m[1mNames[22m           [2m | [22m [1mRaw size[22m
[32mmain.js[39m            [2m | [22m[2mmain[22m            [2m | [22m  [36m6.08 kB[39m[2m | [22m

[1mLazy chunk files[22m   [2m | [22m[1mNames[22m           [2m | [22m [1mRaw size[22m
[32mchunk-NS3T4Z3P.js[39m  [2m | [22m[2mdashboard-routes[22m[2m | [22m  [36m1.38 MB[39m[2m | [22m
[32mchunk-IEQ5KX2X.js[39m  [2m | [22m[2mindex[22m           [2m | [22m[36m345.58 kB[39m[2m | [22m
[32mchunk-RG7UKZRN.js[39m  [2m | [22m[2mcampaign-routes[22m [2m | [22m  [36m2.51 kB[39m[2m | [22m

Application bundle generation complete. [12.752 seconds]

Page reload sent to client(s).
[33m>[39m Changes detected. Rebuilding...
[32m√[39m Changes detected. Rebuilding...
Application bundle generation failed. [10.566 seconds]

[33m>[39m Changes detected. Rebuilding...
[32m√[39m Changes detected. Rebuilding...
Application bundle generation failed. [7.707 seconds]

[33m>[39m Changes detected. Rebuilding...
[32m√[39m Changes detected. Rebuilding...
[1mInitial chunk files[22m[2m | [22m[1mNames[22m                             [2m | [22m [1mRaw size[22m
[32mstyles.css[39m         [2m | [22m[2mstyles[22m                            [2m | [22m [36m92.92 kB[39m[2m | [22m
[32mmain.js[39m            [2m | [22m[2mmain[22m                              [2m | [22m  [36m6.08 kB[39m[2m | [22m
[32mchunk-PH6ZXBVE.js[39m  [2m | [22m[2m-[22m                                 [2m | [22m  [36m3.88 kB[39m[2m | [22m
[32mchunk-CZJLB7T5.js[39m  [2m | [22m[2m-[22m                                 [2m | [22m  [36m1.08 kB[39m[2m | [22m

[1m [22m                  [2m | [22m[1mInitial total[22m                     [2m | [22m[1m103.97 kB[22m

[1mLazy chunk files[22m   [2m | [22m[1mNames[22m                             [2m | [22m [1mRaw size[22m
[32mchunk-NXFXZ6ZS.js[39m  [2m | [22m[2mdashboard-routes[22m                  [2m | [22m  [36m1.38 MB[39m[2m | [22m
[32mchunk-QV3JXHW5.js[39m  [2m | [22m[2mindex[22m                             [2m | [22m  [36m1.06 MB[39m[2m | [22m
[32mchunk-QNKH4QWO.js[39m  [2m | [22m[2mindex[22m                             [2m | [22m[36m905.92 kB[39m[2m | [22m
[32mchunk-UYRYVM3G.js[39m  [2m | [22m[2mindex[22m                             [2m | [22m[36m683.00 kB[39m[2m | [22m
[32mchunk-45BW35MM.js[39m  [2m | [22m[2mindex[22m                             [2m | [22m[36m572.53 kB[39m[2m | [22m
[32mchunk-IGBELI6K.js[39m  [2m | [22m[2mindex[22m                             [2m | [22m[36m422.75 kB[39m[2m | [22m
[32mchunk-OUMKKECV.js[39m  [2m | [22m[2mindex[22m                             [2m | [22m[36m393.06 kB[39m[2m | [22m
[32mchunk-OPR43T3L.js[39m  [2m | [22m[2mindex[22m                             [2m | [22m[36m351.98 kB[39m[2m | [22m
[32mchunk-EE6ZQGU4.js[39m  [2m | [22m[2mindex[22m                             [2m | [22m[36m348.48 kB[39m[2m | [22m
[32mchunk-UIBVOVUI.js[39m  [2m | [22m[2mindex[22m                             [2m | [22m[36m345.92 kB[39m[2m | [22m
[32mchunk-WCAKT3MZ.js[39m  [2m | [22m[2mpromoter-product-details-component[22m[2m | [22m[36m323.13 kB[39m[2m | [22m
[32mchunk-6IW3PZSI.js[39m  [2m | [22m[2mprofile-page-component[22m            [2m | [22m[36m320.00 kB[39m[2m | [22m
[32mchunk-OXHBPLDZ.js[39m  [2m | [22m[2m-[22m                                 [2m | [22m[36m316.17 kB[39m[2m | [22m
[32mchunk-RDNSX2LA.js[39m  [2m | [22m[2m-[22m                                 [2m | [22m[36m303.38 kB[39m[2m | [22m
[32mchunk-PWXK7EIA.js[39m  [2m | [22m[2mindex[22m                             [2m | [22m[36m268.69 kB[39m[2m | [22m
[2m...and 129 more lazy chunks files. Use "--verbose" to show all the files.[22m

Application bundle generation complete. [10.772 seconds]

Page reload sent to client(s).
[33m>[39m Changes detected. Rebuilding...
[32m√[39m Changes detected. Rebuilding...
Application bundle generation failed. [7.782 seconds]

[33m>[39m Changes detected. Rebuilding...
[32m√[39m Changes detected. Rebuilding...
Application bundle generation failed. [6.177 seconds]

[33m>[39m Changes detected. Rebuilding...
[32m√[39m Changes detected. Rebuilding...
Application bundle generation failed. [6.120 seconds]

[33m>[39m Changes detected. Rebuilding...
[32m√[39m Changes detected. Rebuilding...
Application bundle generation failed. [5.736 seconds]

[33m>[39m Changes detected. Rebuilding...
[32m√[39m Changes detected. Rebuilding...
[1mInitial chunk files[22m[2m | [22m[1mNames[22m                             [2m | [22m [1mRaw size[22m
[32mstyles.css[39m         [2m | [22m[2mstyles[22m                            [2m | [22m [36m92.92 kB[39m[2m | [22m
[32mmain.js[39m            [2m | [22m[2mmain[22m                              [2m | [22m  [36m6.08 kB[39m[2m | [22m
[32mchunk-PH6ZXBVE.js[39m  [2m | [22m[2m-[22m                                 [2m | [22m  [36m3.88 kB[39m[2m | [22m
[32mchunk-CZJLB7T5.js[39m  [2m | [22m[2m-[22m                                 [2m | [22m  [36m1.08 kB[39m[2m | [22m

[1m [22m                  [2m | [22m[1mInitial total[22m                     [2m | [22m[1m103.97 kB[22m

[1mLazy chunk files[22m   [2m | [22m[1mNames[22m                             [2m | [22m [1mRaw size[22m
[32mchunk-YO7X3LKO.js[39m  [2m | [22m[2mdashboard-routes[22m                  [2m | [22m  [36m1.38 MB[39m[2m | [22m
[32mchunk-QV3JXHW5.js[39m  [2m | [22m[2mindex[22m                             [2m | [22m  [36m1.06 MB[39m[2m | [22m
[32mchunk-QNKH4QWO.js[39m  [2m | [22m[2mindex[22m                             [2m | [22m[36m905.92 kB[39m[2m | [22m
[32mchunk-UYRYVM3G.js[39m  [2m | [22m[2mindex[22m                             [2m | [22m[36m683.00 kB[39m[2m | [22m
[32mchunk-45BW35MM.js[39m  [2m | [22m[2mindex[22m                             [2m | [22m[36m572.53 kB[39m[2m | [22m
[32mchunk-IGBELI6K.js[39m  [2m | [22m[2mindex[22m                             [2m | [22m[36m422.75 kB[39m[2m | [22m
[32mchunk-OUMKKECV.js[39m  [2m | [22m[2mindex[22m                             [2m | [22m[36m393.06 kB[39m[2m | [22m
[32mchunk-OPR43T3L.js[39m  [2m | [22m[2mindex[22m                             [2m | [22m[36m351.98 kB[39m[2m | [22m
[32mchunk-EE6ZQGU4.js[39m  [2m | [22m[2mindex[22m                             [2m | [22m[36m348.48 kB[39m[2m | [22m
[32mchunk-UIBVOVUI.js[39m  [2m | [22m[2mindex[22m                             [2m | [22m[36m345.92 kB[39m[2m | [22m
[32mchunk-WCAKT3MZ.js[39m  [2m | [22m[2mpromoter-product-details-component[22m[2m | [22m[36m323.13 kB[39m[2m | [22m
[32mchunk-6IW3PZSI.js[39m  [2m | [22m[2mprofile-page-component[22m            [2m | [22m[36m320.00 kB[39m[2m | [22m
[32mchunk-OXHBPLDZ.js[39m  [2m | [22m[2m-[22m                                 [2m | [22m[36m316.17 kB[39m[2m | [22m
[32mchunk-RDNSX2LA.js[39m  [2m | [22m[2m-[22m                                 [2m | [22m[36m303.38 kB[39m[2m | [22m
[32mchunk-PWXK7EIA.js[39m  [2m | [22m[2mindex[22m                             [2m | [22m[36m268.69 kB[39m[2m | [22m
[2m...and 129 more lazy chunks files. Use "--verbose" to show all the files.[22m

Application bundle generation complete. [11.840 seconds]

Page reload sent to client(s).
[33m>[39m Changes detected. Rebuilding...
[32m√[39m Changes detected. Rebuilding...
[1mInitial chunk files[22m[2m | [22m[1mNames[22m           [2m | [22m [1mRaw size[22m
[32mmain.js[39m            [2m | [22m[2mmain[22m            [2m | [22m  [36m6.08 kB[39m[2m | [22m

[1mLazy chunk files[22m   [2m | [22m[1mNames[22m           [2m | [22m [1mRaw size[22m
[32mchunk-NUFDP4PN.js[39m  [2m | [22m[2mdashboard-routes[22m[2m | [22m  [36m1.38 MB[39m[2m | [22m
[32mchunk-3LRERNGV.js[39m  [2m | [22m[2mindex[22m           [2m | [22m[36m393.11 kB[39m[2m | [22m
[32mchunk-FHNPNJOE.js[39m  [2m | [22m[2mstore-routes[22m    [2m | [22m  [36m3.23 kB[39m[2m | [22m

Application bundle generation complete. [6.840 seconds]

Component update sent to client(s).
[33m>[39m Changes detected. Rebuilding...
[32m√[39m Changes detected. Rebuilding...

No output file changes.

Application bundle generation complete. [7.678 seconds]

Component update sent to client(s).
[33m>[39m Changes detected. Rebuilding...
[32m√[39m Changes detected. Rebuilding...
[1mInitial chunk files[22m[2m | [22m[1mNames[22m           [2m | [22m [1mRaw size[22m
[32mmain.js[39m            [2m | [22m[2mmain[22m            [2m | [22m  [36m6.08 kB[39m[2m | [22m

[1mLazy chunk files[22m   [2m | [22m[1mNames[22m           [2m | [22m [1mRaw size[22m
[32mchunk-VTFHYA3M.js[39m  [2m | [22m[2mdashboard-routes[22m[2m | [22m  [36m1.38 MB[39m[2m | [22m
[32mchunk-6GTQJVG3.js[39m  [2m | [22m[2mindex[22m           [2m | [22m[36m393.13 kB[39m[2m | [22m
[32mchunk-MS7NWDP5.js[39m  [2m | [22m[2mstore-routes[22m    [2m | [22m  [36m3.23 kB[39m[2m | [22m

Application bundle generation complete. [7.746 seconds]

Component update sent to client(s).
[33m>[39m Changes detected. Rebuilding...
[32m√[39m Changes detected. Rebuilding...

No output file changes.

Application bundle generation complete. [5.868 seconds]

Component update sent to client(s).
[33m>[39m Changes detected. Rebuilding...
[32m√[39m Changes detected. Rebuilding...

No output file changes.

Application bundle generation complete. [5.368 seconds]

Component update sent to client(s).
[33m>[39m Changes detected. Rebuilding...
[32m√[39m Changes detected. Rebuilding...
[1mInitial chunk files[22m[2m | [22m[1mNames[22m           [2m | [22m[1mRaw size[22m
[32mmain.js[39m            [2m | [22m[2mmain[22m            [2m | [22m [36m6.08 kB[39m[2m | [22m

[1mLazy chunk files[22m   [2m | [22m[1mNames[22m           [2m | [22m[1mRaw size[22m
[32mchunk-MRXFODEP.js[39m  [2m | [22m[2mdashboard-routes[22m[2m | [22m [36m1.38 MB[39m[2m | [22m
[32mchunk-BUBV5MNO.js[39m  [2m | [22m[2mindex[22m           [2m | [22m [36m1.06 MB[39m[2m | [22m
[32mchunk-C6RHVFLR.js[39m  [2m | [22m[2mstore-routes[22m    [2m | [22m [36m3.23 kB[39m[2m | [22m

Application bundle generation complete. [14.355 seconds]

Page reload sent to client(s).
[33m>[39m Changes detected. Rebuilding...
[32m√[39m Changes detected. Rebuilding...

No output file changes.

Application bundle generation complete. [8.687 seconds]

[33m>[39m Changes detected. Rebuilding...
[32m√[39m Changes detected. Rebuilding...
[1mInitial chunk files[22m[2m | [22m[1mNames[22m           [2m | [22m[1mRaw size[22m
[32mmain.js[39m            [2m | [22m[2mmain[22m            [2m | [22m [36m6.08 kB[39m[2m | [22m

[1mLazy chunk files[22m   [2m | [22m[1mNames[22m           [2m | [22m[1mRaw size[22m
[32mchunk-X7TDHP3K.js[39m  [2m | [22m[2mdashboard-routes[22m[2m | [22m [36m1.38 MB[39m[2m | [22m
[32mchunk-VZF66S6E.js[39m  [2m | [22m[2mindex[22m           [2m | [22m [36m1.06 MB[39m[2m | [22m
[32mchunk-SK7R5GYV.js[39m  [2m | [22m[2mstore-routes[22m    [2m | [22m [36m3.23 kB[39m[2m | [22m

Application bundle generation complete. [9.933 seconds]

Page reload sent to client(s).
[33m>[39m Changes detected. Rebuilding...
[32m√[39m Changes detected. Rebuilding...

No output file changes.

Application bundle generation complete. [8.191 seconds]

[33m>[39m Changes detected. Rebuilding...
[32m√[39m Changes detected. Rebuilding...
[1mInitial chunk files[22m[2m | [22m[1mNames[22m           [2m | [22m [1mRaw size[22m
[32mmain.js[39m            [2m | [22m[2mmain[22m            [2m | [22m  [36m6.08 kB[39m[2m | [22m

[1mLazy chunk files[22m   [2m | [22m[1mNames[22m           [2m | [22m [1mRaw size[22m
[32mchunk-4CPEPBEU.js[39m  [2m | [22m[2mdashboard-routes[22m[2m | [22m  [36m1.38 MB[39m[2m | [22m
[32mchunk-KCIZIPEB.js[39m  [2m | [22m[2mindex[22m           [2m | [22m[36m157.52 kB[39m[2m | [22m
[32mchunk-KIY72S5P.js[39m  [2m | [22m[2mstore-routes[22m    [2m | [22m  [36m3.23 kB[39m[2m | [22m

Application bundle generation complete. [5.347 seconds]

Component update sent to client(s).
[33m>[39m Changes detected. Rebuilding...
[32m√[39m Changes detected. Rebuilding...
[1mInitial chunk files[22m[2m | [22m[1mNames[22m           [2m | [22m [1mRaw size[22m
[32mmain.js[39m            [2m | [22m[2mmain[22m            [2m | [22m  [36m6.08 kB[39m[2m | [22m

[1mLazy chunk files[22m   [2m | [22m[1mNames[22m           [2m | [22m [1mRaw size[22m
[32mchunk-3IXJ36JK.js[39m  [2m | [22m[2mdashboard-routes[22m[2m | [22m  [36m1.38 MB[39m[2m | [22m
[32mchunk-QJPTIPZY.js[39m  [2m | [22m[2mindex[22m           [2m | [22m[36m332.05 kB[39m[2m | [22m
[32mchunk-6NIM6YA5.js[39m  [2m | [22m[2mcampaign-routes[22m [2m | [22m  [36m2.52 kB[39m[2m | [22m

Application bundle generation complete. [15.974 seconds]

Page reload sent to client(s).
[33m>[39m Changes detected. Rebuilding...
[32m√[39m Changes detected. Rebuilding...
[1mInitial chunk files[22m[2m | [22m[1mNames[22m           [2m | [22m [1mRaw size[22m
[32mmain.js[39m            [2m | [22m[2mmain[22m            [2m | [22m  [36m6.08 kB[39m[2m | [22m

[1mLazy chunk files[22m   [2m | [22m[1mNames[22m           [2m | [22m [1mRaw size[22m
[32mchunk-SOPNRYQQ.js[39m  [2m | [22m[2mdashboard-routes[22m[2m | [22m  [36m1.38 MB[39m[2m | [22m
[32mchunk-RV476M3L.js[39m  [2m | [22m[2mindex[22m           [2m | [22m[36m332.05 kB[39m[2m | [22m
[32mchunk-DN3M22EH.js[39m  [2m | [22m[2mcampaign-routes[22m [2m | [22m  [36m2.52 kB[39m[2m | [22m

Application bundle generation complete. [4.689 seconds]

Page reload sent to client(s).
[33m>[39m Changes detected. Rebuilding...
[32m√[39m Changes detected. Rebuilding...
[1mInitial chunk files[22m[2m | [22m[1mNames[22m           [2m | [22m [1mRaw size[22m
[32mmain.js[39m            [2m | [22m[2mmain[22m            [2m | [22m  [36m6.08 kB[39m[2m | [22m

[1mLazy chunk files[22m   [2m | [22m[1mNames[22m           [2m | [22m [1mRaw size[22m
[32mchunk-CPUGGCYU.js[39m  [2m | [22m[2mdashboard-routes[22m[2m | [22m  [36m1.38 MB[39m[2m | [22m
[32mchunk-R43XILF3.js[39m  [2m | [22m[2mindex[22m           [2m | [22m[36m332.68 kB[39m[2m | [22m
[32mchunk-JOWUYMFD.js[39m  [2m | [22m[2mcampaign-routes[22m [2m | [22m  [36m2.52 kB[39m[2m | [22m

Application bundle generation complete. [12.015 seconds]

Page reload sent to client(s).
[33m>[39m Changes detected. Rebuilding...
[32m√[39m Changes detected. Rebuilding...
[1mInitial chunk files[22m[2m | [22m[1mNames[22m           [2m | [22m [1mRaw size[22m
[32mmain.js[39m            [2m | [22m[2mmain[22m            [2m | [22m  [36m6.08 kB[39m[2m | [22m

[1mLazy chunk files[22m   [2m | [22m[1mNames[22m           [2m | [22m [1mRaw size[22m
[32mchunk-F2DEK56C.js[39m  [2m | [22m[2mdashboard-routes[22m[2m | [22m  [36m1.38 MB[39m[2m | [22m
[32mchunk-MVDDRKM6.js[39m  [2m | [22m[2mindex[22m           [2m | [22m[36m158.08 kB[39m[2m | [22m
[32mchunk-IUXRYQZZ.js[39m  [2m | [22m[2mstore-routes[22m    [2m | [22m  [36m3.23 kB[39m[2m | [22m

Application bundle generation complete. [4.480 seconds]

Component update sent to client(s).
[33m>[39m Changes detected. Rebuilding...
[32m√[39m Changes detected. Rebuilding...
[1mInitial chunk files[22m[2m | [22m[1mNames[22m           [2m | [22m [1mRaw size[22m
[32mmain.js[39m            [2m | [22m[2mmain[22m            [2m | [22m  [36m6.08 kB[39m[2m | [22m

[1mLazy chunk files[22m   [2m | [22m[1mNames[22m           [2m | [22m [1mRaw size[22m
[32mchunk-3EKQOFT3.js[39m  [2m | [22m[2mdashboard-routes[22m[2m | [22m  [36m1.38 MB[39m[2m | [22m
[32mchunk-SEFLMQO4.js[39m  [2m | [22m[2mindex[22m           [2m | [22m[36m158.00 kB[39m[2m | [22m
[32mchunk-5I453234.js[39m  [2m | [22m[2mstore-routes[22m    [2m | [22m  [36m3.23 kB[39m[2m | [22m

Application bundle generation complete. [7.276 seconds]

Component update sent to client(s).
[33m>[39m Changes detected. Rebuilding...
[32m√[39m Changes detected. Rebuilding...
[1mInitial chunk files[22m[2m | [22m[1mNames[22m           [2m | [22m [1mRaw size[22m
[32mmain.js[39m            [2m | [22m[2mmain[22m            [2m | [22m  [36m6.08 kB[39m[2m | [22m

[1mLazy chunk files[22m   [2m | [22m[1mNames[22m           [2m | [22m [1mRaw size[22m
[32mchunk-KJ3P72ZZ.js[39m  [2m | [22m[2mdashboard-routes[22m[2m | [22m  [36m1.38 MB[39m[2m | [22m
[32mchunk-MNYM55GT.js[39m  [2m | [22m[2mindex[22m           [2m | [22m[36m158.08 kB[39m[2m | [22m
[32mchunk-X5SQYHTG.js[39m  [2m | [22m[2mstore-routes[22m    [2m | [22m  [36m3.23 kB[39m[2m | [22m

Application bundle generation complete. [5.298 seconds]

Component update sent to client(s).
[33m>[39m Changes detected. Rebuilding...
[32m√[39m Changes detected. Rebuilding...
[1mInitial chunk files[22m[2m | [22m[1mNames[22m           [2m | [22m [1mRaw size[22m
[32mmain.js[39m            [2m | [22m[2mmain[22m            [2m | [22m  [36m6.08 kB[39m[2m | [22m

[1mLazy chunk files[22m   [2m | [22m[1mNames[22m           [2m | [22m [1mRaw size[22m
[32mchunk-S2PPPXJW.js[39m  [2m | [22m[2mdashboard-routes[22m[2m | [22m  [36m1.38 MB[39m[2m | [22m
[32mchunk-ZNWBNRTS.js[39m  [2m | [22m[2mindex[22m           [2m | [22m[36m158.11 kB[39m[2m | [22m
[32mchunk-RW5UPLAZ.js[39m  [2m | [22m[2mstore-routes[22m    [2m | [22m  [36m3.23 kB[39m[2m | [22m

Application bundle generation complete. [6.942 seconds]

Component update sent to client(s).
[33m>[39m Changes detected. Rebuilding...
[32m√[39m Changes detected. Rebuilding...
[1mInitial chunk files[22m[2m | [22m[1mNames[22m           [2m | [22m [1mRaw size[22m
[32mmain.js[39m            [2m | [22m[2mmain[22m            [2m | [22m  [36m6.08 kB[39m[2m | [22m

[1mLazy chunk files[22m   [2m | [22m[1mNames[22m           [2m | [22m [1mRaw size[22m
[32mchunk-WQHE2UMI.js[39m  [2m | [22m[2mdashboard-routes[22m[2m | [22m  [36m1.38 MB[39m[2m | [22m
[32mchunk-FM3PXBUM.js[39m  [2m | [22m[2mindex[22m           [2m | [22m[36m333.20 kB[39m[2m | [22m
[32mchunk-ISMYLBYO.js[39m  [2m | [22m[2mcampaign-routes[22m [2m | [22m  [36m2.52 kB[39m[2m | [22m

Application bundle generation complete. [4.708 seconds]

Page reload sent to client(s).
[33m>[39m Changes detected. Rebuilding...
[32m√[39m Changes detected. Rebuilding...
[1mInitial chunk files[22m[2m | [22m[1mNames[22m           [2m | [22m [1mRaw size[22m
[32mmain.js[39m            [2m | [22m[2mmain[22m            [2m | [22m  [36m6.08 kB[39m[2m | [22m

[1mLazy chunk files[22m   [2m | [22m[1mNames[22m           [2m | [22m [1mRaw size[22m
[32mchunk-EHOS3ADD.js[39m  [2m | [22m[2mdashboard-routes[22m[2m | [22m  [36m1.38 MB[39m[2m | [22m
[32mchunk-GOBBVC7Q.js[39m  [2m | [22m[2mindex[22m           [2m | [22m[36m332.72 kB[39m[2m | [22m
[32mchunk-7UEHTAKF.js[39m  [2m | [22m[2mcampaign-routes[22m [2m | [22m  [36m2.52 kB[39m[2m | [22m

Application bundle generation complete. [7.366 seconds]

Component update sent to client(s).
[33m>[39m Changes detected. Rebuilding...
[32m√[39m Changes detected. Rebuilding...
[1mInitial chunk files[22m[2m | [22m[1mNames[22m           [2m | [22m [1mRaw size[22m
[32mmain.js[39m            [2m | [22m[2mmain[22m            [2m | [22m  [36m6.08 kB[39m[2m | [22m

[1mLazy chunk files[22m   [2m | [22m[1mNames[22m           [2m | [22m [1mRaw size[22m
[32mchunk-HSESM54J.js[39m  [2m | [22m[2mdashboard-routes[22m[2m | [22m  [36m1.38 MB[39m[2m | [22m
[32mchunk-TT2PW2FW.js[39m  [2m | [22m[2mindex[22m           [2m | [22m[36m332.80 kB[39m[2m | [22m
[32mchunk-LRVOXQY4.js[39m  [2m | [22m[2mcampaign-routes[22m [2m | [22m  [36m2.52 kB[39m[2m | [22m

Application bundle generation complete. [5.895 seconds]

Page reload sent to client(s).
[33m>[39m Changes detected. Rebuilding...
[32m√[39m Changes detected. Rebuilding...
[1mInitial chunk files[22m[2m | [22m[1mNames[22m           [2m | [22m [1mRaw size[22m
[32mmain.js[39m            [2m | [22m[2mmain[22m            [2m | [22m  [36m6.08 kB[39m[2m | [22m

[1mLazy chunk files[22m   [2m | [22m[1mNames[22m           [2m | [22m [1mRaw size[22m
[32mchunk-KMA5QZA7.js[39m  [2m | [22m[2mdashboard-routes[22m[2m | [22m  [36m1.38 MB[39m[2m | [22m
[32mchunk-FJ2SGYJH.js[39m  [2m | [22m[2mindex[22m           [2m | [22m[36m158.11 kB[39m[2m | [22m
[32mchunk-VT3UYJEP.js[39m  [2m | [22m[2mstore-routes[22m    [2m | [22m  [36m3.23 kB[39m[2m | [22m

Application bundle generation complete. [10.638 seconds]

Component update sent to client(s).
[33m>[39m Changes detected. Rebuilding...
[32m√[39m Changes detected. Rebuilding...
[1mInitial chunk files[22m[2m | [22m[1mNames[22m           [2m | [22m [1mRaw size[22m
[32mmain.js[39m            [2m | [22m[2mmain[22m            [2m | [22m  [36m6.08 kB[39m[2m | [22m

[1mLazy chunk files[22m   [2m | [22m[1mNames[22m           [2m | [22m [1mRaw size[22m
[32mchunk-3SLQ7EGW.js[39m  [2m | [22m[2mdashboard-routes[22m[2m | [22m  [36m1.38 MB[39m[2m | [22m
[32mchunk-EHZF53XL.js[39m  [2m | [22m[2mindex[22m           [2m | [22m[36m158.10 kB[39m[2m | [22m
[32mchunk-4LFJMBYB.js[39m  [2m | [22m[2mstore-routes[22m    [2m | [22m  [36m3.23 kB[39m[2m | [22m

Application bundle generation complete. [5.249 seconds]

Component update sent to client(s).
[33m>[39m Changes detected. Rebuilding...
[32m√[39m Changes detected. Rebuilding...
[1mInitial chunk files[22m[2m | [22m[1mNames[22m           [2m | [22m[1mRaw size[22m
[32mmain.js[39m            [2m | [22m[2mmain[22m            [2m | [22m [36m6.08 kB[39m[2m | [22m

[1mLazy chunk files[22m   [2m | [22m[1mNames[22m           [2m | [22m[1mRaw size[22m
[32mchunk-QVVQA3H2.js[39m  [2m | [22m[2mdashboard-routes[22m[2m | [22m [36m1.38 MB[39m[2m | [22m
[32mchunk-YQHXLJWB.js[39m  [2m | [22m[2mindex[22m           [2m | [22m [36m1.07 MB[39m[2m | [22m
[32mchunk-VMWMQCW2.js[39m  [2m | [22m[2mstore-routes[22m    [2m | [22m [36m3.23 kB[39m[2m | [22m

Application bundle generation complete. [7.816 seconds]

Component update sent to client(s).
[33m>[39m Changes detected. Rebuilding...
[32m√[39m Changes detected. Rebuilding...

No output file changes.

Application bundle generation complete. [6.014 seconds]

Component update sent to client(s).
[33m>[39m Changes detected. Rebuilding...
[32m√[39m Changes detected. Rebuilding...
[1mInitial chunk files[22m[2m | [22m[1mNames[22m           [2m | [22m[1mRaw size[22m
[32mmain.js[39m            [2m | [22m[2mmain[22m            [2m | [22m [36m6.08 kB[39m[2m | [22m

[1mLazy chunk files[22m   [2m | [22m[1mNames[22m           [2m | [22m[1mRaw size[22m
[32mchunk-RIBO6MGV.js[39m  [2m | [22m[2mdashboard-routes[22m[2m | [22m [36m1.38 MB[39m[2m | [22m
[32mchunk-CMFBQBPQ.js[39m  [2m | [22m[2mindex[22m           [2m | [22m [36m1.07 MB[39m[2m | [22m
[32mchunk-6WZLCZTI.js[39m  [2m | [22m[2mstore-routes[22m    [2m | [22m [36m3.23 kB[39m[2m | [22m

Application bundle generation complete. [14.616 seconds]

Component update sent to client(s).
[33m>[39m Changes detected. Rebuilding...
[32m√[39m Changes detected. Rebuilding...
[1mInitial chunk files[22m[2m | [22m[1mNames[22m           [2m | [22m[1mRaw size[22m
[32mmain.js[39m            [2m | [22m[2mmain[22m            [2m | [22m [36m6.08 kB[39m[2m | [22m

[1mLazy chunk files[22m   [2m | [22m[1mNames[22m           [2m | [22m[1mRaw size[22m
[32mchunk-MSI2TOU4.js[39m  [2m | [22m[2mdashboard-routes[22m[2m | [22m [36m1.38 MB[39m[2m | [22m
[32mchunk-CSVJZEMN.js[39m  [2m | [22m[2mindex[22m           [2m | [22m [36m1.07 MB[39m[2m | [22m
[32mchunk-TFXECPPT.js[39m  [2m | [22m[2mstore-routes[22m    [2m | [22m [36m3.23 kB[39m[2m | [22m

Application bundle generation complete. [6.884 seconds]

Component update sent to client(s).
[33m>[39m Changes detected. Rebuilding...
[32m√[39m Changes detected. Rebuilding...
[1mInitial chunk files[22m[2m | [22m[1mNames[22m           [2m | [22m[1mRaw size[22m
[32mmain.js[39m            [2m | [22m[2mmain[22m            [2m | [22m [36m6.08 kB[39m[2m | [22m

[1mLazy chunk files[22m   [2m | [22m[1mNames[22m           [2m | [22m[1mRaw size[22m
[32mchunk-Q5HWIRVE.js[39m  [2m | [22m[2mdashboard-routes[22m[2m | [22m [36m1.38 MB[39m[2m | [22m
[32mchunk-ZOMGGQ6E.js[39m  [2m | [22m[2mindex[22m           [2m | [22m [36m1.07 MB[39m[2m | [22m
[32mchunk-ZPBIVBLV.js[39m  [2m | [22m[2mstore-routes[22m    [2m | [22m [36m3.23 kB[39m[2m | [22m

Application bundle generation complete. [4.763 seconds]

Component update sent to client(s).
[33m>[39m Changes detected. Rebuilding...
[32m√[39m Changes detected. Rebuilding...

No output file changes.

Application bundle generation complete. [5.685 seconds]

Component update sent to client(s).
[33m>[39m Changes detected. Rebuilding...
[32m√[39m Changes detected. Rebuilding...
[1mInitial chunk files[22m[2m | [22m[1mNames[22m           [2m | [22m [1mRaw size[22m
[32mmain.js[39m            [2m | [22m[2mmain[22m            [2m | [22m  [36m6.08 kB[39m[2m | [22m

[1mLazy chunk files[22m   [2m | [22m[1mNames[22m           [2m | [22m [1mRaw size[22m
[32mchunk-2TCQEBPO.js[39m  [2m | [22m[2mdashboard-routes[22m[2m | [22m  [36m1.38 MB[39m[2m | [22m
[32mchunk-4CS3MPFJ.js[39m  [2m | [22m[2mindex[22m           [2m | [22m[36m166.22 kB[39m[2m | [22m
[32mchunk-TBXXKK3L.js[39m  [2m | [22m[2mcampaign-routes[22m [2m | [22m  [36m2.52 kB[39m[2m | [22m

Application bundle generation complete. [6.290 seconds]

Page reload sent to client(s).
[33m>[39m Changes detected. Rebuilding...
[32m√[39m Changes detected. Rebuilding...
[1mInitial chunk files[22m[2m | [22m[1mNames[22m           [2m | [22m [1mRaw size[22m
[32mmain.js[39m            [2m | [22m[2mmain[22m            [2m | [22m  [36m6.08 kB[39m[2m | [22m

[1mLazy chunk files[22m   [2m | [22m[1mNames[22m           [2m | [22m [1mRaw size[22m
[32mchunk-6R2F227Z.js[39m  [2m | [22m[2mdashboard-routes[22m[2m | [22m  [36m1.38 MB[39m[2m | [22m
[32mchunk-I23FXWGM.js[39m  [2m | [22m[2mindex[22m           [2m | [22m[36m166.48 kB[39m[2m | [22m
[32mchunk-ZKV2INK5.js[39m  [2m | [22m[2mcampaign-routes[22m [2m | [22m  [36m2.52 kB[39m[2m | [22m

Application bundle generation complete. [3.656 seconds]

Page reload sent to client(s).
[33m>[39m Changes detected. Rebuilding...
[32m√[39m Changes detected. Rebuilding...
[1mInitial chunk files[22m[2m | [22m[1mNames[22m           [2m | [22m [1mRaw size[22m
[32mmain.js[39m            [2m | [22m[2mmain[22m            [2m | [22m  [36m6.08 kB[39m[2m | [22m

[1mLazy chunk files[22m   [2m | [22m[1mNames[22m           [2m | [22m [1mRaw size[22m
[32mchunk-TY5ED46K.js[39m  [2m | [22m[2mdashboard-routes[22m[2m | [22m  [36m1.38 MB[39m[2m | [22m
[32mchunk-CFV2MRN2.js[39m  [2m | [22m[2mindex[22m           [2m | [22m[36m212.50 kB[39m[2m | [22m
[32mchunk-FHP6Z6XL.js[39m  [2m | [22m[2mcampaign-routes[22m [2m | [22m  [36m2.53 kB[39m[2m | [22m

Application bundle generation complete. [9.695 seconds]

Page reload sent to client(s).
[33m>[39m Changes detected. Rebuilding...
[32m√[39m Changes detected. Rebuilding...
[1mInitial chunk files[22m[2m | [22m[1mNames[22m           [2m | [22m [1mRaw size[22m
[32mmain.js[39m            [2m | [22m[2mmain[22m            [2m | [22m  [36m6.08 kB[39m[2m | [22m

[1mLazy chunk files[22m   [2m | [22m[1mNames[22m           [2m | [22m [1mRaw size[22m
[32mchunk-NTE7D4BB.js[39m  [2m | [22m[2mdashboard-routes[22m[2m | [22m  [36m1.38 MB[39m[2m | [22m
[32mchunk-XNF2XHYP.js[39m  [2m | [22m[2mindex[22m           [2m | [22m[36m212.60 kB[39m[2m | [22m
[32mchunk-NPBSUYTH.js[39m  [2m | [22m[2mcampaign-routes[22m [2m | [22m  [36m2.53 kB[39m[2m | [22m

Application bundle generation complete. [6.346 seconds]

Component update sent to client(s).
[33m>[39m Changes detected. Rebuilding...
[32m√[39m Changes detected. Rebuilding...
[1mInitial chunk files[22m[2m | [22m[1mNames[22m           [2m | [22m [1mRaw size[22m
[32mmain.js[39m            [2m | [22m[2mmain[22m            [2m | [22m  [36m6.08 kB[39m[2m | [22m

[1mLazy chunk files[22m   [2m | [22m[1mNames[22m           [2m | [22m [1mRaw size[22m
[32mchunk-CZJSLR7M.js[39m  [2m | [22m[2mdashboard-routes[22m[2m | [22m  [36m1.38 MB[39m[2m | [22m
[32mchunk-W3WPECXC.js[39m  [2m | [22m[2mindex[22m           [2m | [22m[36m212.93 kB[39m[2m | [22m
[32mchunk-HQYSALU6.js[39m  [2m | [22m[2mcampaign-routes[22m [2m | [22m  [36m2.53 kB[39m[2m | [22m

Application bundle generation complete. [4.398 seconds]

Page reload sent to client(s).
[33m>[39m Changes detected. Rebuilding...
[32m√[39m Changes detected. Rebuilding...
[1mInitial chunk files[22m[2m | [22m[1mNames[22m           [2m | [22m [1mRaw size[22m
[32mmain.js[39m            [2m | [22m[2mmain[22m            [2m | [22m  [36m6.08 kB[39m[2m | [22m

[1mLazy chunk files[22m   [2m | [22m[1mNames[22m           [2m | [22m [1mRaw size[22m
[32mchunk-A5NPIDZE.js[39m  [2m | [22m[2mdashboard-routes[22m[2m | [22m  [36m1.38 MB[39m[2m | [22m
[32mchunk-BMVOBL7E.js[39m  [2m | [22m[2mindex[22m           [2m | [22m[36m207.75 kB[39m[2m | [22m
[32mchunk-ZWVJEHMA.js[39m  [2m | [22m[2mcampaign-routes[22m [2m | [22m  [36m2.53 kB[39m[2m | [22m

Application bundle generation complete. [7.593 seconds]

Page reload sent to client(s).
[33m>[39m Changes detected. Rebuilding...
[32m√[39m Changes detected. Rebuilding...
[1mInitial chunk files[22m[2m | [22m[1mNames[22m           [2m | [22m [1mRaw size[22m
[32mmain.js[39m            [2m | [22m[2mmain[22m            [2m | [22m  [36m6.08 kB[39m[2m | [22m

[1mLazy chunk files[22m   [2m | [22m[1mNames[22m           [2m | [22m [1mRaw size[22m
[32mchunk-PVB6BIE2.js[39m  [2m | [22m[2mdashboard-routes[22m[2m | [22m  [36m1.38 MB[39m[2m | [22m
[32mchunk-SN7QMPMB.js[39m  [2m | [22m[2mindex[22m           [2m | [22m[36m208.46 kB[39m[2m | [22m
[32mchunk-K7B4IJBM.js[39m  [2m | [22m[2mcampaign-routes[22m [2m | [22m  [36m2.53 kB[39m[2m | [22m

Application bundle generation complete. [3.311 seconds]

Page reload sent to client(s).
[33m>[39m Changes detected. Rebuilding...
[32m√[39m Changes detected. Rebuilding...
Application bundle generation failed. [5.538 seconds]

[33m>[39m Changes detected. Rebuilding...
[32m√[39m Changes detected. Rebuilding...
Application bundle generation failed. [2.833 seconds]

[33m>[39m Changes detected. Rebuilding...
[32m√[39m Changes detected. Rebuilding...
[1mInitial chunk files[22m[2m | [22m[1mNames[22m                 [2m | [22m [1mRaw size[22m
[32mstyles.css[39m         [2m | [22m[2mstyles[22m                [2m | [22m [36m92.92 kB[39m[2m | [22m
[32mmain.js[39m            [2m | [22m[2mmain[22m                  [2m | [22m  [36m6.08 kB[39m[2m | [22m
[32mchunk-PH6ZXBVE.js[39m  [2m | [22m[2m-[22m                     [2m | [22m  [36m3.88 kB[39m[2m | [22m
[32mchunk-CZJLB7T5.js[39m  [2m | [22m[2m-[22m                     [2m | [22m  [36m1.08 kB[39m[2m | [22m

[1m [22m                  [2m | [22m[1mInitial total[22m         [2m | [22m[1m103.97 kB[22m

[1mLazy chunk files[22m   [2m | [22m[1mNames[22m                 [2m | [22m [1mRaw size[22m
[32mchunk-HIRTRL4R.js[39m  [2m | [22m[2mdashboard-routes[22m      [2m | [22m  [36m1.38 MB[39m[2m | [22m
[32mchunk-FFETTBSC.js[39m  [2m | [22m[2mindex[22m                 [2m | [22m  [36m1.07 MB[39m[2m | [22m
[32mchunk-PKAXD6YK.js[39m  [2m | [22m[2mindex[22m                 [2m | [22m[36m905.92 kB[39m[2m | [22m
[32mchunk-GSFSF4YA.js[39m  [2m | [22m[2mindex[22m                 [2m | [22m[36m683.00 kB[39m[2m | [22m
[32mchunk-HEHQHIWA.js[39m  [2m | [22m[2mindex[22m                 [2m | [22m[36m572.53 kB[39m[2m | [22m
[32mchunk-SE6RV3EO.js[39m  [2m | [22m[2mindex[22m                 [2m | [22m[36m422.75 kB[39m[2m | [22m
[32mchunk-V3LR4XOF.js[39m  [2m | [22m[2mindex[22m                 [2m | [22m[36m422.25 kB[39m[2m | [22m
[32mchunk-MPRPF6MA.js[39m  [2m | [22m[2mindex[22m                 [2m | [22m[36m393.13 kB[39m[2m | [22m
[32mchunk-2YYLBOPQ.js[39m  [2m | [22m[2mindex[22m                 [2m | [22m[36m351.98 kB[39m[2m | [22m
[32mchunk-EAVCVTKI.js[39m  [2m | [22m[2mindex[22m                 [2m | [22m[36m348.48 kB[39m[2m | [22m
[32mchunk-DIDK3LSD.js[39m  [2m | [22m[2mindex[22m                 [2m | [22m[36m345.92 kB[39m[2m | [22m
[32mchunk-J3OTTTAB.js[39m  [2m | [22m[2mindex[22m                 [2m | [22m[36m332.80 kB[39m[2m | [22m
[32mchunk-BGLORNTW.js[39m  [2m | [22m[2mprofile-page-component[22m[2m | [22m[36m320.00 kB[39m[2m | [22m
[32mchunk-F7J2PHTK.js[39m  [2m | [22m[2m-[22m                     [2m | [22m[36m316.17 kB[39m[2m | [22m
[32mchunk-RDNSX2LA.js[39m  [2m | [22m[2m-[22m                     [2m | [22m[36m303.38 kB[39m[2m | [22m
[2m...and 129 more lazy chunks files. Use "--verbose" to show all the files.[22m

Application bundle generation complete. [3.093 seconds]

Page reload sent to client(s).
[33m>[39m Changes detected. Rebuilding...
[32m√[39m Changes detected. Rebuilding...
[1mInitial chunk files[22m[2m | [22m[1mNames[22m           [2m | [22m [1mRaw size[22m
[32mmain.js[39m            [2m | [22m[2mmain[22m            [2m | [22m  [36m6.08 kB[39m[2m | [22m

[1mLazy chunk files[22m   [2m | [22m[1mNames[22m           [2m | [22m [1mRaw size[22m
[32mchunk-LYUT3CDS.js[39m  [2m | [22m[2mdashboard-routes[22m[2m | [22m  [36m1.38 MB[39m[2m | [22m
[32mchunk-M5HWVYV4.js[39m  [2m | [22m[2mindex[22m           [2m | [22m[36m422.11 kB[39m[2m | [22m
[32mchunk-3GTBMWGI.js[39m  [2m | [22m[2mstore-routes[22m    [2m | [22m  [36m3.24 kB[39m[2m | [22m

Application bundle generation complete. [6.237 seconds]

Page reload sent to client(s).
[33m>[39m Changes detected. Rebuilding...
[32m√[39m Changes detected. Rebuilding...
[1mInitial chunk files[22m[2m | [22m[1mNames[22m           [2m | [22m [1mRaw size[22m
[32mmain.js[39m            [2m | [22m[2mmain[22m            [2m | [22m  [36m6.08 kB[39m[2m | [22m

[1mLazy chunk files[22m   [2m | [22m[1mNames[22m           [2m | [22m [1mRaw size[22m
[32mchunk-5CCEZPUQ.js[39m  [2m | [22m[2mdashboard-routes[22m[2m | [22m  [36m1.38 MB[39m[2m | [22m
[32mchunk-TJVG56KU.js[39m  [2m | [22m[2mindex[22m           [2m | [22m[36m422.67 kB[39m[2m | [22m
[32mchunk-UKQMCR3P.js[39m  [2m | [22m[2mstore-routes[22m    [2m | [22m  [36m3.24 kB[39m[2m | [22m

Application bundle generation complete. [4.000 seconds]

Page reload sent to client(s).
[33m>[39m Changes detected. Rebuilding...
[32m√[39m Changes detected. Rebuilding...
Application bundle generation failed. [6.253 seconds]

[33m>[39m Changes detected. Rebuilding...
[32m√[39m Changes detected. Rebuilding...
Application bundle generation failed. [3.792 seconds]

[33m>[39m Changes detected. Rebuilding...
[32m√[39m Changes detected. Rebuilding...
[1mInitial chunk files[22m[2m | [22m[1mNames[22m                 [2m | [22m [1mRaw size[22m
[32mstyles.css[39m         [2m | [22m[2mstyles[22m                [2m | [22m [36m92.92 kB[39m[2m | [22m
[32mmain.js[39m            [2m | [22m[2mmain[22m                  [2m | [22m  [36m6.08 kB[39m[2m | [22m
[32mchunk-PH6ZXBVE.js[39m  [2m | [22m[2m-[22m                     [2m | [22m  [36m3.88 kB[39m[2m | [22m
[32mchunk-CZJLB7T5.js[39m  [2m | [22m[2m-[22m                     [2m | [22m  [36m1.08 kB[39m[2m | [22m

[1m [22m                  [2m | [22m[1mInitial total[22m         [2m | [22m[1m103.97 kB[22m

[1mLazy chunk files[22m   [2m | [22m[1mNames[22m                 [2m | [22m [1mRaw size[22m
[32mchunk-FHCLB46D.js[39m  [2m | [22m[2mdashboard-routes[22m      [2m | [22m  [36m1.38 MB[39m[2m | [22m
[32mchunk-OMVN55WO.js[39m  [2m | [22m[2mindex[22m                 [2m | [22m  [36m1.07 MB[39m[2m | [22m
[32mchunk-OCBK6BEJ.js[39m  [2m | [22m[2mindex[22m                 [2m | [22m[36m905.92 kB[39m[2m | [22m
[32mchunk-H3T5FFTU.js[39m  [2m | [22m[2mindex[22m                 [2m | [22m[36m683.00 kB[39m[2m | [22m
[32mchunk-YMDFATHQ.js[39m  [2m | [22m[2mindex[22m                 [2m | [22m[36m572.53 kB[39m[2m | [22m
[32mchunk-YHLGQCOG.js[39m  [2m | [22m[2mindex[22m                 [2m | [22m[36m422.75 kB[39m[2m | [22m
[32mchunk-PMRKOJXJ.js[39m  [2m | [22m[2mindex[22m                 [2m | [22m[36m422.67 kB[39m[2m | [22m
[32mchunk-KRCM4V7Z.js[39m  [2m | [22m[2mindex[22m                 [2m | [22m[36m393.13 kB[39m[2m | [22m
[32mchunk-REK3FUWA.js[39m  [2m | [22m[2mindex[22m                 [2m | [22m[36m351.98 kB[39m[2m | [22m
[32mchunk-H77W6ZPS.js[39m  [2m | [22m[2mindex[22m                 [2m | [22m[36m348.48 kB[39m[2m | [22m
[32mchunk-U43EGMNG.js[39m  [2m | [22m[2mindex[22m                 [2m | [22m[36m345.92 kB[39m[2m | [22m
[32mchunk-W7RCEZF3.js[39m  [2m | [22m[2mindex[22m                 [2m | [22m[36m332.80 kB[39m[2m | [22m
[32mchunk-ZWDIJYHM.js[39m  [2m | [22m[2mprofile-page-component[22m[2m | [22m[36m320.00 kB[39m[2m | [22m
[32mchunk-WDQY33H3.js[39m  [2m | [22m[2m-[22m                     [2m | [22m[36m316.17 kB[39m[2m | [22m
[32mchunk-RDNSX2LA.js[39m  [2m | [22m[2m-[22m                     [2m | [22m[36m303.38 kB[39m[2m | [22m
[2m...and 129 more lazy chunks files. Use "--verbose" to show all the files.[22m

Application bundle generation complete. [4.226 seconds]

Page reload sent to client(s).
[33m>[39m Changes detected. Rebuilding...
[32m√[39m Changes detected. Rebuilding...
[1mInitial chunk files[22m[2m | [22m[1mNames[22m           [2m | [22m [1mRaw size[22m
[32mmain.js[39m            [2m | [22m[2mmain[22m            [2m | [22m  [36m6.08 kB[39m[2m | [22m

[1mLazy chunk files[22m   [2m | [22m[1mNames[22m           [2m | [22m [1mRaw size[22m
[32mchunk-AGXJARJA.js[39m  [2m | [22m[2mdashboard-routes[22m[2m | [22m  [36m1.38 MB[39m[2m | [22m
[32mchunk-TSR6BSRI.js[39m  [2m | [22m[2mindex[22m           [2m | [22m[36m216.24 kB[39m[2m | [22m
[32mchunk-N2AOKFJD.js[39m  [2m | [22m[2mstore-routes[22m    [2m | [22m  [36m3.24 kB[39m[2m | [22m

Application bundle generation complete. [6.137 seconds]

Page reload sent to client(s).
[33m>[39m Changes detected. Rebuilding...
[32m√[39m Changes detected. Rebuilding...
[1mInitial chunk files[22m[2m | [22m[1mNames[22m           [2m | [22m [1mRaw size[22m
[32mmain.js[39m            [2m | [22m[2mmain[22m            [2m | [22m  [36m6.08 kB[39m[2m | [22m

[1mLazy chunk files[22m   [2m | [22m[1mNames[22m           [2m | [22m [1mRaw size[22m
[32mchunk-YLKGRWCZ.js[39m  [2m | [22m[2mdashboard-routes[22m[2m | [22m  [36m1.38 MB[39m[2m | [22m
[32mchunk-ELM46LL7.js[39m  [2m | [22m[2mindex[22m           [2m | [22m[36m216.20 kB[39m[2m | [22m
[32mchunk-UU6ASSUU.js[39m  [2m | [22m[2mstore-routes[22m    [2m | [22m  [36m3.24 kB[39m[2m | [22m

Application bundle generation complete. [3.884 seconds]

Component update sent to client(s).
[33m>[39m Changes detected. Rebuilding...
[32m√[39m Changes detected. Rebuilding...
Application bundle generation failed. [4.683 seconds]

[33m>[39m Changes detected. Rebuilding...
[32m√[39m Changes detected. Rebuilding...
[1mInitial chunk files[22m[2m | [22m[1mNames[22m                 [2m | [22m [1mRaw size[22m
[32mstyles.css[39m         [2m | [22m[2mstyles[22m                [2m | [22m [36m92.92 kB[39m[2m | [22m
[32mmain.js[39m            [2m | [22m[2mmain[22m                  [2m | [22m  [36m6.08 kB[39m[2m | [22m
[32mchunk-PH6ZXBVE.js[39m  [2m | [22m[2m-[22m                     [2m | [22m  [36m3.88 kB[39m[2m | [22m
[32mchunk-CZJLB7T5.js[39m  [2m | [22m[2m-[22m                     [2m | [22m  [36m1.08 kB[39m[2m | [22m

[1m [22m                  [2m | [22m[1mInitial total[22m         [2m | [22m[1m103.97 kB[22m

[1mLazy chunk files[22m   [2m | [22m[1mNames[22m                 [2m | [22m [1mRaw size[22m
[32mchunk-BUHGZARG.js[39m  [2m | [22m[2mdashboard-routes[22m      [2m | [22m  [36m1.38 MB[39m[2m | [22m
[32mchunk-OMVN55WO.js[39m  [2m | [22m[2mindex[22m                 [2m | [22m  [36m1.07 MB[39m[2m | [22m
[32mchunk-OCBK6BEJ.js[39m  [2m | [22m[2mindex[22m                 [2m | [22m[36m905.92 kB[39m[2m | [22m
[32mchunk-H3T5FFTU.js[39m  [2m | [22m[2mindex[22m                 [2m | [22m[36m683.00 kB[39m[2m | [22m
[32mchunk-YMDFATHQ.js[39m  [2m | [22m[2mindex[22m                 [2m | [22m[36m572.53 kB[39m[2m | [22m
[32mchunk-YHLGQCOG.js[39m  [2m | [22m[2mindex[22m                 [2m | [22m[36m422.75 kB[39m[2m | [22m
[32mchunk-PMRKOJXJ.js[39m  [2m | [22m[2mindex[22m                 [2m | [22m[36m422.67 kB[39m[2m | [22m
[32mchunk-KRCM4V7Z.js[39m  [2m | [22m[2mindex[22m                 [2m | [22m[36m393.13 kB[39m[2m | [22m
[32mchunk-REK3FUWA.js[39m  [2m | [22m[2mindex[22m                 [2m | [22m[36m351.98 kB[39m[2m | [22m
[32mchunk-H77W6ZPS.js[39m  [2m | [22m[2mindex[22m                 [2m | [22m[36m348.48 kB[39m[2m | [22m
[32mchunk-U43EGMNG.js[39m  [2m | [22m[2mindex[22m                 [2m | [22m[36m345.92 kB[39m[2m | [22m
[32mchunk-W7RCEZF3.js[39m  [2m | [22m[2mindex[22m                 [2m | [22m[36m332.80 kB[39m[2m | [22m
[32mchunk-ZWDIJYHM.js[39m  [2m | [22m[2mprofile-page-component[22m[2m | [22m[36m320.00 kB[39m[2m | [22m
[32mchunk-WDQY33H3.js[39m  [2m | [22m[2m-[22m                     [2m | [22m[36m316.17 kB[39m[2m | [22m
[32mchunk-DM7DHWO4.js[39m  [2m | [22m[2mindex[22m                 [2m | [22m[36m310.88 kB[39m[2m | [22m
[2m...and 129 more lazy chunks files. Use "--verbose" to show all the files.[22m

Application bundle generation complete. [3.047 seconds]

Page reload sent to client(s).
[33m>[39m Changes detected. Rebuilding...
[32m√[39m Changes detected. Rebuilding...
[1mInitial chunk files[22m[2m | [22m[1mNames[22m           [2m | [22m [1mRaw size[22m
[32mmain.js[39m            [2m | [22m[2mmain[22m            [2m | [22m  [36m6.08 kB[39m[2m | [22m

[1mLazy chunk files[22m   [2m | [22m[1mNames[22m           [2m | [22m [1mRaw size[22m
[32mchunk-SGBJ4XV6.js[39m  [2m | [22m[2mdashboard-routes[22m[2m | [22m  [36m1.38 MB[39m[2m | [22m
[32mchunk-KCH7DE6Y.js[39m  [2m | [22m[2mindex[22m           [2m | [22m[36m311.08 kB[39m[2m | [22m
[32mchunk-3VACKOSU.js[39m  [2m | [22m[2msettings-routes[22m [2m | [22m  [36m1.50 kB[39m[2m | [22m

Application bundle generation complete. [6.370 seconds]

Page reload sent to client(s).
[33m>[39m Changes detected. Rebuilding...
[32m√[39m Changes detected. Rebuilding...
[1mInitial chunk files[22m[2m | [22m[1mNames[22m           [2m | [22m [1mRaw size[22m
[32mmain.js[39m            [2m | [22m[2mmain[22m            [2m | [22m  [36m6.08 kB[39m[2m | [22m

[1mLazy chunk files[22m   [2m | [22m[1mNames[22m           [2m | [22m [1mRaw size[22m
[32mchunk-7EP7HJHH.js[39m  [2m | [22m[2mdashboard-routes[22m[2m | [22m  [36m1.38 MB[39m[2m | [22m
[32mchunk-DM7DHWO4.js[39m  [2m | [22m[2mindex[22m           [2m | [22m[36m310.88 kB[39m[2m | [22m
[32mchunk-VV657KWO.js[39m  [2m | [22m[2msettings-routes[22m [2m | [22m  [36m1.50 kB[39m[2m | [22m

Application bundle generation complete. [3.021 seconds]

Page reload sent to client(s).
