[1m[33m[33m▲ [43;33m[[43;30mWARNING[43;33m][0m [1m2 repetitive deprecation warnings omitted.
Run in verbose mode to see all warnings.[0m [1m[35m[plugin angular-sass][0m

  null


[33m▲ [43;33m[[43;30mWARNING[43;33m][0m [1mNG8107: The left side of this optional chain operation does not include 'null' or 'undefined' in its type, therefore the '?.' operator can be replaced with the '.' operator.[0m [1m[35m[plugin angular-compiler][0m

    projects/platform/src/app/admin/ppc-analytics/ppc-analytics.component.ts:411:38:
[37m      411 │           @for (ip of (data.patterns?.[32mips[37m || []); track ip.ip) {
          ╵                                       [32m~~~[0m


[33m▲ [43;33m[[43;30mWARNING[43;33m][0m [1mNG8107: The left side of this optional chain operation does not include 'null' or 'undefined' in its type, therefore the '?.' operator can be replaced with the '.' operator.[0m [1m[35m[plugin angular-compiler][0m

    projects/platform/src/app/admin/ppc-analytics/ppc-analytics.component.ts:417:32:
[37m      417 │           @if (!(data.patterns?.[32mips[37m || []).length) {
          ╵                                 [32m~~~[0m


[33m▲ [43;33m[[43;30mWARNING[43;33m][0m [1mNG8107: The left side of this optional chain operation does not include 'null' or 'undefined' in its type, therefore the '?.' operator can be replaced with the '.' operator.[0m [1m[35m[plugin angular-compiler][0m

    projects/platform/src/app/admin/ppc-analytics/ppc-analytics.component.ts:426:37:
[37m      426 │ ... @for (d of (data.patterns?.[32mdevices[37m || []); track d.deviceType) {
          ╵                                [32m~~~~~~~[0m


[33m▲ [43;33m[[43;30mWARNING[43;33m][0m [1mNG8107: The left side of this optional chain operation does not include 'null' or 'undefined' in its type, therefore the '?.' operator can be replaced with the '.' operator.[0m [1m[35m[plugin angular-compiler][0m

    projects/platform/src/app/admin/ppc-analytics/ppc-analytics.component.ts:429:32:
[37m      429 │           @if (!(data.patterns?.[32mdevices[37m || []).length) {
          ╵                                 [32m~~~~~~~[0m


[33m▲ [43;33m[[43;30mWARNING[43;33m][0m [1mNG8107: The left side of this optional chain operation does not include 'null' or 'undefined' in its type, therefore the '?.' operator can be replaced with the '.' operator.[0m [1m[35m[plugin angular-compiler][0m

    projects/platform/src/app/admin/ppc-analytics/ppc-analytics.component.ts:438:37:
[37m      438 │ ...  @for (c of (data.patterns?.[32mcountries[37m || []); track c.country) {
          ╵                                 [32m~~~~~~~~~[0m


[33m▲ [43;33m[[43;30mWARNING[43;33m][0m [1mNG8107: The left side of this optional chain operation does not include 'null' or 'undefined' in its type, therefore the '?.' operator can be replaced with the '.' operator.[0m [1m[35m[plugin angular-compiler][0m

    projects/platform/src/app/admin/ppc-analytics/ppc-analytics.component.ts:441:32:
[37m      441 │           @if (!(data.patterns?.[32mcountries[37m || []).length) {
          ╵                                 [32m~~~~~~~~~[0m


[33m▲ [43;33m[[43;30mWARNING[43;33m][0m [1mDeprecation[0m [1m[35m[plugin angular-sass][0m

    projects/platform/src/app/ai-assistant/ai-assistant.component.scss:1:8:
[37m      1 │ @import [32m[37m'../../styles/variables';
        ╵         [32m^[0m


  Sass @import rules are deprecated and will be removed in Dart Sass 3.0.0.
  
  More info and automated migrator: [4mhttps://sass-lang.com/d/import[0m


[33m▲ [43;33m[[43;30mWARNING[43;33m][0m [1mDeprecation[0m [1m[35m[plugin angular-sass][0m

    projects/platform/src/app/ai-assistant/ai-assistant.component.scss:2:8:
[37m      2 │ @import [32m[37m'../../styles/mixins';
        ╵         [32m^[0m


  Sass @import rules are deprecated and will be removed in Dart Sass 3.0.0.
  
  More info and automated migrator: [4mhttps://sass-lang.com/d/import[0m


[33m▲ [43;33m[[43;30mWARNING[43;33m][0m [1mDeprecation[0m [1m[35m[plugin angular-sass][0m

    projects/platform/src/app/ai-assistant/pages/conversations/conversations.component.scss:2:8:
[37m      2 │ @import [32m[37m'../../../../styles/variables';
        ╵         [32m^[0m


  Sass @import rules are deprecated and will be removed in Dart Sass 3.0.0.
  
  More info and automated migrator: [4mhttps://sass-lang.com/d/import[0m


[33m▲ [43;33m[[43;30mWARNING[43;33m][0m [1mDeprecation[0m [1m[35m[plugin angular-sass][0m

    projects/platform/src/app/ai-assistant/pages/conversations/conversations.component.scss:3:8:
[37m      3 │ @import [32m[37m'../../../../styles/mixins';
        ╵         [32m^[0m


  Sass @import rules are deprecated and will be removed in Dart Sass 3.0.0.
  
  More info and automated migrator: [4mhttps://sass-lang.com/d/import[0m


[33m▲ [43;33m[[43;30mWARNING[43;33m][0m [1mDeprecation[0m [1m[35m[plugin angular-sass][0m

    projects/platform/src/app/ai-assistant/pages/overview/overview.component.scss:2:8:
[37m      2 │ @import [32m[37m'../../../../styles/variables';
        ╵         [32m^[0m


  Sass @import rules are deprecated and will be removed in Dart Sass 3.0.0.
  
  More info and automated migrator: [4mhttps://sass-lang.com/d/import[0m


[33m▲ [43;33m[[43;30mWARNING[43;33m][0m [1mDeprecation[0m [1m[35m[plugin angular-sass][0m

    projects/platform/src/app/ai-assistant/pages/overview/overview.component.scss:3:8:
[37m      3 │ @import [32m[37m'../../../../styles/mixins';
        ╵         [32m^[0m


  Sass @import rules are deprecated and will be removed in Dart Sass 3.0.0.
  
  More info and automated migrator: [4mhttps://sass-lang.com/d/import[0m


[33m▲ [43;33m[[43;30mWARNING[43;33m][0m [1mDeprecation[0m [1m[35m[plugin angular-sass][0m

    projects/platform/src/app/campaign/campaign-details/campaign-details.component.scss:2:8:
[37m      2 │ @import [32m[37m'../../../styles/variables';
        ╵         [32m^[0m


  Sass @import rules are deprecated and will be removed in Dart Sass 3.0.0.
  
  More info and automated migrator: [4mhttps://sass-lang.com/d/import[0m


[33m▲ [43;33m[[43;30mWARNING[43;33m][0m [1mDeprecation[0m [1m[35m[plugin angular-sass][0m

    projects/platform/src/app/campaign/campaign-details/campaign-details.component.scss:3:8:
[37m      3 │ @import [32m[37m'../../../styles/mixins';
        ╵         [32m^[0m


  Sass @import rules are deprecated and will be removed in Dart Sass 3.0.0.
  
  More info and automated migrator: [4mhttps://sass-lang.com/d/import[0m


[33m▲ [43;33m[[43;30mWARNING[43;33m][0m [1mDeprecation[0m [1m[35m[plugin angular-sass][0m

    projects/platform/src/app/campaign/campaign-details/promotion-details-dialog/promotion-details-dialog.component.scss:1:8:
[37m      1 │ @import [32m[37m'../../../../styles/variables';
        ╵         [32m^[0m


  Sass @import rules are deprecated and will be removed in Dart Sass 3.0.0.
  
  More info and automated migrator: [4mhttps://sass-lang.com/d/import[0m


[33m▲ [43;33m[[43;30mWARNING[43;33m][0m [1mDeprecation[0m [1m[35m[plugin angular-sass][0m

    projects/platform/src/app/campaign/campaign-details/promotion-details-dialog/promotion-details-dialog.component.scss:2:8:
[37m      2 │ @import [32m[37m'../../../../styles/mixins';
        ╵         [32m^[0m


  Sass @import rules are deprecated and will be removed in Dart Sass 3.0.0.
  
  More info and automated migrator: [4mhttps://sass-lang.com/d/import[0m


[33m▲ [43;33m[[43;30mWARNING[43;33m][0m [1mDeprecation[0m [1m[35m[plugin angular-sass][0m

    projects/platform/src/app/campaign/campaign-edit/components/budget-settings/budget-settings.component.scss:2:8:
[37m      2 │ @import [32m[37m'../../../../../styles/variables';
        ╵         [32m^[0m


  Sass @import rules are deprecated and will be removed in Dart Sass 3.0.0.
  
  More info and automated migrator: [4mhttps://sass-lang.com/d/import[0m


[33m▲ [43;33m[[43;30mWARNING[43;33m][0m [1mDeprecation[0m [1m[35m[plugin angular-sass][0m

    projects/platform/src/app/campaign/campaign-edit/components/budget-settings/budget-settings.component.scss:3:8:
[37m      3 │ @import [32m[37m'../../../../../styles/mixins';
        ╵         [32m^[0m


  Sass @import rules are deprecated and will be removed in Dart Sass 3.0.0.
  
  More info and automated migrator: [4mhttps://sass-lang.com/d/import[0m


[33m▲ [43;33m[[43;30mWARNING[43;33m][0m [1mDeprecation[0m [1m[35m[plugin angular-sass][0m

    projects/platform/src/app/campaign/campaign-edit/components/campaign-edit-header/campaign-edit-header.component.scss:2:8:
[37m      2 │ @import [32m[37m'../../../../../styles/variables';
        ╵         [32m^[0m


  Sass @import rules are deprecated and will be removed in Dart Sass 3.0.0.
  
  More info and automated migrator: [4mhttps://sass-lang.com/d/import[0m


[33m▲ [43;33m[[43;30mWARNING[43;33m][0m [1mDeprecation[0m [1m[35m[plugin angular-sass][0m

    projects/platform/src/app/campaign/campaign-edit/components/campaign-edit-header/campaign-edit-header.component.scss:3:8:
[37m      3 │ @import [32m[37m'../../../../../styles/mixins';
        ╵         [32m^[0m


  Sass @import rules are deprecated and will be removed in Dart Sass 3.0.0.
  
  More info and automated migrator: [4mhttps://sass-lang.com/d/import[0m


[33m▲ [43;33m[[43;30mWARNING[43;33m][0m [1mDeprecation[0m [1m[35m[plugin angular-sass][0m

    projects/platform/src/app/campaign/campaign-edit/components/error-state/error-state.component.scss:2:8:
[37m      2 │ @import [32m[37m'../../../../../styles/variables';
        ╵         [32m^[0m


  Sass @import rules are deprecated and will be removed in Dart Sass 3.0.0.
  
  More info and automated migrator: [4mhttps://sass-lang.com/d/import[0m


[33m▲ [43;33m[[43;30mWARNING[43;33m][0m [1mDeprecation[0m [1m[35m[plugin angular-sass][0m

    projects/platform/src/app/campaign/campaign-edit/components/error-state/error-state.component.scss:3:8:
[37m      3 │ @import [32m[37m'../../../../../styles/mixins';
        ╵         [32m^[0m


  Sass @import rules are deprecated and will be removed in Dart Sass 3.0.0.
  
  More info and automated migrator: [4mhttps://sass-lang.com/d/import[0m


[33m▲ [43;33m[[43;30mWARNING[43;33m][0m [1mDeprecation[0m [1m[35m[plugin angular-sass][0m

    projects/platform/src/app/campaign/campaign-edit/components/loading-state/loading-state.component.scss:2:8:
[37m      2 │ @import [32m[37m'../../../../../styles/variables';
        ╵         [32m^[0m


  Sass @import rules are deprecated and will be removed in Dart Sass 3.0.0.
  
  More info and automated migrator: [4mhttps://sass-lang.com/d/import[0m


[33m▲ [43;33m[[43;30mWARNING[43;33m][0m [1mDeprecation[0m [1m[35m[plugin angular-sass][0m

    projects/platform/src/app/campaign/campaign-edit/components/loading-state/loading-state.component.scss:3:8:
[37m      3 │ @import [32m[37m'../../../../../styles/mixins';
        ╵         [32m^[0m


  Sass @import rules are deprecated and will be removed in Dart Sass 3.0.0.
  
  More info and automated migrator: [4mhttps://sass-lang.com/d/import[0m


[33m▲ [43;33m[[43;30mWARNING[43;33m][0m [1mDeprecation[0m [1m[35m[plugin angular-sass][0m

    projects/platform/src/app/campaign/campaign-edit/components/media-upload/media-upload.component.scss:2:8:
[37m      2 │ @import [32m[37m'../../../../../styles/variables';
        ╵         [32m^[0m


  Sass @import rules are deprecated and will be removed in Dart Sass 3.0.0.
  
  More info and automated migrator: [4mhttps://sass-lang.com/d/import[0m


[33m▲ [43;33m[[43;30mWARNING[43;33m][0m [1mDeprecation[0m [1m[35m[plugin angular-sass][0m

    projects/platform/src/app/campaign/campaign-edit/components/media-upload/media-upload.component.scss:3:8:
[37m      3 │ @import [32m[37m'../../../../../styles/mixins';
        ╵         [32m^[0m


  Sass @import rules are deprecated and will be removed in Dart Sass 3.0.0.
  
  More info and automated migrator: [4mhttps://sass-lang.com/d/import[0m


[33m▲ [43;33m[[43;30mWARNING[43;33m][0m [1mDeprecation[0m [1m[35m[plugin angular-sass][0m

    projects/platform/src/app/campaign/campaign-edit/components/requirements-form/requirements-form.component.scss:2:8:
[37m      2 │ @import [32m[37m'../../../../../styles/variables';
        ╵         [32m^[0m


  Sass @import rules are deprecated and will be removed in Dart Sass 3.0.0.
  
  More info and automated migrator: [4mhttps://sass-lang.com/d/import[0m


[33m▲ [43;33m[[43;30mWARNING[43;33m][0m [1mDeprecation[0m [1m[35m[plugin angular-sass][0m

    projects/platform/src/app/campaign/campaign-edit/components/requirements-form/requirements-form.component.scss:3:8:
[37m      3 │ @import [32m[37m'../../../../../styles/mixins';
        ╵         [32m^[0m


  Sass @import rules are deprecated and will be removed in Dart Sass 3.0.0.
  
  More info and automated migrator: [4mhttps://sass-lang.com/d/import[0m


[33m▲ [43;33m[[43;30mWARNING[43;33m][0m [1mDeprecation[0m [1m[35m[plugin angular-sass][0m

    projects/platform/src/app/campaign/campaign-edit/components/schedule-form/schedule-form.component.scss:2:8:
[37m      2 │ @import [32m[37m'../../../../../styles/variables';
        ╵         [32m^[0m


  Sass @import rules are deprecated and will be removed in Dart Sass 3.0.0.
  
  More info and automated migrator: [4mhttps://sass-lang.com/d/import[0m


[33m▲ [43;33m[[43;30mWARNING[43;33m][0m [1mDeprecation[0m [1m[35m[plugin angular-sass][0m

    projects/platform/src/app/campaign/campaign-edit/components/schedule-form/schedule-form.component.scss:3:8:
[37m      3 │ @import [32m[37m'../../../../../styles/mixins';
        ╵         [32m^[0m


  Sass @import rules are deprecated and will be removed in Dart Sass 3.0.0.
  
  More info and automated migrator: [4mhttps://sass-lang.com/d/import[0m


[33m▲ [43;33m[[43;30mWARNING[43;33m][0m [1mDeprecation[0m [1m[35m[plugin angular-sass][0m

    projects/platform/src/app/campaign/campaign-edit/components/targeting/targeting.component.scss:2:8:
[37m      2 │ @import [32m[37m'../../../../../styles/variables';
        ╵         [32m^[0m


  Sass @import rules are deprecated and will be removed in Dart Sass 3.0.0.
  
  More info and automated migrator: [4mhttps://sass-lang.com/d/import[0m


[33m▲ [43;33m[[43;30mWARNING[43;33m][0m [1mDeprecation[0m [1m[35m[plugin angular-sass][0m

    projects/platform/src/app/campaign/campaign-edit/components/targeting/targeting.component.scss:3:8:
[37m      3 │ @import [32m[37m'../../../../../styles/mixins';
        ╵         [32m^[0m


  Sass @import rules are deprecated and will be removed in Dart Sass 3.0.0.
  
  More info and automated migrator: [4mhttps://sass-lang.com/d/import[0m


[33m▲ [43;33m[[43;30mWARNING[43;33m][0m [1mDeprecation[0m [1m[35m[plugin angular-sass][0m

    projects/platform/src/app/campaign/create/_campaign-forms.scss:1:8:
[37m      1 │ @import [32m[37m'../../../styles/variables';
        ╵         [32m^[0m


  Sass @import rules are deprecated and will be removed in Dart Sass 3.0.0.
  
  More info and automated migrator: [4mhttps://sass-lang.com/d/import[0m


[33m▲ [43;33m[[43;30mWARNING[43;33m][0m [1mDeprecation[0m [1m[35m[plugin angular-sass][0m

    projects/platform/src/app/campaign/create/_campaign-forms.scss:1:8:
[37m      1 │ @import [32m[37m'../../../styles/variables';
        ╵         [32m^[0m


  Sass @import rules are deprecated and will be removed in Dart Sass 3.0.0.
  
  More info and automated migrator: [4mhttps://sass-lang.com/d/import[0m


[33m▲ [43;33m[[43;30mWARNING[43;33m][0m [1mDeprecation[0m [1m[35m[plugin angular-sass][0m

    projects/platform/src/app/campaign/create/_campaign-forms.scss:1:8:
[37m      1 │ @import [32m[37m'../../../styles/variables';
        ╵         [32m^[0m


  Sass @import rules are deprecated and will be removed in Dart Sass 3.0.0.
  
  More info and automated migrator: [4mhttps://sass-lang.com/d/import[0m


[33m▲ [43;33m[[43;30mWARNING[43;33m][0m [1mDeprecation[0m [1m[35m[plugin angular-sass][0m

    projects/platform/src/app/campaign/create/_campaign-forms.scss:1:8:
[37m      1 │ @import [32m[37m'../../../styles/variables';
        ╵         [32m^[0m


  Sass @import rules are deprecated and will be removed in Dart Sass 3.0.0.
  
  More info and automated migrator: [4mhttps://sass-lang.com/d/import[0m


[33m▲ [43;33m[[43;30mWARNING[43;33m][0m [1mDeprecation[0m [1m[35m[plugin angular-sass][0m

    projects/platform/src/app/campaign/create/_campaign-forms.scss:1:8:
[37m      1 │ @import [32m[37m'../../../styles/variables';
        ╵         [32m^[0m


  Sass @import rules are deprecated and will be removed in Dart Sass 3.0.0.
  
  More info and automated migrator: [4mhttps://sass-lang.com/d/import[0m


[33m▲ [43;33m[[43;30mWARNING[43;33m][0m [1mDeprecation[0m [1m[35m[plugin angular-sass][0m

    projects/platform/src/app/campaign/create/_campaign-forms.scss:2:8:
[37m      2 │ @import [32m[37m'../../../styles/mixins';// Shared styles for form cards, b...
        ╵         [32m^[0m


  Sass @import rules are deprecated and will be removed in Dart Sass 3.0.0.
  
  More info and automated migrator: [4mhttps://sass-lang.com/d/import[0m


[33m▲ [43;33m[[43;30mWARNING[43;33m][0m [1mDeprecation[0m [1m[35m[plugin angular-sass][0m

    projects/platform/src/app/campaign/create/_campaign-forms.scss:2:8:
[37m      2 │ @import [32m[37m'../../../styles/mixins';// Shared styles for form cards, b...
        ╵         [32m^[0m


  Sass @import rules are deprecated and will be removed in Dart Sass 3.0.0.
  
  More info and automated migrator: [4mhttps://sass-lang.com/d/import[0m


[33m▲ [43;33m[[43;30mWARNING[43;33m][0m [1mDeprecation[0m [1m[35m[plugin angular-sass][0m

    projects/platform/src/app/campaign/create/_campaign-forms.scss:2:8:
[37m      2 │ @import [32m[37m'../../../styles/mixins';// Shared styles for form cards, b...
        ╵         [32m^[0m


  Sass @import rules are deprecated and will be removed in Dart Sass 3.0.0.
  
  More info and automated migrator: [4mhttps://sass-lang.com/d/import[0m


[33m▲ [43;33m[[43;30mWARNING[43;33m][0m [1mDeprecation[0m [1m[35m[plugin angular-sass][0m

    projects/platform/src/app/campaign/create/_campaign-forms.scss:2:8:
[37m      2 │ @import [32m[37m'../../../styles/mixins';// Shared styles for form cards, b...
        ╵         [32m^[0m


  Sass @import rules are deprecated and will be removed in Dart Sass 3.0.0.
  
  More info and automated migrator: [4mhttps://sass-lang.com/d/import[0m


[33m▲ [43;33m[[43;30mWARNING[43;33m][0m [1mDeprecation[0m [1m[35m[plugin angular-sass][0m

    projects/platform/src/app/campaign/create/_campaign-forms.scss:2:8:
[37m      2 │ @import [32m[37m'../../../styles/mixins';// Shared styles for form cards, b...
        ╵         [32m^[0m


  Sass @import rules are deprecated and will be removed in Dart Sass 3.0.0.
  
  More info and automated migrator: [4mhttps://sass-lang.com/d/import[0m


[33m▲ [43;33m[[43;30mWARNING[43;33m][0m [1mDeprecation[0m [1m[35m[plugin angular-sass][0m

    projects/platform/src/app/campaign/create/components/campaign-budget-form/campaign-budget-form.component.scss:2:8:
[37m      2 │ @import [32m[37m'../../../../../styles/variables';
        ╵         [32m^[0m


  Sass @import rules are deprecated and will be removed in Dart Sass 3.0.0.
  
  More info and automated migrator: [4mhttps://sass-lang.com/d/import[0m


[33m▲ [43;33m[[43;30mWARNING[43;33m][0m [1mDeprecation[0m [1m[35m[plugin angular-sass][0m

    projects/platform/src/app/campaign/create/components/campaign-budget-form/campaign-budget-form.component.scss:3:8:
[37m      3 │ @import [32m[37m'../../../../../styles/mixins';
        ╵         [32m^[0m


  Sass @import rules are deprecated and will be removed in Dart Sass 3.0.0.
  
  More info and automated migrator: [4mhttps://sass-lang.com/d/import[0m


[33m▲ [43;33m[[43;30mWARNING[43;33m][0m [1mDeprecation[0m [1m[35m[plugin angular-sass][0m

    projects/platform/src/app/campaign/create/components/campaign-budget-form/campaign-budget-form.component.scss:4:8:
[37m      4 │ @import [32m[37m'../../_campaign-forms.scss';
        ╵         [32m^[0m


  Sass @import rules are deprecated and will be removed in Dart Sass 3.0.0.
  
  More info and automated migrator: [4mhttps://sass-lang.com/d/import[0m


[33m▲ [43;33m[[43;30mWARNING[43;33m][0m [1mDeprecation[0m [1m[35m[plugin angular-sass][0m

    projects/platform/src/app/campaign/create/components/campaign-content-form/campaign-content-form.component.scss:2:8:
[37m      2 │ @import [32m[37m'../../../../../styles/variables';
        ╵         [32m^[0m


  Sass @import rules are deprecated and will be removed in Dart Sass 3.0.0.
  
  More info and automated migrator: [4mhttps://sass-lang.com/d/import[0m


[33m▲ [43;33m[[43;30mWARNING[43;33m][0m [1mDeprecation[0m [1m[35m[plugin angular-sass][0m

    projects/platform/src/app/campaign/create/components/campaign-content-form/campaign-content-form.component.scss:3:8:
[37m      3 │ @import [32m[37m'../../../../../styles/mixins';
        ╵         [32m^[0m


  Sass @import rules are deprecated and will be removed in Dart Sass 3.0.0.
  
  More info and automated migrator: [4mhttps://sass-lang.com/d/import[0m


[33m▲ [43;33m[[43;30mWARNING[43;33m][0m [1mDeprecation[0m [1m[35m[plugin angular-sass][0m

    projects/platform/src/app/campaign/create/components/campaign-content-form/campaign-content-form.component.scss:4:8:
[37m      4 │ @import [32m[37m'../../_campaign-forms.scss';
        ╵         [32m^[0m


  Sass @import rules are deprecated and will be removed in Dart Sass 3.0.0.
  
  More info and automated migrator: [4mhttps://sass-lang.com/d/import[0m


[33m▲ [43;33m[[43;30mWARNING[43;33m][0m [1mDeprecation[0m [1m[35m[plugin angular-sass][0m

    projects/platform/src/app/campaign/create/components/campaign-goal-form/campaign-goal-form.component.scss:1:8:
[37m      1 │ @import [32m[37m'../../../../../styles/variables';
        ╵         [32m^[0m


  Sass @import rules are deprecated and will be removed in Dart Sass 3.0.0.
  
  More info and automated migrator: [4mhttps://sass-lang.com/d/import[0m


[33m▲ [43;33m[[43;30mWARNING[43;33m][0m [1mDeprecation[0m [1m[35m[plugin angular-sass][0m

    projects/platform/src/app/campaign/create/components/campaign-goal-form/campaign-goal-form.component.scss:2:8:
[37m      2 │ @import [32m[37m'../../../../../styles/mixins';
        ╵         [32m^[0m


  Sass @import rules are deprecated and will be removed in Dart Sass 3.0.0.
  
  More info and automated migrator: [4mhttps://sass-lang.com/d/import[0m


[33m▲ [43;33m[[43;30mWARNING[43;33m][0m [1mDeprecation[0m [1m[35m[plugin angular-sass][0m

    projects/platform/src/app/campaign/create/components/campaign-goal-form/campaign-goal-form.component.scss:3:8:
[37m      3 │ @import [32m[37m'../../_campaign-forms.scss';
        ╵         [32m^[0m


  Sass @import rules are deprecated and will be removed in Dart Sass 3.0.0.
  
  More info and automated migrator: [4mhttps://sass-lang.com/d/import[0m


[33m▲ [43;33m[[43;30mWARNING[43;33m][0m [1mDeprecation[0m [1m[35m[plugin angular-sass][0m

    projects/platform/src/app/campaign/create/components/campaign-schedule-form/campaign-schedule-form.component.scss:2:8:
[37m      2 │ @import [32m[37m'../../../../../styles/variables';
        ╵         [32m^[0m


  Sass @import rules are deprecated and will be removed in Dart Sass 3.0.0.
  
  More info and automated migrator: [4mhttps://sass-lang.com/d/import[0m


[33m▲ [43;33m[[43;30mWARNING[43;33m][0m [1mDeprecation[0m [1m[35m[plugin angular-sass][0m

    projects/platform/src/app/campaign/create/components/campaign-schedule-form/campaign-schedule-form.component.scss:3:8:
[37m      3 │ @import [32m[37m'../../../../../styles/mixins';
        ╵         [32m^[0m


  Sass @import rules are deprecated and will be removed in Dart Sass 3.0.0.
  
  More info and automated migrator: [4mhttps://sass-lang.com/d/import[0m


[33m▲ [43;33m[[43;30mWARNING[43;33m][0m [1mDeprecation[0m [1m[35m[plugin angular-sass][0m

    projects/platform/src/app/campaign/create/components/campaign-schedule-form/campaign-schedule-form.component.scss:4:8:
[37m      4 │ @import [32m[37m'../../_campaign-forms.scss';
        ╵         [32m^[0m


  Sass @import rules are deprecated and will be removed in Dart Sass 3.0.0.
  
  More info and automated migrator: [4mhttps://sass-lang.com/d/import[0m


[33m▲ [43;33m[[43;30mWARNING[43;33m][0m [1mDeprecation[0m [1m[35m[plugin angular-sass][0m

    projects/platform/src/app/campaign/create/components/campaign-summary/campaign-summary.component.scss:2:8:
[37m      2 │ @import [32m[37m'../../../../../styles/variables';
        ╵         [32m^[0m


  Sass @import rules are deprecated and will be removed in Dart Sass 3.0.0.
  
  More info and automated migrator: [4mhttps://sass-lang.com/d/import[0m


[33m▲ [43;33m[[43;30mWARNING[43;33m][0m [1mDeprecation[0m [1m[35m[plugin angular-sass][0m

    projects/platform/src/app/campaign/create/components/campaign-summary/campaign-summary.component.scss:3:8:
[37m      3 │ @import [32m[37m'../../../../../styles/mixins';
        ╵         [32m^[0m


  Sass @import rules are deprecated and will be removed in Dart Sass 3.0.0.
  
  More info and automated migrator: [4mhttps://sass-lang.com/d/import[0m


[33m▲ [43;33m[[43;30mWARNING[43;33m][0m [1mDeprecation[0m [1m[35m[plugin angular-sass][0m

    projects/platform/src/app/campaign/create/components/campaign-summary/campaign-summary.component.scss:4:8:
[37m      4 │ @import [32m[37m'../../_campaign-forms.scss';
        ╵         [32m^[0m


  Sass @import rules are deprecated and will be removed in Dart Sass 3.0.0.
  
  More info and automated migrator: [4mhttps://sass-lang.com/d/import[0m


[33m▲ [43;33m[[43;30mWARNING[43;33m][0m [1mDeprecation[0m [1m[35m[plugin angular-sass][0m

    projects/platform/src/app/campaign/create/create-campaign.component.scss:2:8:
[37m      2 │ @import [32m[37m'../../../styles/variables';
        ╵         [32m^[0m


  Sass @import rules are deprecated and will be removed in Dart Sass 3.0.0.
  
  More info and automated migrator: [4mhttps://sass-lang.com/d/import[0m


[33m▲ [43;33m[[43;30mWARNING[43;33m][0m [1mDeprecation[0m [1m[35m[plugin angular-sass][0m

    projects/platform/src/app/campaign/create/create-campaign.component.scss:3:8:
[37m      3 │ @import [32m[37m'../../../styles/mixins';
        ╵         [32m^[0m


  Sass @import rules are deprecated and will be removed in Dart Sass 3.0.0.
  
  More info and automated migrator: [4mhttps://sass-lang.com/d/import[0m


[33m▲ [43;33m[[43;30mWARNING[43;33m][0m [1mDeprecation[0m [1m[35m[plugin angular-sass][0m

    projects/platform/src/app/campaign/public-campaign-unavailable.component.scss:1:8:
[37m      1 │ @import [32m[37m'../../styles/variables';
        ╵         [32m^[0m


  Sass @import rules are deprecated and will be removed in Dart Sass 3.0.0.
  
  More info and automated migrator: [4mhttps://sass-lang.com/d/import[0m


[33m▲ [43;33m[[43;30mWARNING[43;33m][0m [1mDeprecation[0m [1m[35m[plugin angular-sass][0m

    projects/platform/src/app/campaign/shared/campaign-top-up-dialog.component.scss:1:8:
[37m      1 │ @import [32m[37m'../../../styles/variables';
        ╵         [32m^[0m


  Sass @import rules are deprecated and will be removed in Dart Sass 3.0.0.
  
  More info and automated migrator: [4mhttps://sass-lang.com/d/import[0m


[33m▲ [43;33m[[43;30mWARNING[43;33m][0m [1mDeprecation[0m [1m[35m[plugin angular-sass][0m

    projects/platform/src/app/campaign/targeting/components/error-state/error-state.component.scss:2:8:
[37m      2 │ @import [32m[37m'../../../../../styles/variables';
        ╵         [32m^[0m


  Sass @import rules are deprecated and will be removed in Dart Sass 3.0.0.
  
  More info and automated migrator: [4mhttps://sass-lang.com/d/import[0m


[33m▲ [43;33m[[43;30mWARNING[43;33m][0m [1mDeprecation[0m [1m[35m[plugin angular-sass][0m

    projects/platform/src/app/campaign/targeting/components/error-state/error-state.component.scss:3:8:
[37m      3 │ @import [32m[37m'../../../../../styles/mixins';
        ╵         [32m^[0m


  Sass @import rules are deprecated and will be removed in Dart Sass 3.0.0.
  
  More info and automated migrator: [4mhttps://sass-lang.com/d/import[0m


[33m▲ [43;33m[[43;30mWARNING[43;33m][0m [1mDeprecation[0m [1m[35m[plugin angular-sass][0m

    projects/platform/src/app/campaign/targeting/components/loading-state/loading-state.component.scss:2:8:
[37m      2 │ @import [32m[37m'../../../../../styles/variables';
        ╵         [32m^[0m


  Sass @import rules are deprecated and will be removed in Dart Sass 3.0.0.
  
  More info and automated migrator: [4mhttps://sass-lang.com/d/import[0m


[33m▲ [43;33m[[43;30mWARNING[43;33m][0m [1mDeprecation[0m [1m[35m[plugin angular-sass][0m

    projects/platform/src/app/campaign/targeting/components/loading-state/loading-state.component.scss:3:8:
[37m      3 │ @import [32m[37m'../../../../../styles/mixins';
        ╵         [32m^[0m


  Sass @import rules are deprecated and will be removed in Dart Sass 3.0.0.
  
  More info and automated migrator: [4mhttps://sass-lang.com/d/import[0m


[33m▲ [43;33m[[43;30mWARNING[43;33m][0m [1mDeprecation[0m [1m[35m[plugin angular-sass][0m

    projects/platform/src/app/campaign/targeting/components/targeting-header/targeting-header.component.scss:2:8:
[37m      2 │ @import [32m[37m'../../../../../styles/variables';
        ╵         [32m^[0m


  Sass @import rules are deprecated and will be removed in Dart Sass 3.0.0.
  
  More info and automated migrator: [4mhttps://sass-lang.com/d/import[0m


[33m▲ [43;33m[[43;30mWARNING[43;33m][0m [1mDeprecation[0m [1m[35m[plugin angular-sass][0m

    projects/platform/src/app/campaign/targeting/components/targeting-header/targeting-header.component.scss:3:8:
[37m      3 │ @import [32m[37m'../../../../../styles/mixins';
        ╵         [32m^[0m


  Sass @import rules are deprecated and will be removed in Dart Sass 3.0.0.
  
  More info and automated migrator: [4mhttps://sass-lang.com/d/import[0m


[33m▲ [43;33m[[43;30mWARNING[43;33m][0m [1mDeprecation[0m [1m[35m[plugin angular-sass][0m

    projects/platform/src/app/campaign/targeting/components/targeting/targeting.component.scss:2:8:
[37m      2 │ @import [32m[37m'../../../../../styles/variables';
        ╵         [32m^[0m


  Sass @import rules are deprecated and will be removed in Dart Sass 3.0.0.
  
  More info and automated migrator: [4mhttps://sass-lang.com/d/import[0m


[33m▲ [43;33m[[43;30mWARNING[43;33m][0m [1mDeprecation[0m [1m[35m[plugin angular-sass][0m

    projects/platform/src/app/campaign/targeting/components/targeting/targeting.component.scss:3:8:
[37m      3 │ @import [32m[37m'../../../../../styles/mixins';
        ╵         [32m^[0m


  Sass @import rules are deprecated and will be removed in Dart Sass 3.0.0.
  
  More info and automated migrator: [4mhttps://sass-lang.com/d/import[0m


[33m▲ [43;33m[[43;30mWARNING[43;33m][0m [1mDeprecation[0m [1m[35m[plugin angular-sass][0m

    projects/platform/src/app/common/components/countdown-overlay/countdown-overlay.component.scss:1:8:
[37m      1 │ @import [32m[37m'../../../../styles/variables';
        ╵         [32m^[0m


  Sass @import rules are deprecated and will be removed in Dart Sass 3.0.0.
  
  More info and automated migrator: [4mhttps://sass-lang.com/d/import[0m


[33m▲ [43;33m[[43;30mWARNING[43;33m][0m [1mDeprecation[0m [1m[35m[plugin angular-sass][0m

    projects/platform/src/app/common/components/countdown-overlay/countdown-overlay.component.scss:2:8:
[37m      2 │ @import [32m[37m'../../../../styles/mixins';
        ╵         [32m^[0m


  Sass @import rules are deprecated and will be removed in Dart Sass 3.0.0.
  
  More info and automated migrator: [4mhttps://sass-lang.com/d/import[0m


[33m▲ [43;33m[[43;30mWARNING[43;33m][0m [1mDeprecation[0m [1m[35m[plugin angular-sass][0m

    projects/platform/src/app/common/components/role-switcher/role-switcher.component.scss:1:8:
[37m      1 │ @import [32m[37m'../../../../styles/variables';
        ╵         [32m^[0m


  Sass @import rules are deprecated and will be removed in Dart Sass 3.0.0.
  
  More info and automated migrator: [4mhttps://sass-lang.com/d/import[0m


[33m▲ [43;33m[[43;30mWARNING[43;33m][0m [1mDeprecation[0m [1m[35m[plugin angular-sass][0m

    projects/platform/src/app/common/components/role-switcher/role-switcher.component.scss:2:8:
[37m      2 │ @import [32m[37m'../../../../styles/mixins';
        ╵         [32m^[0m


  Sass @import rules are deprecated and will be removed in Dart Sass 3.0.0.
  
  More info and automated migrator: [4mhttps://sass-lang.com/d/import[0m


[33m▲ [43;33m[[43;30mWARNING[43;33m][0m [1mDeprecation[0m [1m[35m[plugin angular-sass][0m

    projects/platform/src/app/community/feeds/comment-dialog/comment-dialog.component.scss:1:8:
[37m      1 │ @import [32m[37m'../../../../styles/variables';
        ╵         [32m^[0m


  Sass @import rules are deprecated and will be removed in Dart Sass 3.0.0.
  
  More info and automated migrator: [4mhttps://sass-lang.com/d/import[0m


[33m▲ [43;33m[[43;30mWARNING[43;33m][0m [1mDeprecation[0m [1m[35m[plugin angular-sass][0m

    projects/platform/src/app/community/feeds/comment-dialog/comment-dialog.component.scss:2:8:
[37m      2 │ @import [32m[37m'../../../../styles/mixins';
        ╵         [32m^[0m


  Sass @import rules are deprecated and will be removed in Dart Sass 3.0.0.
  
  More info and automated migrator: [4mhttps://sass-lang.com/d/import[0m


[33m▲ [43;33m[[43;30mWARNING[43;33m][0m [1mDeprecation[0m [1m[35m[plugin angular-sass][0m

    projects/platform/src/app/community/feeds/create/create-feed.component.scss:1:8:
[37m      1 │ @import [32m[37m'../../../../styles/variables';
        ╵         [32m^[0m


  Sass @import rules are deprecated and will be removed in Dart Sass 3.0.0.
  
  More info and automated migrator: [4mhttps://sass-lang.com/d/import[0m


[33m▲ [43;33m[[43;30mWARNING[43;33m][0m [1mDeprecation[0m [1m[35m[plugin angular-sass][0m

    projects/platform/src/app/community/feeds/create/create-feed.component.scss:2:8:
[37m      2 │ @import [32m[37m'../../../../styles/mixins';
        ╵         [32m^[0m


  Sass @import rules are deprecated and will be removed in Dart Sass 3.0.0.
  
  More info and automated migrator: [4mhttps://sass-lang.com/d/import[0m


[33m▲ [43;33m[[43;30mWARNING[43;33m][0m [1mDeprecation[0m [1m[35m[plugin angular-sass][0m

    projects/platform/src/app/community/feeds/create/create-feed.component.scss:659:26:
[37m      659 │               background: [32m[37mdarken($success-color, 5%);
          ╵                           [32m^[0m


  Global built-in functions are deprecated and will be removed in Dart Sass 3.0.0.
  Use color.adjust instead.
  
  More info and automated migrator: [4mhttps://sass-lang.com/d/import[0m


[33m▲ [43;33m[[43;30mWARNING[43;33m][0m [1mDeprecation[0m [1m[35m[plugin angular-sass][0m

    projects/platform/src/app/community/feeds/create/create-feed.component.scss:659:26:
[37m      659 │               background: [32m[37mdarken($success-color, 5%);
          ╵                           [32m^[0m


  darken() is deprecated. Suggestions:
  
  color.scale($color, $lightness: -12.6865671642%)
  color.adjust($color, $lightness: -5%)
  
  More info: [4mhttps://sass-lang.com/d/color-functions[0m


[33m▲ [43;33m[[43;30mWARNING[43;33m][0m [1mDeprecation[0m [1m[35m[plugin angular-sass][0m

    projects/platform/src/app/community/feeds/feed-page-mobile/feed-page-mobile.component.scss:1:8:
[37m      1 │ @import [32m[37m'../../../../styles/variables';
        ╵         [32m^[0m


  Sass @import rules are deprecated and will be removed in Dart Sass 3.0.0.
  
  More info and automated migrator: [4mhttps://sass-lang.com/d/import[0m


[33m▲ [43;33m[[43;30mWARNING[43;33m][0m [1mDeprecation[0m [1m[35m[plugin angular-sass][0m

    projects/platform/src/app/community/feeds/feed-page-mobile/feed-page-mobile.component.scss:2:8:
[37m      2 │ @import [32m[37m'../../../../styles/mixins';
        ╵         [32m^[0m


  Sass @import rules are deprecated and will be removed in Dart Sass 3.0.0.
  
  More info and automated migrator: [4mhttps://sass-lang.com/d/import[0m


[33m▲ [43;33m[[43;30mWARNING[43;33m][0m [1mNG8107: The left side of this optional chain operation does not include 'null' or 'undefined' in its type, therefore the '?.' operator can be replaced with the '.' operator.[0m [1m[35m[plugin angular-compiler][0m

    projects/platform/src/app/community/feeds/feed-page.component.html:106:39:
[37m      106 │                 @if (thread.topicTags?.[32mlength[37m) {
          ╵                                        [32m~~~~~~[0m

  Warning occurs in the template of component DesktopFeedPageComponent.

    projects/platform/src/app/community/feeds/feed-page.component.ts:62:15:
[37m      62 │   templateUrl: [32m'./feed-page.component.html'[37m,
         ╵                [32m~~~~~~~~~~~~~~~~~~~~~~~~~~~~[0m


[33m▲ [43;33m[[43;30mWARNING[43;33m][0m [1mDeprecation[0m [1m[35m[plugin angular-sass][0m

    projects/platform/src/app/community/feeds/feed-page.component.scss:1:8:
[37m      1 │ @import [32m[37m'../../../styles/variables';
        ╵         [32m^[0m


  Sass @import rules are deprecated and will be removed in Dart Sass 3.0.0.
  
  More info and automated migrator: [4mhttps://sass-lang.com/d/import[0m


[33m▲ [43;33m[[43;30mWARNING[43;33m][0m [1mDeprecation[0m [1m[35m[plugin angular-sass][0m

    projects/platform/src/app/community/feeds/feed-page.component.scss:2:8:
[37m      2 │ @import [32m[37m'../../../styles/mixins';
        ╵         [32m^[0m


  Sass @import rules are deprecated and will be removed in Dart Sass 3.0.0.
  
  More info and automated migrator: [4mhttps://sass-lang.com/d/import[0m


[33m▲ [43;33m[[43;30mWARNING[43;33m][0m [1mDeprecation[0m [1m[35m[plugin angular-sass][0m

    projects/platform/src/app/community/feeds/feed-post-card/feed-post-card.component.scss:1:8:
[37m      1 │ @import [32m[37m'../../../../styles/variables';
        ╵         [32m^[0m


  Sass @import rules are deprecated and will be removed in Dart Sass 3.0.0.
  
  More info and automated migrator: [4mhttps://sass-lang.com/d/import[0m


[33m▲ [43;33m[[43;30mWARNING[43;33m][0m [1mDeprecation[0m [1m[35m[plugin angular-sass][0m

    projects/platform/src/app/community/feeds/feed-post-card/feed-post-card.component.scss:2:8:
[37m      2 │ @import [32m[37m'../../../../styles/mixins';
        ╵         [32m^[0m


  Sass @import rules are deprecated and will be removed in Dart Sass 3.0.0.
  
  More info and automated migrator: [4mhttps://sass-lang.com/d/import[0m


[33m▲ [43;33m[[43;30mWARNING[43;33m][0m [1mDeprecation[0m [1m[35m[plugin angular-sass][0m

    projects/platform/src/app/community/feeds/shared/skeleton-loader/skeleton-loader.component.scss:1:8:
[37m      1 │ @import [32m[37m'../../../../../styles/variables';
        ╵         [32m^[0m


  Sass @import rules are deprecated and will be removed in Dart Sass 3.0.0.
  
  More info and automated migrator: [4mhttps://sass-lang.com/d/import[0m


[33m▲ [43;33m[[43;30mWARNING[43;33m][0m [1mDeprecation[0m [1m[35m[plugin angular-sass][0m

    projects/platform/src/app/community/feeds/shared/skeleton-loader/skeleton-loader.component.scss:2:8:
[37m      2 │ @import [32m[37m'../../../../../styles/mixins';
        ╵         [32m^[0m


  Sass @import rules are deprecated and will be removed in Dart Sass 3.0.0.
  
  More info and automated migrator: [4mhttps://sass-lang.com/d/import[0m


[33m▲ [43;33m[[43;30mWARNING[43;33m][0m [1mDeprecation[0m [1m[35m[plugin angular-sass][0m

    projects/platform/src/app/community/forum/comment/comment.component.scss:2:8:
[37m      2 │ @import [32m[37m'../../../../styles/variables';
        ╵         [32m^[0m


  Sass @import rules are deprecated and will be removed in Dart Sass 3.0.0.
  
  More info and automated migrator: [4mhttps://sass-lang.com/d/import[0m


[33m▲ [43;33m[[43;30mWARNING[43;33m][0m [1mDeprecation[0m [1m[35m[plugin angular-sass][0m

    projects/platform/src/app/community/forum/comment/comment.component.scss:3:8:
[37m      3 │ @import [32m[37m'../../../../styles/mixins';
        ╵         [32m^[0m


  Sass @import rules are deprecated and will be removed in Dart Sass 3.0.0.
  
  More info and automated migrator: [4mhttps://sass-lang.com/d/import[0m


[33m▲ [43;33m[[43;30mWARNING[43;33m][0m [1mDeprecation[0m [1m[35m[plugin angular-sass][0m

    projects/platform/src/app/community/forum/create-thread/create-thread.component.scss:2:8:
[37m      2 │ @import [32m[37m'../../../../styles/variables';
        ╵         [32m^[0m


  Sass @import rules are deprecated and will be removed in Dart Sass 3.0.0.
  
  More info and automated migrator: [4mhttps://sass-lang.com/d/import[0m


[33m▲ [43;33m[[43;30mWARNING[43;33m][0m [1mDeprecation[0m [1m[35m[plugin angular-sass][0m

    projects/platform/src/app/community/forum/create-thread/create-thread.component.scss:3:8:
[37m      3 │ @import [32m[37m'../../../../styles/mixins';
        ╵         [32m^[0m


  Sass @import rules are deprecated and will be removed in Dart Sass 3.0.0.
  
  More info and automated migrator: [4mhttps://sass-lang.com/d/import[0m


[33m▲ [43;33m[[43;30mWARNING[43;33m][0m [1mDeprecation[0m [1m[35m[plugin angular-sass][0m

    projects/platform/src/app/community/forum/forum-page.component.scss:2:8:
[37m      2 │ @import [32m[37m'../../../styles/variables';
        ╵         [32m^[0m


  Sass @import rules are deprecated and will be removed in Dart Sass 3.0.0.
  
  More info and automated migrator: [4mhttps://sass-lang.com/d/import[0m


[33m▲ [43;33m[[43;30mWARNING[43;33m][0m [1mDeprecation[0m [1m[35m[plugin angular-sass][0m

    projects/platform/src/app/community/forum/forum-page.component.scss:3:8:
[37m      3 │ @import [32m[37m'../../../styles/mixins';
        ╵         [32m^[0m


  Sass @import rules are deprecated and will be removed in Dart Sass 3.0.0.
  
  More info and automated migrator: [4mhttps://sass-lang.com/d/import[0m


[33m▲ [43;33m[[43;30mWARNING[43;33m][0m [1mDeprecation[0m [1m[35m[plugin angular-sass][0m

    projects/platform/src/app/community/forum/reply.component.scss:1:8:
[37m      1 │ @import [32m[37m'../../../styles/variables';
        ╵         [32m^[0m


  Sass @import rules are deprecated and will be removed in Dart Sass 3.0.0.
  
  More info and automated migrator: [4mhttps://sass-lang.com/d/import[0m


[33m▲ [43;33m[[43;30mWARNING[43;33m][0m [1mDeprecation[0m [1m[35m[plugin angular-sass][0m

    projects/platform/src/app/community/forum/reply.component.scss:2:8:
[37m      2 │ @import [32m[37m'../../../styles/mixins';
        ╵         [32m^[0m


  Sass @import rules are deprecated and will be removed in Dart Sass 3.0.0.
  
  More info and automated migrator: [4mhttps://sass-lang.com/d/import[0m


[33m▲ [43;33m[[43;30mWARNING[43;33m][0m [1mDeprecation[0m [1m[35m[plugin angular-sass][0m

    projects/platform/src/app/community/forum/thread/thread-detail/thread-detail.component.scss:2:8:
[37m      2 │ @import [32m[37m'../../../../../styles/variables';
        ╵         [32m^[0m


  Sass @import rules are deprecated and will be removed in Dart Sass 3.0.0.
  
  More info and automated migrator: [4mhttps://sass-lang.com/d/import[0m


[33m▲ [43;33m[[43;30mWARNING[43;33m][0m [1mDeprecation[0m [1m[35m[plugin angular-sass][0m

    projects/platform/src/app/community/forum/thread/thread-detail/thread-detail.component.scss:3:8:
[37m      3 │ @import [32m[37m'../../../../../styles/mixins';
        ╵         [32m^[0m


  Sass @import rules are deprecated and will be removed in Dart Sass 3.0.0.
  
  More info and automated migrator: [4mhttps://sass-lang.com/d/import[0m


[33m▲ [43;33m[[43;30mWARNING[43;33m][0m [1mDeprecation[0m [1m[35m[plugin angular-sass][0m

    projects/platform/src/app/community/forum/thread/thread-list/thread-list.component.scss:2:8:
[37m      2 │ @import [32m[37m'../../../../../styles/variables';
        ╵         [32m^[0m


  Sass @import rules are deprecated and will be removed in Dart Sass 3.0.0.
  
  More info and automated migrator: [4mhttps://sass-lang.com/d/import[0m


[33m▲ [43;33m[[43;30mWARNING[43;33m][0m [1mDeprecation[0m [1m[35m[plugin angular-sass][0m

    projects/platform/src/app/community/forum/thread/thread-list/thread-list.component.scss:3:8:
[37m      3 │ @import [32m[37m'../../../../../styles/mixins';
        ╵         [32m^[0m


  Sass @import rules are deprecated and will be removed in Dart Sass 3.0.0.
  
  More info and automated migrator: [4mhttps://sass-lang.com/d/import[0m


[33m▲ [43;33m[[43;30mWARNING[43;33m][0m [1mDeprecation[0m [1m[35m[plugin angular-sass][0m

    projects/platform/src/app/community/forum/thread/thread-list/thread-list.component.scss:371:15:
[37m      371 │         color: [32m[37mlighten($primary-color, 10%);
          ╵                [32m^[0m


  Global built-in functions are deprecated and will be removed in Dart Sass 3.0.0.
  Use color.adjust instead.
  
  More info and automated migrator: [4mhttps://sass-lang.com/d/import[0m


[33m▲ [43;33m[[43;30mWARNING[43;33m][0m [1mDeprecation[0m [1m[35m[plugin angular-sass][0m

    projects/platform/src/app/community/forum/thread/thread-list/thread-list.component.scss:371:15:
[37m      371 │         color: [32m[37mlighten($primary-color, 10%);
          ╵                [32m^[0m


  lighten() is deprecated. Suggestions:
  
  color.scale($color, $lightness: 29.3103448276%)
  color.adjust($color, $lightness: 10%)
  
  More info: [4mhttps://sass-lang.com/d/color-functions[0m


[33m▲ [43;33m[[43;30mWARNING[43;33m][0m [1mDeprecation[0m [1m[35m[plugin angular-sass][0m

    projects/platform/src/app/dashboard/daily-check-in/daily-check-in.component.scss:2:9:
[37m      2 │ @import  [32m[37m'../../../styles/variables';
        ╵          [32m^[0m


  Sass @import rules are deprecated and will be removed in Dart Sass 3.0.0.
  
  More info and automated migrator: [4mhttps://sass-lang.com/d/import[0m


[33m▲ [43;33m[[43;30mWARNING[43;33m][0m [1mDeprecation[0m [1m[35m[plugin angular-sass][0m

    projects/platform/src/app/dashboard/daily-check-in/daily-check-in.component.scss:3:8:
[37m      3 │ @import [32m[37m'../../../styles/mixins';
        ╵         [32m^[0m


  Sass @import rules are deprecated and will be removed in Dart Sass 3.0.0.
  
  More info and automated migrator: [4mhttps://sass-lang.com/d/import[0m


[33m▲ [43;33m[[43;30mWARNING[43;33m][0m [1mDeprecation[0m [1m[35m[plugin angular-sass][0m

    projects/platform/src/app/dashboard/gamification/gamification.component.scss:1:8:
[37m      1 │ @import [32m[37m'../../../styles/variables';
        ╵         [32m^[0m


  Sass @import rules are deprecated and will be removed in Dart Sass 3.0.0.
  
  More info and automated migrator: [4mhttps://sass-lang.com/d/import[0m


[33m▲ [43;33m[[43;30mWARNING[43;33m][0m [1mDeprecation[0m [1m[35m[plugin angular-sass][0m

    projects/platform/src/app/dashboard/gamification/gamification.component.scss:2:8:
[37m      2 │ @import [32m[37m'../../../styles/mixins';
        ╵         [32m^[0m


  Sass @import rules are deprecated and will be removed in Dart Sass 3.0.0.
  
  More info and automated migrator: [4mhttps://sass-lang.com/d/import[0m


[33m▲ [43;33m[[43;30mWARNING[43;33m][0m [1mDeprecation[0m [1m[35m[plugin angular-sass][0m

    projects/platform/src/app/dashboard/leaderboard/leaderboard.component.scss:2:8:
[37m      2 │ @import [32m[37m'../../../styles/variables';
        ╵         [32m^[0m


  Sass @import rules are deprecated and will be removed in Dart Sass 3.0.0.
  
  More info and automated migrator: [4mhttps://sass-lang.com/d/import[0m


[33m▲ [43;33m[[43;30mWARNING[43;33m][0m [1mDeprecation[0m [1m[35m[plugin angular-sass][0m

    projects/platform/src/app/dashboard/leaderboard/leaderboard.component.scss:3:8:
[37m      3 │ @import [32m[37m'../../../styles/mixins';
        ╵         [32m^[0m


  Sass @import rules are deprecated and will be removed in Dart Sass 3.0.0.
  
  More info and automated migrator: [4mhttps://sass-lang.com/d/import[0m


[33m▲ [43;33m[[43;30mWARNING[43;33m][0m [1mDeprecation[0m [1m[35m[plugin angular-sass][0m

    projects/platform/src/app/dashboard/main-content/components/badge-feed/badge-feed.component.scss:1:8:
[37m      1 │ @import [32m[37m'../../../../../styles/variables';
        ╵         [32m^[0m


  Sass @import rules are deprecated and will be removed in Dart Sass 3.0.0.
  
  More info and automated migrator: [4mhttps://sass-lang.com/d/import[0m


[33m▲ [43;33m[[43;30mWARNING[43;33m][0m [1mDeprecation[0m [1m[35m[plugin angular-sass][0m

    projects/platform/src/app/dashboard/main-content/components/badge-feed/badge-feed.component.scss:2:8:
[37m      2 │ @import [32m[37m'../../../../../styles/mixins';
        ╵         [32m^[0m


  Sass @import rules are deprecated and will be removed in Dart Sass 3.0.0.
  
  More info and automated migrator: [4mhttps://sass-lang.com/d/import[0m


[33m▲ [43;33m[[43;30mWARNING[43;33m][0m [1mDeprecation[0m [1m[35m[plugin angular-sass][0m

    projects/platform/src/app/dashboard/main-content/components/community-feed/community-feed.component.scss:1:8:
[37m      1 │ @import [32m[37m'../../../../../styles/variables';
        ╵         [32m^[0m


  Sass @import rules are deprecated and will be removed in Dart Sass 3.0.0.
  
  More info and automated migrator: [4mhttps://sass-lang.com/d/import[0m


[33m▲ [43;33m[[43;30mWARNING[43;33m][0m [1mDeprecation[0m [1m[35m[plugin angular-sass][0m

    projects/platform/src/app/dashboard/main-content/components/community-feed/community-feed.component.scss:2:8:
[37m      2 │ @import [32m[37m'../../../../../styles/mixins';
        ╵         [32m^[0m


  Sass @import rules are deprecated and will be removed in Dart Sass 3.0.0.
  
  More info and automated migrator: [4mhttps://sass-lang.com/d/import[0m


[33m▲ [43;33m[[43;30mWARNING[43;33m][0m [1mDeprecation[0m [1m[35m[plugin angular-sass][0m

    projects/platform/src/app/dashboard/main-content/components/connections-section/connections-section.component.scss:1:8:
[37m      1 │ @import [32m[37m'../../../../../styles/variables';
        ╵         [32m^[0m


  Sass @import rules are deprecated and will be removed in Dart Sass 3.0.0.
  
  More info and automated migrator: [4mhttps://sass-lang.com/d/import[0m


[33m▲ [43;33m[[43;30mWARNING[43;33m][0m [1mDeprecation[0m [1m[35m[plugin angular-sass][0m

    projects/platform/src/app/dashboard/main-content/components/connections-section/connections-section.component.scss:2:8:
[37m      2 │ @import [32m[37m'../../../../../styles/mixins';
        ╵         [32m^[0m


  Sass @import rules are deprecated and will be removed in Dart Sass 3.0.0.
  
  More info and automated migrator: [4mhttps://sass-lang.com/d/import[0m


[33m▲ [43;33m[[43;30mWARNING[43;33m][0m [1mDeprecation[0m [1m[35m[plugin angular-sass][0m

    projects/platform/src/app/dashboard/main-content/components/dashboard-header/dashboard-header.component.scss:1:8:
[37m      1 │ @import [32m[37m'../../../../../styles/variables';
        ╵         [32m^[0m


  Sass @import rules are deprecated and will be removed in Dart Sass 3.0.0.
  
  More info and automated migrator: [4mhttps://sass-lang.com/d/import[0m


[33m▲ [43;33m[[43;30mWARNING[43;33m][0m [1mDeprecation[0m [1m[35m[plugin angular-sass][0m

    projects/platform/src/app/dashboard/main-content/components/dashboard-header/dashboard-header.component.scss:2:8:
[37m      2 │ @import [32m[37m'../../../../../styles/mixins';
        ╵         [32m^[0m


  Sass @import rules are deprecated and will be removed in Dart Sass 3.0.0.
  
  More info and automated migrator: [4mhttps://sass-lang.com/d/import[0m


[33m▲ [43;33m[[43;30mWARNING[43;33m][0m [1mDeprecation[0m [1m[35m[plugin angular-sass][0m

    projects/platform/src/app/dashboard/main-content/components/gamification-spotlight/gamification-spotlight.component.scss:1:8:
[37m      1 │ @import [32m[37m'../../../../../styles/variables';
        ╵         [32m^[0m


  Sass @import rules are deprecated and will be removed in Dart Sass 3.0.0.
  
  More info and automated migrator: [4mhttps://sass-lang.com/d/import[0m


[33m▲ [43;33m[[43;30mWARNING[43;33m][0m [1mDeprecation[0m [1m[35m[plugin angular-sass][0m

    projects/platform/src/app/dashboard/main-content/components/gamification-spotlight/gamification-spotlight.component.scss:2:8:
[37m      2 │ @import [32m[37m'../../../../../styles/mixins';
        ╵         [32m^[0m


  Sass @import rules are deprecated and will be removed in Dart Sass 3.0.0.
  
  More info and automated migrator: [4mhttps://sass-lang.com/d/import[0m


[33m▲ [43;33m[[43;30mWARNING[43;33m][0m [1mDeprecation[0m [1m[35m[plugin angular-sass][0m

    projects/platform/src/app/dashboard/main-content/components/gamification-spotlight/gamification-spotlight.component.scss:228:18:
[37m      228 │       background: [32m[37mnth((#7c3aed, #06b6d4, #f59e0b, #16a34a, #ec489...
          ╵                   [32m^[0m


  Global built-in functions are deprecated and will be removed in Dart Sass 3.0.0.
  Use list.nth instead.
  
  More info and automated migrator: [4mhttps://sass-lang.com/d/import[0m


[33m▲ [43;33m[[43;30mWARNING[43;33m][0m [1mDeprecation[0m [1m[35m[plugin angular-sass][0m

    projects/platform/src/app/dashboard/main-content/components/learning-section/learning-section.component.scss:1:8:
[37m      1 │ @import [32m[37m'../../../../../styles/variables';
        ╵         [32m^[0m


  Sass @import rules are deprecated and will be removed in Dart Sass 3.0.0.
  
  More info and automated migrator: [4mhttps://sass-lang.com/d/import[0m


[33m▲ [43;33m[[43;30mWARNING[43;33m][0m [1mDeprecation[0m [1m[35m[plugin angular-sass][0m

    projects/platform/src/app/dashboard/main-content/components/learning-section/learning-section.component.scss:2:8:
[37m      2 │ @import [32m[37m'../../../../../styles/mixins';
        ╵         [32m^[0m


  Sass @import rules are deprecated and will be removed in Dart Sass 3.0.0.
  
  More info and automated migrator: [4mhttps://sass-lang.com/d/import[0m


[33m▲ [43;33m[[43;30mWARNING[43;33m][0m [1mDeprecation[0m [1m[35m[plugin angular-sass][0m

    projects/platform/src/app/dashboard/main-content/components/performance-metrics/performance-metrics.component.scss:1:8:
[37m      1 │ @import [32m[37m'../../../../../styles/variables';
        ╵         [32m^[0m


  Sass @import rules are deprecated and will be removed in Dart Sass 3.0.0.
  
  More info and automated migrator: [4mhttps://sass-lang.com/d/import[0m


[33m▲ [43;33m[[43;30mWARNING[43;33m][0m [1mDeprecation[0m [1m[35m[plugin angular-sass][0m

    projects/platform/src/app/dashboard/main-content/components/performance-metrics/performance-metrics.component.scss:2:8:
[37m      2 │ @import [32m[37m'../../../../../styles/mixins';
        ╵         [32m^[0m


  Sass @import rules are deprecated and will be removed in Dart Sass 3.0.0.
  
  More info and automated migrator: [4mhttps://sass-lang.com/d/import[0m


[33m▲ [43;33m[[43;30mWARNING[43;33m][0m [1mDeprecation[0m [1m[35m[plugin angular-sass][0m

    projects/platform/src/app/dashboard/main-content/components/quick-stats/quick-stats.component.scss:1:8:
[37m      1 │ @import [32m[37m'../../../../../styles/variables';
        ╵         [32m^[0m


  Sass @import rules are deprecated and will be removed in Dart Sass 3.0.0.
  
  More info and automated migrator: [4mhttps://sass-lang.com/d/import[0m


[33m▲ [43;33m[[43;30mWARNING[43;33m][0m [1mDeprecation[0m [1m[35m[plugin angular-sass][0m

    projects/platform/src/app/dashboard/main-content/components/quick-stats/quick-stats.component.scss:2:8:
[37m      2 │ @import [32m[37m'../../../../../styles/mixins';
        ╵         [32m^[0m


  Sass @import rules are deprecated and will be removed in Dart Sass 3.0.0.
  
  More info and automated migrator: [4mhttps://sass-lang.com/d/import[0m


[33m▲ [43;33m[[43;30mWARNING[43;33m][0m [1mDeprecation[0m [1m[35m[plugin angular-sass][0m

    projects/platform/src/app/dashboard/main-content/components/recent-activity/recent-activity.component.scss:1:8:
[37m      1 │ @import [32m[37m'../../../../../styles/variables';
        ╵         [32m^[0m


  Sass @import rules are deprecated and will be removed in Dart Sass 3.0.0.
  
  More info and automated migrator: [4mhttps://sass-lang.com/d/import[0m


[33m▲ [43;33m[[43;30mWARNING[43;33m][0m [1mDeprecation[0m [1m[35m[plugin angular-sass][0m

    projects/platform/src/app/dashboard/main-content/components/recent-activity/recent-activity.component.scss:2:8:
[37m      2 │ @import [32m[37m'../../../../../styles/mixins';
        ╵         [32m^[0m


  Sass @import rules are deprecated and will be removed in Dart Sass 3.0.0.
  
  More info and automated migrator: [4mhttps://sass-lang.com/d/import[0m


[33m▲ [43;33m[[43;30mWARNING[43;33m][0m [1mDeprecation[0m [1m[35m[plugin angular-sass][0m

    projects/platform/src/app/dashboard/main-content/components/trending-section/trending-section.component.scss:1:8:
[37m      1 │ @import [32m[37m'../../../../../styles/variables';
        ╵         [32m^[0m


  Sass @import rules are deprecated and will be removed in Dart Sass 3.0.0.
  
  More info and automated migrator: [4mhttps://sass-lang.com/d/import[0m


[33m▲ [43;33m[[43;30mWARNING[43;33m][0m [1mDeprecation[0m [1m[35m[plugin angular-sass][0m

    projects/platform/src/app/dashboard/main-content/components/trending-section/trending-section.component.scss:2:8:
[37m      2 │ @import [32m[37m'../../../../../styles/mixins';
        ╵         [32m^[0m


  Sass @import rules are deprecated and will be removed in Dart Sass 3.0.0.
  
  More info and automated migrator: [4mhttps://sass-lang.com/d/import[0m


[33m▲ [43;33m[[43;30mWARNING[43;33m][0m [1mDeprecation[0m [1m[35m[plugin angular-sass][0m

    projects/platform/src/app/dashboard/main-content/main-content.component.scss:2:8:
[37m      2 │ @import [32m[37m'../../../styles/variables';
        ╵         [32m^[0m


  Sass @import rules are deprecated and will be removed in Dart Sass 3.0.0.
  
  More info and automated migrator: [4mhttps://sass-lang.com/d/import[0m


[33m▲ [43;33m[[43;30mWARNING[43;33m][0m [1mDeprecation[0m [1m[35m[plugin angular-sass][0m

    projects/platform/src/app/dashboard/main-content/main-content.component.scss:3:8:
[37m      3 │ @import [32m[37m'../../../styles/mixins';
        ╵         [32m^[0m


  Sass @import rules are deprecated and will be removed in Dart Sass 3.0.0.
  
  More info and automated migrator: [4mhttps://sass-lang.com/d/import[0m


[33m▲ [43;33m[[43;30mWARNING[43;33m][0m [1mDeprecation[0m [1m[35m[plugin angular-sass][0m

    projects/platform/src/app/dashboard/main-content/main-content.component.scss:246:20:
[37m      246 │         background: [32m[37mdarken($primary-color, 10%);
          ╵                     [32m^[0m


  Global built-in functions are deprecated and will be removed in Dart Sass 3.0.0.
  Use color.adjust instead.
  
  More info and automated migrator: [4mhttps://sass-lang.com/d/import[0m


[33m▲ [43;33m[[43;30mWARNING[43;33m][0m [1mDeprecation[0m [1m[35m[plugin angular-sass][0m

    projects/platform/src/app/dashboard/main-content/main-content.component.scss:246:20:
[37m      246 │         background: [32m[37mdarken($primary-color, 10%);
          ╵                     [32m^[0m


  darken() is deprecated. Suggestions:
  
  color.scale($color, $lightness: -15.1785714286%)
  color.adjust($color, $lightness: -10%)
  
  More info: [4mhttps://sass-lang.com/d/color-functions[0m


[33m▲ [43;33m[[43;30mWARNING[43;33m][0m [1mDeprecation[0m [1m[35m[plugin angular-sass][0m

    projects/platform/src/app/dashboard/main-content/main-content.component.scss:367:22:
[37m      367 │     border: 2px solid [32m[37mdarken($primary-color, 20%);
          ╵                       [32m^[0m


  Global built-in functions are deprecated and will be removed in Dart Sass 3.0.0.
  Use color.adjust instead.
  
  More info and automated migrator: [4mhttps://sass-lang.com/d/import[0m


[33m▲ [43;33m[[43;30mWARNING[43;33m][0m [1mDeprecation[0m [1m[35m[plugin angular-sass][0m

    projects/platform/src/app/dashboard/main-content/main-content.component.scss:367:22:
[37m      367 │     border: 2px solid [32m[37mdarken($primary-color, 20%);
          ╵                       [32m^[0m


  darken() is deprecated. Suggestions:
  
  color.scale($color, $lightness: -30.3571428571%)
  color.adjust($color, $lightness: -20%)
  
  More info: [4mhttps://sass-lang.com/d/color-functions[0m


[33m▲ [43;33m[[43;30mWARNING[43;33m][0m [1mDeprecation[0m [1m[35m[plugin angular-sass][0m

    projects/platform/src/app/dashboard/main-content/notification-banner/general-msg-notifier/general-msg-notifier-banner.component.scss:2:8:
[37m      2 │ @import [32m[37m'../../../../../styles/variables';
        ╵         [32m^[0m


  Sass @import rules are deprecated and will be removed in Dart Sass 3.0.0.
  
  More info and automated migrator: [4mhttps://sass-lang.com/d/import[0m


[33m▲ [43;33m[[43;30mWARNING[43;33m][0m [1mDeprecation[0m [1m[35m[plugin angular-sass][0m

    projects/platform/src/app/dashboard/main-content/notification-banner/general-msg-notifier/general-msg-notifier-banner.component.scss:3:8:
[37m      3 │ @import [32m[37m'../../../../../styles/mixins';
        ╵         [32m^[0m


  Sass @import rules are deprecated and will be removed in Dart Sass 3.0.0.
  
  More info and automated migrator: [4mhttps://sass-lang.com/d/import[0m


[33m▲ [43;33m[[43;30mWARNING[43;33m][0m [1mDeprecation[0m [1m[35m[plugin angular-sass][0m

    projects/platform/src/app/dashboard/main-content/notification-banner/profiile-notifier/profile-notifier-banner.component.scss:2:8:
[37m      2 │ @import [32m[37m'../../../../../styles/variables';
        ╵         [32m^[0m


  Sass @import rules are deprecated and will be removed in Dart Sass 3.0.0.
  
  More info and automated migrator: [4mhttps://sass-lang.com/d/import[0m


[33m▲ [43;33m[[43;30mWARNING[43;33m][0m [1mDeprecation[0m [1m[35m[plugin angular-sass][0m

    projects/platform/src/app/dashboard/main-content/notification-banner/profiile-notifier/profile-notifier-banner.component.scss:3:8:
[37m      3 │ @import [32m[37m'../../../../../styles/mixins';
        ╵         [32m^[0m


  Sass @import rules are deprecated and will be removed in Dart Sass 3.0.0.
  
  More info and automated migrator: [4mhttps://sass-lang.com/d/import[0m


[33m▲ [43;33m[[43;30mWARNING[43;33m][0m [1mDeprecation[0m [1m[35m[plugin angular-sass][0m

    projects/platform/src/app/dashboard/main-content/notification-banner/promo/promo-banner.component.scss:2:8:
[37m      2 │ @import [32m[37m'../../../../../styles/variables';
        ╵         [32m^[0m


  Sass @import rules are deprecated and will be removed in Dart Sass 3.0.0.
  
  More info and automated migrator: [4mhttps://sass-lang.com/d/import[0m


[33m▲ [43;33m[[43;30mWARNING[43;33m][0m [1mDeprecation[0m [1m[35m[plugin angular-sass][0m

    projects/platform/src/app/dashboard/main-content/notification-banner/promo/promo-banner.component.scss:3:8:
[37m      3 │ @import [32m[37m'../../../../../styles/mixins';
        ╵         [32m^[0m


  Sass @import rules are deprecated and will be removed in Dart Sass 3.0.0.
  
  More info and automated migrator: [4mhttps://sass-lang.com/d/import[0m


[33m▲ [43;33m[[43;30mWARNING[43;33m][0m [1mDeprecation[0m [1m[35m[plugin angular-sass][0m

    projects/platform/src/app/dashboard/notification/notification-center/notification-center.component.scss:1:8:
[37m      1 │ @import [32m[37m'../../../../styles/variables';
        ╵         [32m^[0m


  Sass @import rules are deprecated and will be removed in Dart Sass 3.0.0.
  
  More info and automated migrator: [4mhttps://sass-lang.com/d/import[0m


[33m▲ [43;33m[[43;30mWARNING[43;33m][0m [1mDeprecation[0m [1m[35m[plugin angular-sass][0m

    projects/platform/src/app/dashboard/notification/notification-center/notification-center.component.scss:2:8:
[37m      2 │ @import [32m[37m'../../../../styles/mixins';
        ╵         [32m^[0m


  Sass @import rules are deprecated and will be removed in Dart Sass 3.0.0.
  
  More info and automated migrator: [4mhttps://sass-lang.com/d/import[0m


[33m▲ [43;33m[[43;30mWARNING[43;33m][0m [1mDeprecation[0m [1m[35m[plugin angular-sass][0m

    projects/platform/src/app/dashboard/notification/notification.component.scss:2:8:
[37m      2 │ @import [32m[37m'../../../styles/variables';
        ╵         [32m^[0m


  Sass @import rules are deprecated and will be removed in Dart Sass 3.0.0.
  
  More info and automated migrator: [4mhttps://sass-lang.com/d/import[0m


[33m▲ [43;33m[[43;30mWARNING[43;33m][0m [1mDeprecation[0m [1m[35m[plugin angular-sass][0m

    projects/platform/src/app/dashboard/notification/notification.component.scss:3:8:
[37m      3 │ @import [32m[37m'../../../styles/mixins';
        ╵         [32m^[0m


  Sass @import rules are deprecated and will be removed in Dart Sass 3.0.0.
  
  More info and automated migrator: [4mhttps://sass-lang.com/d/import[0m


[33m▲ [43;33m[[43;30mWARNING[43;33m][0m [1mNG8107: The left side of this optional chain operation does not include 'null' or 'undefined' in its type, therefore the '?.' operator can be replaced with the '.' operator.[0m [1m[35m[plugin angular-compiler][0m

    projects/platform/src/app/dashboard/search/global-search-bar.component.html:79:36:
[37m      79 │                 @if (result.region?.[32mlabel[37m) {
         ╵                                     [32m~~~~~[0m

  Warning occurs in the template of component GlobalSearchBarComponent.

    projects/platform/src/app/dashboard/search/global-search-bar.component.ts:32:15:
[37m      32 │   templateUrl: [32m'./global-search-bar.component.html'[37m,
         ╵                [32m~~~~~~~~~~~~~~~~~~~~~~~~~~~~~~~~~~~~[0m


[33m▲ [43;33m[[43;30mWARNING[43;33m][0m [1mNG8107: The left side of this optional chain operation does not include 'null' or 'undefined' in its type, therefore the '?.' operator can be replaced with the '.' operator.[0m [1m[35m[plugin angular-compiler][0m

    projects/platform/src/app/dashboard/search/global-search-page.component.html:230:34:
[37m      230 │               @if (result.region?.[32mlabel[37m) {
          ╵                                   [32m~~~~~[0m

  Warning occurs in the template of component GlobalSearchPageComponent.

    projects/platform/src/app/dashboard/search/global-search-page.component.ts:52:15:
[37m      52 │   templateUrl: [32m'./global-search-page.component.html'[37m,
         ╵                [32m~~~~~~~~~~~~~~~~~~~~~~~~~~~~~~~~~~~~~[0m


[33m▲ [43;33m[[43;30mWARNING[43;33m][0m [1mNG8113: CurrencyUtilsPipe is not used within the template of GlobalSearchPageComponent[0m [1m[35m[plugin angular-compiler][0m

    projects/platform/src/app/dashboard/search/global-search-page.component.ts:50:4:
[37m      50 │     [32mCurrencyUtilsPipe[37m,
         ╵     [32m~~~~~~~~~~~~~~~~~[0m


[33m▲ [43;33m[[43;30mWARNING[43;33m][0m [1mDeprecation[0m [1m[35m[plugin angular-sass][0m

    projects/platform/src/app/dashboard/sidenav/components/campaigns-summary-card/campaigns-summary-card.component.scss:1:8:
[37m      1 │ @import [32m[37m'../../../../../styles/variables';
        ╵         [32m^[0m


  Sass @import rules are deprecated and will be removed in Dart Sass 3.0.0.
  
  More info and automated migrator: [4mhttps://sass-lang.com/d/import[0m


[33m▲ [43;33m[[43;30mWARNING[43;33m][0m [1mDeprecation[0m [1m[35m[plugin angular-sass][0m

    projects/platform/src/app/dashboard/sidenav/components/campaigns-summary-card/campaigns-summary-card.component.scss:2:8:
[37m      2 │ @import [32m[37m'../../../../../styles/mixins';
        ╵         [32m^[0m


  Sass @import rules are deprecated and will be removed in Dart Sass 3.0.0.
  
  More info and automated migrator: [4mhttps://sass-lang.com/d/import[0m


[33m▲ [43;33m[[43;30mWARNING[43;33m][0m [1mDeprecation[0m [1m[35m[plugin angular-sass][0m

    projects/platform/src/app/dashboard/sidenav/components/cart-dialog/cart-dialog.component.scss:2:8:
[37m      2 │ @import [32m[37m'../../../../../styles/variables';
        ╵         [32m^[0m


  Sass @import rules are deprecated and will be removed in Dart Sass 3.0.0.
  
  More info and automated migrator: [4mhttps://sass-lang.com/d/import[0m


[33m▲ [43;33m[[43;30mWARNING[43;33m][0m [1mDeprecation[0m [1m[35m[plugin angular-sass][0m

    projects/platform/src/app/dashboard/sidenav/components/cart-dialog/cart-dialog.component.scss:3:8:
[37m      3 │ @import [32m[37m'../../../../../styles/mixins';
        ╵         [32m^[0m


  Sass @import rules are deprecated and will be removed in Dart Sass 3.0.0.
  
  More info and automated migrator: [4mhttps://sass-lang.com/d/import[0m


[33m▲ [43;33m[[43;30mWARNING[43;33m][0m [1mDeprecation[0m [1m[35m[plugin angular-sass][0m

    projects/platform/src/app/dashboard/sidenav/components/promotions-summary-card/promotions-summary-card.component.scss:1:8:
[37m      1 │ @import [32m[37m'../../../../../styles/variables';
        ╵         [32m^[0m


  Sass @import rules are deprecated and will be removed in Dart Sass 3.0.0.
  
  More info and automated migrator: [4mhttps://sass-lang.com/d/import[0m


[33m▲ [43;33m[[43;30mWARNING[43;33m][0m [1mDeprecation[0m [1m[35m[plugin angular-sass][0m

    projects/platform/src/app/dashboard/sidenav/components/promotions-summary-card/promotions-summary-card.component.scss:2:8:
[37m      2 │ @import [32m[37m'../../../../../styles/mixins';
        ╵         [32m^[0m


  Sass @import rules are deprecated and will be removed in Dart Sass 3.0.0.
  
  More info and automated migrator: [4mhttps://sass-lang.com/d/import[0m


[33m▲ [43;33m[[43;30mWARNING[43;33m][0m [1mDeprecation[0m [1m[35m[plugin angular-sass][0m

    projects/platform/src/app/dashboard/sidenav/components/quick-actions/quick-actions.component.scss:3:8:
[37m      3 │ @import [32m[37m'../../../../../styles/variables';
        ╵         [32m^[0m


  Sass @import rules are deprecated and will be removed in Dart Sass 3.0.0.
  
  More info and automated migrator: [4mhttps://sass-lang.com/d/import[0m


[33m▲ [43;33m[[43;30mWARNING[43;33m][0m [1mDeprecation[0m [1m[35m[plugin angular-sass][0m

    projects/platform/src/app/dashboard/sidenav/components/quick-actions/quick-actions.component.scss:4:8:
[37m      4 │ @import [32m[37m'../../../../../styles/mixins';
        ╵         [32m^[0m


  Sass @import rules are deprecated and will be removed in Dart Sass 3.0.0.
  
  More info and automated migrator: [4mhttps://sass-lang.com/d/import[0m


[33m▲ [43;33m[[43;30mWARNING[43;33m][0m [1mDeprecation[0m [1m[35m[plugin angular-sass][0m

    projects/platform/src/app/dashboard/sidenav/components/sidenav-navigation/sidenav-navigation.component.scss:2:8:
[37m      2 │ @import [32m[37m'../../../../../styles/variables';
        ╵         [32m^[0m


  Sass @import rules are deprecated and will be removed in Dart Sass 3.0.0.
  
  More info and automated migrator: [4mhttps://sass-lang.com/d/import[0m


[33m▲ [43;33m[[43;30mWARNING[43;33m][0m [1mDeprecation[0m [1m[35m[plugin angular-sass][0m

    projects/platform/src/app/dashboard/sidenav/components/sidenav-navigation/sidenav-navigation.component.scss:3:8:
[37m      3 │ @import [32m[37m'../../../../../styles/mixins';
        ╵         [32m^[0m


  Sass @import rules are deprecated and will be removed in Dart Sass 3.0.0.
  
  More info and automated migrator: [4mhttps://sass-lang.com/d/import[0m


[33m▲ [43;33m[[43;30mWARNING[43;33m][0m [1mDeprecation[0m [1m[35m[plugin angular-sass][0m

    projects/platform/src/app/dashboard/sidenav/components/user-profile-card/user-profile-card.component.scss:3:8:
[37m      3 │ @import [32m[37m'../../../../../styles/variables';
        ╵         [32m^[0m


  Sass @import rules are deprecated and will be removed in Dart Sass 3.0.0.
  
  More info and automated migrator: [4mhttps://sass-lang.com/d/import[0m


[33m▲ [43;33m[[43;30mWARNING[43;33m][0m [1mDeprecation[0m [1m[35m[plugin angular-sass][0m

    projects/platform/src/app/dashboard/sidenav/components/user-profile-card/user-profile-card.component.scss:4:8:
[37m      4 │ @import [32m[37m'../../../../../styles/mixins';
        ╵         [32m^[0m


  Sass @import rules are deprecated and will be removed in Dart Sass 3.0.0.
  
  More info and automated migrator: [4mhttps://sass-lang.com/d/import[0m


[33m▲ [43;33m[[43;30mWARNING[43;33m][0m [1mDeprecation[0m [1m[35m[plugin angular-sass][0m

    projects/platform/src/app/dashboard/sidenav/sidenav.component.scss:1:8:
[37m      1 │ @import [32m[37m'../../../styles/variables';
        ╵         [32m^[0m


  Sass @import rules are deprecated and will be removed in Dart Sass 3.0.0.
  
  More info and automated migrator: [4mhttps://sass-lang.com/d/import[0m


[33m▲ [43;33m[[43;30mWARNING[43;33m][0m [1mDeprecation[0m [1m[35m[plugin angular-sass][0m

    projects/platform/src/app/dashboard/sidenav/sidenav.component.scss:2:8:
[37m      2 │ @import [32m[37m'../../../styles/mixins';
        ╵         [32m^[0m


  Sass @import rules are deprecated and will be removed in Dart Sass 3.0.0.
  
  More info and automated migrator: [4mhttps://sass-lang.com/d/import[0m


[33m▲ [43;33m[[43;30mWARNING[43;33m][0m [1mDeprecation[0m [1m[35m[plugin angular-sass][0m

    projects/platform/src/app/dashboard/testimonial/testimonial.component.scss:1:8:
[37m      1 │ @import [32m[37m'./../../../styles/variables';
        ╵         [32m^[0m


  Sass @import rules are deprecated and will be removed in Dart Sass 3.0.0.
  
  More info and automated migrator: [4mhttps://sass-lang.com/d/import[0m


[33m▲ [43;33m[[43;30mWARNING[43;33m][0m [1mDeprecation[0m [1m[35m[plugin angular-sass][0m

    projects/platform/src/app/dashboard/testimonial/testimonial.component.scss:2:8:
[37m      2 │ @import [32m[37m'./../../../styles/mixins';
        ╵         [32m^[0m


  Sass @import rules are deprecated and will be removed in Dart Sass 3.0.0.
  
  More info and automated migrator: [4mhttps://sass-lang.com/d/import[0m


[33m▲ [43;33m[[43;30mWARNING[43;33m][0m [1mDeprecation[0m [1m[35m[plugin angular-sass][0m

    projects/platform/src/app/get-started/onboarding/cta-section/cta-section.component.scss:1:8:
[37m      1 │ @import [32m[37m'../../../../styles/variables';
        ╵         [32m^[0m


  Sass @import rules are deprecated and will be removed in Dart Sass 3.0.0.
  
  More info and automated migrator: [4mhttps://sass-lang.com/d/import[0m


[33m▲ [43;33m[[43;30mWARNING[43;33m][0m [1mDeprecation[0m [1m[35m[plugin angular-sass][0m

    projects/platform/src/app/get-started/onboarding/cta-section/cta-section.component.scss:2:8:
[37m      2 │ @import [32m[37m'../../../../styles/mixins';
        ╵         [32m^[0m


  Sass @import rules are deprecated and will be removed in Dart Sass 3.0.0.
  
  More info and automated migrator: [4mhttps://sass-lang.com/d/import[0m


[33m▲ [43;33m[[43;30mWARNING[43;33m][0m [1mDeprecation[0m [1m[35m[plugin angular-sass][0m

    projects/platform/src/app/get-started/onboarding/faq-section/faq-section.component.scss:1:8:
[37m      1 │ @import [32m[37m'../../../../styles/variables';
        ╵         [32m^[0m


  Sass @import rules are deprecated and will be removed in Dart Sass 3.0.0.
  
  More info and automated migrator: [4mhttps://sass-lang.com/d/import[0m


[33m▲ [43;33m[[43;30mWARNING[43;33m][0m [1mDeprecation[0m [1m[35m[plugin angular-sass][0m

    projects/platform/src/app/get-started/onboarding/faq-section/faq-section.component.scss:2:8:
[37m      2 │ @import [32m[37m'../../../../styles/mixins';
        ╵         [32m^[0m


  Sass @import rules are deprecated and will be removed in Dart Sass 3.0.0.
  
  More info and automated migrator: [4mhttps://sass-lang.com/d/import[0m


[33m▲ [43;33m[[43;30mWARNING[43;33m][0m [1mDeprecation[0m [1m[35m[plugin angular-sass][0m

    projects/platform/src/app/get-started/onboarding/get-started.component.scss:1:8:
[37m      1 │ @import [32m[37m'../../../styles/variables';
        ╵         [32m^[0m


  Sass @import rules are deprecated and will be removed in Dart Sass 3.0.0.
  
  More info and automated migrator: [4mhttps://sass-lang.com/d/import[0m


[33m▲ [43;33m[[43;30mWARNING[43;33m][0m [1mDeprecation[0m [1m[35m[plugin angular-sass][0m

    projects/platform/src/app/get-started/onboarding/get-started.component.scss:2:8:
[37m      2 │ @import [32m[37m'../../../styles/mixins';
        ╵         [32m^[0m


  Sass @import rules are deprecated and will be removed in Dart Sass 3.0.0.
  
  More info and automated migrator: [4mhttps://sass-lang.com/d/import[0m


[33m▲ [43;33m[[43;30mWARNING[43;33m][0m [1mNG8113: QuickStatsComponent is not used within the template of GetStartedComponent[0m [1m[35m[plugin angular-compiler][0m

    projects/platform/src/app/get-started/onboarding/get-started.component.ts:44:4:
[37m      44 │     [32mQuickStatsComponent[37m,
         ╵     [32m~~~~~~~~~~~~~~~~~~~[0m


[33m▲ [43;33m[[43;30mWARNING[43;33m][0m [1mDeprecation[0m [1m[35m[plugin angular-sass][0m

    projects/platform/src/app/get-started/onboarding/hero/hero.component.scss:1:8:
[37m      1 │ @import [32m[37m'../../../../styles/variables';
        ╵         [32m^[0m


  Sass @import rules are deprecated and will be removed in Dart Sass 3.0.0.
  
  More info and automated migrator: [4mhttps://sass-lang.com/d/import[0m


[33m▲ [43;33m[[43;30mWARNING[43;33m][0m [1mDeprecation[0m [1m[35m[plugin angular-sass][0m

    projects/platform/src/app/get-started/onboarding/hero/hero.component.scss:2:8:
[37m      2 │ @import [32m[37m'../../../../styles/mixins';
        ╵         [32m^[0m


  Sass @import rules are deprecated and will be removed in Dart Sass 3.0.0.
  
  More info and automated migrator: [4mhttps://sass-lang.com/d/import[0m


[33m▲ [43;33m[[43;30mWARNING[43;33m][0m [1mDeprecation[0m [1m[35m[plugin angular-sass][0m

    projects/platform/src/app/get-started/onboarding/hero/hero.component.scss:57:62:
[37m      57 │ ...ent(135deg, $success-color-hex, [32m[37mdarken($success-color-hex, 10%));
         ╵                                    [32m^[0m


  Global built-in functions are deprecated and will be removed in Dart Sass 3.0.0.
  Use color.adjust instead.
  
  More info and automated migrator: [4mhttps://sass-lang.com/d/import[0m


[33m▲ [43;33m[[43;30mWARNING[43;33m][0m [1mDeprecation[0m [1m[35m[plugin angular-sass][0m

    projects/platform/src/app/get-started/onboarding/hero/hero.component.scss:57:62:
[37m      57 │ ...ent(135deg, $success-color-hex, [32m[37mdarken($success-color-hex, 10%));
         ╵                                    [32m^[0m


  darken() is deprecated. Suggestions:
  
  color.scale($color, $lightness: -25.3731343284%)
  color.adjust($color, $lightness: -10%)
  
  More info: [4mhttps://sass-lang.com/d/color-functions[0m


[33m▲ [43;33m[[43;30mWARNING[43;33m][0m [1mDeprecation[0m [1m[35m[plugin angular-sass][0m

    projects/platform/src/app/get-started/onboarding/onboarding-steps/onboarding-steps.component.scss:1:8:
[37m      1 │ @import [32m[37m'../../../../styles/variables';
        ╵         [32m^[0m


  Sass @import rules are deprecated and will be removed in Dart Sass 3.0.0.
  
  More info and automated migrator: [4mhttps://sass-lang.com/d/import[0m


[33m▲ [43;33m[[43;30mWARNING[43;33m][0m [1mDeprecation[0m [1m[35m[plugin angular-sass][0m

    projects/platform/src/app/get-started/onboarding/onboarding-steps/onboarding-steps.component.scss:2:8:
[37m      2 │ @import [32m[37m'../../../../styles/mixins';
        ╵         [32m^[0m


  Sass @import rules are deprecated and will be removed in Dart Sass 3.0.0.
  
  More info and automated migrator: [4mhttps://sass-lang.com/d/import[0m


[33m▲ [43;33m[[43;30mWARNING[43;33m][0m [1mDeprecation[0m [1m[35m[plugin angular-sass][0m

    projects/platform/src/app/get-started/onboarding/proof-guide/proof-guide.component.scss:1:8:
[37m      1 │ @import [32m[37m'../../../../styles/variables';
        ╵         [32m^[0m


  Sass @import rules are deprecated and will be removed in Dart Sass 3.0.0.
  
  More info and automated migrator: [4mhttps://sass-lang.com/d/import[0m


[33m▲ [43;33m[[43;30mWARNING[43;33m][0m [1mDeprecation[0m [1m[35m[plugin angular-sass][0m

    projects/platform/src/app/get-started/onboarding/proof-guide/proof-guide.component.scss:2:8:
[37m      2 │ @import [32m[37m'../../../../styles/mixins';
        ╵         [32m^[0m


  Sass @import rules are deprecated and will be removed in Dart Sass 3.0.0.
  
  More info and automated migrator: [4mhttps://sass-lang.com/d/import[0m


[33m▲ [43;33m[[43;30mWARNING[43;33m][0m [1mDeprecation[0m [1m[35m[plugin angular-sass][0m

    projects/platform/src/app/get-started/onboarding/proof-model/proof-guide-modal.component.scss:1:8:
[37m      1 │ @import [32m[37m'../../../../styles/variables';
        ╵         [32m^[0m


  Sass @import rules are deprecated and will be removed in Dart Sass 3.0.0.
  
  More info and automated migrator: [4mhttps://sass-lang.com/d/import[0m


[33m▲ [43;33m[[43;30mWARNING[43;33m][0m [1mDeprecation[0m [1m[35m[plugin angular-sass][0m

    projects/platform/src/app/get-started/onboarding/proof-model/proof-guide-modal.component.scss:2:8:
[37m      2 │ @import [32m[37m'../../../../styles/mixins';
        ╵         [32m^[0m


  Sass @import rules are deprecated and will be removed in Dart Sass 3.0.0.
  
  More info and automated migrator: [4mhttps://sass-lang.com/d/import[0m


[33m▲ [43;33m[[43;30mWARNING[43;33m][0m [1mDeprecation[0m [1m[35m[plugin angular-sass][0m

    projects/platform/src/app/get-started/onboarding/proof-model/proof-guide-modal.component.scss:26:12:
[37m      26 │     margin: [32m[37m-$spacing-2 -$spacing-2 0 0;
         ╵             [32m^[0m


  This operation is parsed as:
  
      -$spacing-2 - $spacing-2
  
  but you may have intended it to mean:
  
      -$spacing-2 (-$spacing-2)
  
  Add a space after - to clarify that it's meant to be a binary operation, or wrap
  it in parentheses to make it a unary operation. This will be an error in future
  versions of Sass.
  
  More info and automated migrator: [4mhttps://sass-lang.com/d/strict-unary[0m


[33m▲ [43;33m[[43;30mWARNING[43;33m][0m [1mDeprecation[0m [1m[35m[plugin angular-sass][0m

    projects/platform/src/app/get-started/onboarding/quick-stats/quick-stats.component.scss:1:8:
[37m      1 │ @import [32m[37m'../../../../styles/variables';
        ╵         [32m^[0m


  Sass @import rules are deprecated and will be removed in Dart Sass 3.0.0.
  
  More info and automated migrator: [4mhttps://sass-lang.com/d/import[0m


[33m▲ [43;33m[[43;30mWARNING[43;33m][0m [1mDeprecation[0m [1m[35m[plugin angular-sass][0m

    projects/platform/src/app/get-started/onboarding/quick-stats/quick-stats.component.scss:2:8:
[37m      2 │ @import [32m[37m'../../../../styles/mixins';
        ╵         [32m^[0m


  Sass @import rules are deprecated and will be removed in Dart Sass 3.0.0.
  
  More info and automated migrator: [4mhttps://sass-lang.com/d/import[0m


[33m▲ [43;33m[[43;30mWARNING[43;33m][0m [1mDeprecation[0m [1m[35m[plugin angular-sass][0m

    projects/platform/src/app/get-started/onboarding/video-guides/video-guides.component.scss:1:8:
[37m      1 │ @import [32m[37m'../../../../styles/variables';
        ╵         [32m^[0m


  Sass @import rules are deprecated and will be removed in Dart Sass 3.0.0.
  
  More info and automated migrator: [4mhttps://sass-lang.com/d/import[0m


[33m▲ [43;33m[[43;30mWARNING[43;33m][0m [1mDeprecation[0m [1m[35m[plugin angular-sass][0m

    projects/platform/src/app/get-started/onboarding/video-guides/video-guides.component.scss:2:8:
[37m      2 │ @import [32m[37m'../../../../styles/mixins';
        ╵         [32m^[0m


  Sass @import rules are deprecated and will be removed in Dart Sass 3.0.0.
  
  More info and automated migrator: [4mhttps://sass-lang.com/d/import[0m


[33m▲ [43;33m[[43;30mWARNING[43;33m][0m [1mDeprecation[0m [1m[35m[plugin angular-sass][0m

    projects/platform/src/app/index/desktop/index.component.scss:4:8:
[37m      4 │ @import [32m[37m'../../../styles/variables';
        ╵         [32m^[0m


  Sass @import rules are deprecated and will be removed in Dart Sass 3.0.0.
  
  More info and automated migrator: [4mhttps://sass-lang.com/d/import[0m


[33m▲ [43;33m[[43;30mWARNING[43;33m][0m [1mDeprecation[0m [1m[35m[plugin angular-sass][0m

    projects/platform/src/app/index/desktop/index.component.scss:5:8:
[37m      5 │ @import [32m[37m'../../../styles/mixins';
        ╵         [32m^[0m


  Sass @import rules are deprecated and will be removed in Dart Sass 3.0.0.
  
  More info and automated migrator: [4mhttps://sass-lang.com/d/import[0m


[33m▲ [43;33m[[43;30mWARNING[43;33m][0m [1mDeprecation[0m [1m[35m[plugin angular-sass][0m

    projects/platform/src/app/index/mobile/index.component.scss:9:8:
[37m      9 │ @import [32m[37m'../../../styles/variables';
        ╵         [32m^[0m


  Sass @import rules are deprecated and will be removed in Dart Sass 3.0.0.
  
  More info and automated migrator: [4mhttps://sass-lang.com/d/import[0m


[33m▲ [43;33m[[43;30mWARNING[43;33m][0m [1mDeprecation[0m [1m[35m[plugin angular-sass][0m

    projects/platform/src/app/index/mobile/index.component.scss:10:8:
[37m      10 │ @import [32m[37m'../../../styles/mixins';
         ╵         [32m^[0m


  Sass @import rules are deprecated and will be removed in Dart Sass 3.0.0.
  
  More info and automated migrator: [4mhttps://sass-lang.com/d/import[0m


[33m▲ [43;33m[[43;30mWARNING[43;33m][0m [1mDeprecation[0m [1m[35m[plugin angular-sass][0m

    projects/platform/src/app/marketer/marketing-landing/components/campaign-card/campaign-card.component.scss:1:8:
[37m      1 │ @import [32m[37m'../../../../../styles/variables';
        ╵         [32m^[0m


  Sass @import rules are deprecated and will be removed in Dart Sass 3.0.0.
  
  More info and automated migrator: [4mhttps://sass-lang.com/d/import[0m


[33m▲ [43;33m[[43;30mWARNING[43;33m][0m [1mDeprecation[0m [1m[35m[plugin angular-sass][0m

    projects/platform/src/app/marketer/marketing-landing/components/campaign-card/campaign-card.component.scss:2:8:
[37m      2 │ @import [32m[37m'../../../../../styles/mixins';
        ╵         [32m^[0m


  Sass @import rules are deprecated and will be removed in Dart Sass 3.0.0.
  
  More info and automated migrator: [4mhttps://sass-lang.com/d/import[0m


[33m▲ [43;33m[[43;30mWARNING[43;33m][0m [1mDeprecation[0m [1m[35m[plugin angular-sass][0m

    projects/platform/src/app/marketer/marketing-landing/components/campaign-card/campaign-card.component.scss:30:42:
[37m      30 │ ...-exhausted { border-left-color: [32m[37mmix($success-color, $warning-co...
         ╵                                    [32m^[0m


  Global built-in functions are deprecated and will be removed in Dart Sass 3.0.0.
  Use color.mix instead.
  
  More info and automated migrator: [4mhttps://sass-lang.com/d/import[0m


[33m▲ [43;33m[[43;30mWARNING[43;33m][0m [1mDeprecation[0m [1m[35m[plugin angular-sass][0m

    projects/platform/src/app/marketer/marketing-landing/components/campaign-card/campaign-card.component.scss:77:21:
[37m      77 │     background: rgba([32m[37mmix($success-color, $warning-color, 50%), 0.1);
         ╵                      [32m^[0m


  Global built-in functions are deprecated and will be removed in Dart Sass 3.0.0.
  Use color.mix instead.
  
  More info and automated migrator: [4mhttps://sass-lang.com/d/import[0m


[33m▲ [43;33m[[43;30mWARNING[43;33m][0m [1mDeprecation[0m [1m[35m[plugin angular-sass][0m

    projects/platform/src/app/marketer/marketing-landing/components/campaign-card/campaign-card.component.scss:78:11:
[37m      78 │     color: [32m[37mmix($success-color, $warning-color, 50%);
         ╵            [32m^[0m


  Global built-in functions are deprecated and will be removed in Dart Sass 3.0.0.
  Use color.mix instead.
  
  More info and automated migrator: [4mhttps://sass-lang.com/d/import[0m


[33m▲ [43;33m[[43;30mWARNING[43;33m][0m [1mDeprecation[0m [1m[35m[plugin angular-sass][0m

    projects/platform/src/app/marketer/marketing-landing/components/campaign-card/mobile/campaign-card-mobile.component.scss:2:8:
[37m      2 │ @import [32m[37m'../../../../../../styles/variables';
        ╵         [32m^[0m


  Sass @import rules are deprecated and will be removed in Dart Sass 3.0.0.
  
  More info and automated migrator: [4mhttps://sass-lang.com/d/import[0m


[33m▲ [43;33m[[43;30mWARNING[43;33m][0m [1mDeprecation[0m [1m[35m[plugin angular-sass][0m

    projects/platform/src/app/marketer/marketing-landing/components/campaign-card/mobile/campaign-card-mobile.component.scss:3:8:
[37m      3 │ @import [32m[37m'../../../../../../styles/mixins';
        ╵         [32m^[0m


  Sass @import rules are deprecated and will be removed in Dart Sass 3.0.0.
  
  More info and automated migrator: [4mhttps://sass-lang.com/d/import[0m


[33m▲ [43;33m[[43;30mWARNING[43;33m][0m [1mDeprecation[0m [1m[35m[plugin angular-sass][0m

    projects/platform/src/app/marketer/marketing-landing/components/campaign-card/mobile/campaign-card-mobile.component.scss:23:42:
[37m      23 │ ...-exhausted { border-left-color: [32m[37mmix($success-color, $warning-co...
         ╵                                    [32m^[0m


  Global built-in functions are deprecated and will be removed in Dart Sass 3.0.0.
  Use color.mix instead.
  
  More info and automated migrator: [4mhttps://sass-lang.com/d/import[0m


[33m▲ [43;33m[[43;30mWARNING[43;33m][0m [1mDeprecation[0m [1m[35m[plugin angular-sass][0m

    projects/platform/src/app/marketer/marketing-landing/components/campaign-card/mobile/campaign-card-mobile.component.scss:69:21:
[37m      69 │     background: rgba([32m[37mmix($success-color, $warning-color, 50%), 0.1);
         ╵                      [32m^[0m


  Global built-in functions are deprecated and will be removed in Dart Sass 3.0.0.
  Use color.mix instead.
  
  More info and automated migrator: [4mhttps://sass-lang.com/d/import[0m


[33m▲ [43;33m[[43;30mWARNING[43;33m][0m [1mDeprecation[0m [1m[35m[plugin angular-sass][0m

    projects/platform/src/app/marketer/marketing-landing/components/campaign-card/mobile/campaign-card-mobile.component.scss:70:11:
[37m      70 │     color: [32m[37mmix($success-color, $warning-color, 50%);
         ╵            [32m^[0m


  Global built-in functions are deprecated and will be removed in Dart Sass 3.0.0.
  Use color.mix instead.
  
  More info and automated migrator: [4mhttps://sass-lang.com/d/import[0m


[33m▲ [43;33m[[43;30mWARNING[43;33m][0m [1mDeprecation[0m [1m[35m[plugin angular-sass][0m

    projects/platform/src/app/marketer/marketing-landing/components/campaign-filters/campaign-filters.component.scss:1:8:
[37m      1 │ @import [32m[37m'../../../../../styles/variables';
        ╵         [32m^[0m


  Sass @import rules are deprecated and will be removed in Dart Sass 3.0.0.
  
  More info and automated migrator: [4mhttps://sass-lang.com/d/import[0m


[33m▲ [43;33m[[43;30mWARNING[43;33m][0m [1mDeprecation[0m [1m[35m[plugin angular-sass][0m

    projects/platform/src/app/marketer/marketing-landing/components/campaign-filters/campaign-filters.component.scss:2:8:
[37m      2 │ @import [32m[37m'../../../../../styles/mixins';
        ╵         [32m^[0m


  Sass @import rules are deprecated and will be removed in Dart Sass 3.0.0.
  
  More info and automated migrator: [4mhttps://sass-lang.com/d/import[0m


[33m▲ [43;33m[[43;30mWARNING[43;33m][0m [1mDeprecation[0m [1m[35m[plugin angular-sass][0m

    projects/platform/src/app/marketer/marketing-landing/components/campaign-filters/mobile/campaign-filters-mobile.component.scss:2:8:
[37m      2 │ @import [32m[37m'../../../../../../styles/variables';
        ╵         [32m^[0m


  Sass @import rules are deprecated and will be removed in Dart Sass 3.0.0.
  
  More info and automated migrator: [4mhttps://sass-lang.com/d/import[0m


[33m▲ [43;33m[[43;30mWARNING[43;33m][0m [1mDeprecation[0m [1m[35m[plugin angular-sass][0m

    projects/platform/src/app/marketer/marketing-landing/components/campaign-filters/mobile/campaign-filters-mobile.component.scss:3:8:
[37m      3 │ @import [32m[37m'../../../../../../styles/mixins';
        ╵         [32m^[0m


  Sass @import rules are deprecated and will be removed in Dart Sass 3.0.0.
  
  More info and automated migrator: [4mhttps://sass-lang.com/d/import[0m


[33m▲ [43;33m[[43;30mWARNING[43;33m][0m [1mDeprecation[0m [1m[35m[plugin angular-sass][0m

    projects/platform/src/app/marketer/marketing-landing/components/campaign-list/campaign-list.component.scss:1:8:
[37m      1 │ @import [32m[37m'../../../../../styles/variables';
        ╵         [32m^[0m


  Sass @import rules are deprecated and will be removed in Dart Sass 3.0.0.
  
  More info and automated migrator: [4mhttps://sass-lang.com/d/import[0m


[33m▲ [43;33m[[43;30mWARNING[43;33m][0m [1mDeprecation[0m [1m[35m[plugin angular-sass][0m

    projects/platform/src/app/marketer/marketing-landing/components/campaign-list/campaign-list.component.scss:2:8:
[37m      2 │ @import [32m[37m'../../../../../styles/mixins';
        ╵         [32m^[0m


  Sass @import rules are deprecated and will be removed in Dart Sass 3.0.0.
  
  More info and automated migrator: [4mhttps://sass-lang.com/d/import[0m


[33m▲ [43;33m[[43;30mWARNING[43;33m][0m [1mDeprecation[0m [1m[35m[plugin angular-sass][0m

    projects/platform/src/app/marketer/marketing-landing/components/campaign-list/campaign-list.component.scss:47:42:
[37m      47 │ ...-exhausted { border-left-color: [32m[37mmix($success-color, $warning-co...
         ╵                                    [32m^[0m


  Global built-in functions are deprecated and will be removed in Dart Sass 3.0.0.
  Use color.mix instead.
  
  More info and automated migrator: [4mhttps://sass-lang.com/d/import[0m


[33m▲ [43;33m[[43;30mWARNING[43;33m][0m [1mDeprecation[0m [1m[35m[plugin angular-sass][0m

    projects/platform/src/app/marketer/marketing-landing/components/campaign-list/campaign-list.component.scss:177:21:
[37m      177 │     background: rgba([32m[37mmix($success-color, $warning-color, 50%), 0....
          ╵                      [32m^[0m


  Global built-in functions are deprecated and will be removed in Dart Sass 3.0.0.
  Use color.mix instead.
  
  More info and automated migrator: [4mhttps://sass-lang.com/d/import[0m


[33m▲ [43;33m[[43;30mWARNING[43;33m][0m [1mDeprecation[0m [1m[35m[plugin angular-sass][0m

    projects/platform/src/app/marketer/marketing-landing/components/campaign-list/campaign-list.component.scss:178:11:
[37m      178 │     color: [32m[37mmix($success-color, $warning-color, 50%);
          ╵            [32m^[0m


  Global built-in functions are deprecated and will be removed in Dart Sass 3.0.0.
  Use color.mix instead.
  
  More info and automated migrator: [4mhttps://sass-lang.com/d/import[0m


[33m▲ [43;33m[[43;30mWARNING[43;33m][0m [1mDeprecation[0m [1m[35m[plugin angular-sass][0m

    projects/platform/src/app/marketer/marketing-landing/components/campaign-skeleton/campaign-skeleton.component.scss:1:8:
[37m      1 │ @import [32m[37m'../../../../../styles/variables';
        ╵         [32m^[0m


  Sass @import rules are deprecated and will be removed in Dart Sass 3.0.0.
  
  More info and automated migrator: [4mhttps://sass-lang.com/d/import[0m


[33m▲ [43;33m[[43;30mWARNING[43;33m][0m [1mDeprecation[0m [1m[35m[plugin angular-sass][0m

    projects/platform/src/app/marketer/marketing-landing/components/campaign-skeleton/campaign-skeleton.component.scss:2:8:
[37m      2 │ @import [32m[37m'../../../../../styles/mixins';
        ╵         [32m^[0m


  Sass @import rules are deprecated and will be removed in Dart Sass 3.0.0.
  
  More info and automated migrator: [4mhttps://sass-lang.com/d/import[0m


[33m▲ [43;33m[[43;30mWARNING[43;33m][0m [1mDeprecation[0m [1m[35m[plugin angular-sass][0m

    projects/platform/src/app/marketer/marketing-landing/components/campaign-stats/campaign-stats.component.scss:2:8:
[37m      2 │ @import [32m[37m'../../../../../styles/variables';
        ╵         [32m^[0m


  Sass @import rules are deprecated and will be removed in Dart Sass 3.0.0.
  
  More info and automated migrator: [4mhttps://sass-lang.com/d/import[0m


[33m▲ [43;33m[[43;30mWARNING[43;33m][0m [1mDeprecation[0m [1m[35m[plugin angular-sass][0m

    projects/platform/src/app/marketer/marketing-landing/components/campaign-stats/campaign-stats.component.scss:3:8:
[37m      3 │ @import [32m[37m'../../../../../styles/mixins';
        ╵         [32m^[0m


  Sass @import rules are deprecated and will be removed in Dart Sass 3.0.0.
  
  More info and automated migrator: [4mhttps://sass-lang.com/d/import[0m


[33m▲ [43;33m[[43;30mWARNING[43;33m][0m [1mDeprecation[0m [1m[35m[plugin angular-sass][0m

    projects/platform/src/app/marketer/marketing-landing/components/campaign-stats/campaign-stats.component.scss:360:57:
[37m      360 │ ...ent(135deg, $success-color 0%, [32m[37mdarken($success-color, 10%) 100...
          ╵                                   [32m^[0m


  Global built-in functions are deprecated and will be removed in Dart Sass 3.0.0.
  Use color.adjust instead.
  
  More info and automated migrator: [4mhttps://sass-lang.com/d/import[0m


[33m▲ [43;33m[[43;30mWARNING[43;33m][0m [1mDeprecation[0m [1m[35m[plugin angular-sass][0m

    projects/platform/src/app/marketer/marketing-landing/components/campaign-stats/campaign-stats.component.scss:360:57:
[37m      360 │ ...ent(135deg, $success-color 0%, [32m[37mdarken($success-color, 10%) 100...
          ╵                                   [32m^[0m


  darken() is deprecated. Suggestions:
  
  color.scale($color, $lightness: -25.3731343284%)
  color.adjust($color, $lightness: -10%)
  
  More info: [4mhttps://sass-lang.com/d/color-functions[0m


[33m▲ [43;33m[[43;30mWARNING[43;33m][0m [1mDeprecation[0m [1m[35m[plugin angular-sass][0m

    projects/platform/src/app/marketer/marketing-landing/components/campaign-stats/campaign-stats.component.scss:365:57:
[37m      365 │ ...ent(135deg, $warning-color 0%, [32m[37mdarken($warning-color, 10%) 100...
          ╵                                   [32m^[0m


  Global built-in functions are deprecated and will be removed in Dart Sass 3.0.0.
  Use color.adjust instead.
  
  More info and automated migrator: [4mhttps://sass-lang.com/d/import[0m


[33m▲ [43;33m[[43;30mWARNING[43;33m][0m [1mDeprecation[0m [1m[35m[plugin angular-sass][0m

    projects/platform/src/app/marketer/marketing-landing/components/campaign-stats/campaign-stats.component.scss:365:57:
[37m      365 │ ...ent(135deg, $warning-color 0%, [32m[37mdarken($warning-color, 10%) 100...
          ╵                                   [32m^[0m


  darken() is deprecated. Suggestions:
  
  color.scale($color, $lightness: -19.921875%)
  color.adjust($color, $lightness: -10%)
  
  More info: [4mhttps://sass-lang.com/d/color-functions[0m


[33m▲ [43;33m[[43;30mWARNING[43;33m][0m [1mDeprecation[0m [1m[35m[plugin angular-sass][0m

    projects/platform/src/app/marketer/marketing-landing/components/campaign-stats/campaign-stats.component.scss:375:54:
[37m      375 │ ...gradient(135deg, $info-color 0%, [32m[37mdarken($info-color, 10%) 100%);
          ╵                                     [32m^[0m


  Global built-in functions are deprecated and will be removed in Dart Sass 3.0.0.
  Use color.adjust instead.
  
  More info and automated migrator: [4mhttps://sass-lang.com/d/import[0m


[33m▲ [43;33m[[43;30mWARNING[43;33m][0m [1mDeprecation[0m [1m[35m[plugin angular-sass][0m

    projects/platform/src/app/marketer/marketing-landing/components/campaign-stats/campaign-stats.component.scss:375:54:
[37m      375 │ ...gradient(135deg, $info-color 0%, [32m[37mdarken($info-color, 10%) 100%);
          ╵                                     [32m^[0m


  darken() is deprecated. Suggestions:
  
  color.scale($color, $lightness: -16.7213114754%)
  color.adjust($color, $lightness: -10%)
  
  More info: [4mhttps://sass-lang.com/d/color-functions[0m


[33m▲ [43;33m[[43;30mWARNING[43;33m][0m [1mDeprecation[0m [1m[35m[plugin angular-sass][0m

    projects/platform/src/app/marketer/marketing-landing/components/campaign-stats/mobile/campaign-stats-mobile.component.scss:1:8:
[37m      1 │ @import [32m[37m'../../../../../../styles/variables';
        ╵         [32m^[0m


  Sass @import rules are deprecated and will be removed in Dart Sass 3.0.0.
  
  More info and automated migrator: [4mhttps://sass-lang.com/d/import[0m


[33m▲ [43;33m[[43;30mWARNING[43;33m][0m [1mDeprecation[0m [1m[35m[plugin angular-sass][0m

    projects/platform/src/app/marketer/marketing-landing/components/campaign-stats/mobile/campaign-stats-mobile.component.scss:2:8:
[37m      2 │ @import [32m[37m'../../../../../../styles/mixins';
        ╵         [32m^[0m


  Sass @import rules are deprecated and will be removed in Dart Sass 3.0.0.
  
  More info and automated migrator: [4mhttps://sass-lang.com/d/import[0m


[33m▲ [43;33m[[43;30mWARNING[43;33m][0m [1mDeprecation[0m [1m[35m[plugin angular-sass][0m

    projects/platform/src/app/marketer/marketing-landing/components/compaign-head/campaign-header.component.scss:1:8:
[37m      1 │ @import [32m[37m'../../../../../styles/variables';
        ╵         [32m^[0m


  Sass @import rules are deprecated and will be removed in Dart Sass 3.0.0.
  
  More info and automated migrator: [4mhttps://sass-lang.com/d/import[0m


[33m▲ [43;33m[[43;30mWARNING[43;33m][0m [1mDeprecation[0m [1m[35m[plugin angular-sass][0m

    projects/platform/src/app/marketer/marketing-landing/components/compaign-head/campaign-header.component.scss:2:8:
[37m      2 │ @import [32m[37m'../../../../../styles/mixins';
        ╵         [32m^[0m


  Sass @import rules are deprecated and will be removed in Dart Sass 3.0.0.
  
  More info and automated migrator: [4mhttps://sass-lang.com/d/import[0m


[33m▲ [43;33m[[43;30mWARNING[43;33m][0m [1mDeprecation[0m [1m[35m[plugin angular-sass][0m

    projects/platform/src/app/marketer/marketing-landing/marketer-landing.component.scss:2:8:
[37m      2 │ @import [32m[37m'../../../styles/variables';
        ╵         [32m^[0m


  Sass @import rules are deprecated and will be removed in Dart Sass 3.0.0.
  
  More info and automated migrator: [4mhttps://sass-lang.com/d/import[0m


[33m▲ [43;33m[[43;30mWARNING[43;33m][0m [1mDeprecation[0m [1m[35m[plugin angular-sass][0m

    projects/platform/src/app/marketer/marketing-landing/marketer-landing.component.scss:3:8:
[37m      3 │ @import [32m[37m'../../../styles/mixins';
        ╵         [32m^[0m


  Sass @import rules are deprecated and will be removed in Dart Sass 3.0.0.
  
  More info and automated migrator: [4mhttps://sass-lang.com/d/import[0m


[33m▲ [43;33m[[43;30mWARNING[43;33m][0m [1mDeprecation[0m [1m[35m[plugin angular-sass][0m

    projects/platform/src/app/profile/components/profile-skeleton.component.scss:2:8:
[37m      2 │ @import [32m[37m'../../../styles/variables';
        ╵         [32m^[0m


  Sass @import rules are deprecated and will be removed in Dart Sass 3.0.0.
  
  More info and automated migrator: [4mhttps://sass-lang.com/d/import[0m


[33m▲ [43;33m[[43;30mWARNING[43;33m][0m [1mDeprecation[0m [1m[35m[plugin angular-sass][0m

    projects/platform/src/app/profile/components/profile-skeleton.component.scss:3:8:
[37m      3 │ @import [32m[37m'../../../styles/mixins';
        ╵         [32m^[0m


  Sass @import rules are deprecated and will be removed in Dart Sass 3.0.0.
  
  More info and automated migrator: [4mhttps://sass-lang.com/d/import[0m


[33m▲ [43;33m[[43;30mWARNING[43;33m][0m [1mDeprecation[0m [1m[35m[plugin angular-sass][0m

    projects/platform/src/app/profile/profile-page.component.scss:2:8:
[37m      2 │ @import [32m[37m'../../styles/variables';
        ╵         [32m^[0m


  Sass @import rules are deprecated and will be removed in Dart Sass 3.0.0.
  
  More info and automated migrator: [4mhttps://sass-lang.com/d/import[0m


[33m▲ [43;33m[[43;30mWARNING[43;33m][0m [1mDeprecation[0m [1m[35m[plugin angular-sass][0m

    projects/platform/src/app/profile/profile-page.component.scss:3:8:
[37m      3 │ @import [32m[37m'../../styles/mixins';
        ╵         [32m^[0m


  Sass @import rules are deprecated and will be removed in Dart Sass 3.0.0.
  
  More info and automated migrator: [4mhttps://sass-lang.com/d/import[0m


[33m▲ [43;33m[[43;30mWARNING[43;33m][0m [1mDeprecation[0m [1m[35m[plugin angular-sass][0m

    projects/platform/src/app/profile/profile-page.component.scss:1405:20:
[37m      1405 │         background: [32m[37mdarken($primary-color, 5%);
           ╵                     [32m^[0m


  Global built-in functions are deprecated and will be removed in Dart Sass 3.0.0.
  Use color.adjust instead.
  
  More info and automated migrator: [4mhttps://sass-lang.com/d/import[0m


[33m▲ [43;33m[[43;30mWARNING[43;33m][0m [1mDeprecation[0m [1m[35m[plugin angular-sass][0m

    projects/platform/src/app/profile/profile-page.component.scss:1405:20:
[37m      1405 │         background: [32m[37mdarken($primary-color, 5%);
           ╵                     [32m^[0m


  darken() is deprecated. Suggestions:
  
  color.scale($color, $lightness: -7.5892857143%)
  color.adjust($color, $lightness: -5%)
  
  More info: [4mhttps://sass-lang.com/d/color-functions[0m


[33m▲ [43;33m[[43;30mWARNING[43;33m][0m [1mDeprecation[0m [1m[35m[plugin angular-sass][0m

    projects/platform/src/app/promoter/promoter-landing/components/campaign-card/campaign-card.component.scss:1:8:
[37m      1 │ @import [32m[37m'../../../../../styles/variables';
        ╵         [32m^[0m


  Sass @import rules are deprecated and will be removed in Dart Sass 3.0.0.
  
  More info and automated migrator: [4mhttps://sass-lang.com/d/import[0m


[33m▲ [43;33m[[43;30mWARNING[43;33m][0m [1mDeprecation[0m [1m[35m[plugin angular-sass][0m

    projects/platform/src/app/promoter/promoter-landing/components/campaign-card/campaign-card.component.scss:2:8:
[37m      2 │ @import [32m[37m'../../../../../styles/mixins';
        ╵         [32m^[0m


  Sass @import rules are deprecated and will be removed in Dart Sass 3.0.0.
  
  More info and automated migrator: [4mhttps://sass-lang.com/d/import[0m


[33m▲ [43;33m[[43;30mWARNING[43;33m][0m [1mDeprecation[0m [1m[35m[plugin angular-sass][0m

    projects/platform/src/app/promoter/promoter-landing/components/campaign-card/mobile/campaign-card-mobile.component.scss:2:8:
[37m      2 │ @import [32m[37m'../../../../../../styles/variables';
        ╵         [32m^[0m


  Sass @import rules are deprecated and will be removed in Dart Sass 3.0.0.
  
  More info and automated migrator: [4mhttps://sass-lang.com/d/import[0m


[33m▲ [43;33m[[43;30mWARNING[43;33m][0m [1mDeprecation[0m [1m[35m[plugin angular-sass][0m

    projects/platform/src/app/promoter/promoter-landing/components/campaign-card/mobile/campaign-card-mobile.component.scss:3:8:
[37m      3 │ @import [32m[37m'../../../../../../styles/mixins';
        ╵         [32m^[0m


  Sass @import rules are deprecated and will be removed in Dart Sass 3.0.0.
  
  More info and automated migrator: [4mhttps://sass-lang.com/d/import[0m


[33m▲ [43;33m[[43;30mWARNING[43;33m][0m [1mDeprecation[0m [1m[35m[plugin angular-sass][0m

    projects/platform/src/app/promoter/promoter-landing/components/campaign-card/promotion-detail-modal/promotion-detail-modal.component.scss:2:8:
[37m      2 │ @import [32m[37m'../../../../../../styles/variables';
        ╵         [32m^[0m


  Sass @import rules are deprecated and will be removed in Dart Sass 3.0.0.
  
  More info and automated migrator: [4mhttps://sass-lang.com/d/import[0m


[33m▲ [43;33m[[43;30mWARNING[43;33m][0m [1mDeprecation[0m [1m[35m[plugin angular-sass][0m

    projects/platform/src/app/promoter/promoter-landing/components/campaign-card/promotion-detail-modal/promotion-detail-modal.component.scss:3:8:
[37m      3 │ @import [32m[37m'../../../../../../styles/mixins';
        ╵         [32m^[0m


  Sass @import rules are deprecated and will be removed in Dart Sass 3.0.0.
  
  More info and automated migrator: [4mhttps://sass-lang.com/d/import[0m


[33m▲ [43;33m[[43;30mWARNING[43;33m][0m [1mDeprecation[0m [1m[35m[plugin angular-sass][0m

    projects/platform/src/app/promoter/promoter-landing/components/campaign-filters/campaign-filters.component.scss:1:8:
[37m      1 │ @import [32m[37m'../../../../../styles/variables';
        ╵         [32m^[0m


  Sass @import rules are deprecated and will be removed in Dart Sass 3.0.0.
  
  More info and automated migrator: [4mhttps://sass-lang.com/d/import[0m


[33m▲ [43;33m[[43;30mWARNING[43;33m][0m [1mDeprecation[0m [1m[35m[plugin angular-sass][0m

    projects/platform/src/app/promoter/promoter-landing/components/campaign-filters/campaign-filters.component.scss:2:8:
[37m      2 │ @import [32m[37m'../../../../../styles/mixins';
        ╵         [32m^[0m


  Sass @import rules are deprecated and will be removed in Dart Sass 3.0.0.
  
  More info and automated migrator: [4mhttps://sass-lang.com/d/import[0m


[33m▲ [43;33m[[43;30mWARNING[43;33m][0m [1mDeprecation[0m [1m[35m[plugin angular-sass][0m

    projects/platform/src/app/promoter/promoter-landing/components/campaign-filters/mobile/campaign-filters-mobile.component.scss:1:8:
[37m      1 │ @import [32m[37m'../../../../../../styles/variables';
        ╵         [32m^[0m


  Sass @import rules are deprecated and will be removed in Dart Sass 3.0.0.
  
  More info and automated migrator: [4mhttps://sass-lang.com/d/import[0m


[33m▲ [43;33m[[43;30mWARNING[43;33m][0m [1mDeprecation[0m [1m[35m[plugin angular-sass][0m

    projects/platform/src/app/promoter/promoter-landing/components/campaign-filters/mobile/campaign-filters-mobile.component.scss:2:8:
[37m      2 │ @import [32m[37m'../../../../../../styles/mixins';
        ╵         [32m^[0m


  Sass @import rules are deprecated and will be removed in Dart Sass 3.0.0.
  
  More info and automated migrator: [4mhttps://sass-lang.com/d/import[0m


[33m▲ [43;33m[[43;30mWARNING[43;33m][0m [1mDeprecation[0m [1m[35m[plugin angular-sass][0m

    projects/platform/src/app/promoter/promoter-landing/components/empty-state/empty-state.component.scss:1:8:
[37m      1 │ @import [32m[37m'../../../../../styles/variables';
        ╵         [32m^[0m


  Sass @import rules are deprecated and will be removed in Dart Sass 3.0.0.
  
  More info and automated migrator: [4mhttps://sass-lang.com/d/import[0m


[33m▲ [43;33m[[43;30mWARNING[43;33m][0m [1mDeprecation[0m [1m[35m[plugin angular-sass][0m

    projects/platform/src/app/promoter/promoter-landing/components/empty-state/empty-state.component.scss:2:8:
[37m      2 │ @import [32m[37m'../../../../../styles/mixins';
        ╵         [32m^[0m


  Sass @import rules are deprecated and will be removed in Dart Sass 3.0.0.
  
  More info and automated migrator: [4mhttps://sass-lang.com/d/import[0m


[33m▲ [43;33m[[43;30mWARNING[43;33m][0m [1mDeprecation[0m [1m[35m[plugin angular-sass][0m

    projects/platform/src/app/promoter/promoter-landing/components/loading-state/loading-state.component.scss:1:8:
[37m      1 │ @import [32m[37m'../../../../../styles/variables';
        ╵         [32m^[0m


  Sass @import rules are deprecated and will be removed in Dart Sass 3.0.0.
  
  More info and automated migrator: [4mhttps://sass-lang.com/d/import[0m


[33m▲ [43;33m[[43;30mWARNING[43;33m][0m [1mDeprecation[0m [1m[35m[plugin angular-sass][0m

    projects/platform/src/app/promoter/promoter-landing/components/loading-state/loading-state.component.scss:2:8:
[37m      2 │ @import [32m[37m'../../../../../styles/mixins';
        ╵         [32m^[0m


  Sass @import rules are deprecated and will be removed in Dart Sass 3.0.0.
  
  More info and automated migrator: [4mhttps://sass-lang.com/d/import[0m


[33m▲ [43;33m[[43;30mWARNING[43;33m][0m [1mDeprecation[0m [1m[35m[plugin angular-sass][0m

    projects/platform/src/app/promoter/promoter-landing/components/loading-state/mobile/loading-state-mobile.component.scss:1:8:
[37m      1 │ @import [32m[37m'../../../../../../styles/variables';
        ╵         [32m^[0m


  Sass @import rules are deprecated and will be removed in Dart Sass 3.0.0.
  
  More info and automated migrator: [4mhttps://sass-lang.com/d/import[0m


[33m▲ [43;33m[[43;30mWARNING[43;33m][0m [1mDeprecation[0m [1m[35m[plugin angular-sass][0m

    projects/platform/src/app/promoter/promoter-landing/components/loading-state/mobile/loading-state-mobile.component.scss:2:8:
[37m      2 │ @import [32m[37m'../../../../../../styles/mixins';
        ╵         [32m^[0m


  Sass @import rules are deprecated and will be removed in Dart Sass 3.0.0.
  
  More info and automated migrator: [4mhttps://sass-lang.com/d/import[0m


[33m▲ [43;33m[[43;30mWARNING[43;33m][0m [1mDeprecation[0m [1m[35m[plugin angular-sass][0m

    projects/platform/src/app/promoter/promoter-landing/components/promoter-header/promoter-header.component.scss:1:8:
[37m      1 │ @import [32m[37m'../../../../../styles/variables';
        ╵         [32m^[0m


  Sass @import rules are deprecated and will be removed in Dart Sass 3.0.0.
  
  More info and automated migrator: [4mhttps://sass-lang.com/d/import[0m


[33m▲ [43;33m[[43;30mWARNING[43;33m][0m [1mDeprecation[0m [1m[35m[plugin angular-sass][0m

    projects/platform/src/app/promoter/promoter-landing/components/promoter-header/promoter-header.component.scss:2:8:
[37m      2 │ @import [32m[37m'../../../../../styles/mixins';
        ╵         [32m^[0m


  Sass @import rules are deprecated and will be removed in Dart Sass 3.0.0.
  
  More info and automated migrator: [4mhttps://sass-lang.com/d/import[0m


[33m▲ [43;33m[[43;30mWARNING[43;33m][0m [1mDeprecation[0m [1m[35m[plugin angular-sass][0m

    projects/platform/src/app/promoter/promoter-landing/components/promoter-quick-stats/mobile/promoter-quick-stats-mobile.component.scss:1:8:
[37m      1 │ @import [32m[37m'../../../../../../styles/variables';
        ╵         [32m^[0m


  Sass @import rules are deprecated and will be removed in Dart Sass 3.0.0.
  
  More info and automated migrator: [4mhttps://sass-lang.com/d/import[0m


[33m▲ [43;33m[[43;30mWARNING[43;33m][0m [1mDeprecation[0m [1m[35m[plugin angular-sass][0m

    projects/platform/src/app/promoter/promoter-landing/components/promoter-quick-stats/mobile/promoter-quick-stats-mobile.component.scss:2:8:
[37m      2 │ @import [32m[37m'../../../../../../styles/mixins';
        ╵         [32m^[0m


  Sass @import rules are deprecated and will be removed in Dart Sass 3.0.0.
  
  More info and automated migrator: [4mhttps://sass-lang.com/d/import[0m


[33m▲ [43;33m[[43;30mWARNING[43;33m][0m [1mDeprecation[0m [1m[35m[plugin angular-sass][0m

    projects/platform/src/app/promoter/promoter-landing/components/promoter-quick-stats/mobile/promoter-quick-stats-mobile.component.scss:202:59:
[37m      202 │ ...ent(135deg, $success-color 0%, [32m[37mdarken($success-color, 10%) 100...
          ╵                                   [32m^[0m


  Global built-in functions are deprecated and will be removed in Dart Sass 3.0.0.
  Use color.adjust instead.
  
  More info and automated migrator: [4mhttps://sass-lang.com/d/import[0m


[33m▲ [43;33m[[43;30mWARNING[43;33m][0m [1mDeprecation[0m [1m[35m[plugin angular-sass][0m

    projects/platform/src/app/promoter/promoter-landing/components/promoter-quick-stats/mobile/promoter-quick-stats-mobile.component.scss:202:59:
[37m      202 │ ...ent(135deg, $success-color 0%, [32m[37mdarken($success-color, 10%) 100...
          ╵                                   [32m^[0m


  darken() is deprecated. Suggestions:
  
  color.scale($color, $lightness: -25.3731343284%)
  color.adjust($color, $lightness: -10%)
  
  More info: [4mhttps://sass-lang.com/d/color-functions[0m


[33m▲ [43;33m[[43;30mWARNING[43;33m][0m [1mDeprecation[0m [1m[35m[plugin angular-sass][0m

    projects/platform/src/app/promoter/promoter-landing/components/promoter-quick-stats/promoter-quick-stats.component.scss:1:8:
[37m      1 │ @import [32m[37m'../../../../../styles/variables';
        ╵         [32m^[0m


  Sass @import rules are deprecated and will be removed in Dart Sass 3.0.0.
  
  More info and automated migrator: [4mhttps://sass-lang.com/d/import[0m


[33m▲ [43;33m[[43;30mWARNING[43;33m][0m [1mDeprecation[0m [1m[35m[plugin angular-sass][0m

    projects/platform/src/app/promoter/promoter-landing/components/promoter-quick-stats/promoter-quick-stats.component.scss:2:8:
[37m      2 │ @import [32m[37m'../../../../../styles/mixins';
        ╵         [32m^[0m


  Sass @import rules are deprecated and will be removed in Dart Sass 3.0.0.
  
  More info and automated migrator: [4mhttps://sass-lang.com/d/import[0m


[33m▲ [43;33m[[43;30mWARNING[43;33m][0m [1mDeprecation[0m [1m[35m[plugin angular-sass][0m

    projects/platform/src/app/promoter/promoter-landing/components/promoter-quick-stats/promoter-quick-stats.component.scss:50:57:
[37m      50 │ ...ient(135deg, $success-color 0%, [32m[37mdarken($success-color, 10%) 100...
         ╵                                    [32m^[0m


  Global built-in functions are deprecated and will be removed in Dart Sass 3.0.0.
  Use color.adjust instead.
  
  More info and automated migrator: [4mhttps://sass-lang.com/d/import[0m


[33m▲ [43;33m[[43;30mWARNING[43;33m][0m [1mDeprecation[0m [1m[35m[plugin angular-sass][0m

    projects/platform/src/app/promoter/promoter-landing/components/promoter-quick-stats/promoter-quick-stats.component.scss:50:57:
[37m      50 │ ...ient(135deg, $success-color 0%, [32m[37mdarken($success-color, 10%) 100...
         ╵                                    [32m^[0m


  darken() is deprecated. Suggestions:
  
  color.scale($color, $lightness: -25.3731343284%)
  color.adjust($color, $lightness: -10%)
  
  More info: [4mhttps://sass-lang.com/d/color-functions[0m


[33m▲ [43;33m[[43;30mWARNING[43;33m][0m [1mDeprecation[0m [1m[35m[plugin angular-sass][0m

    projects/platform/src/app/promoter/promoter-landing/components/promoter-quick-stats/promoter-quick-stats.component.scss:55:57:
[37m      55 │ ...ient(135deg, $success-color 0%, [32m[37mdarken($success-color, 15%) 100...
         ╵                                    [32m^[0m


  Global built-in functions are deprecated and will be removed in Dart Sass 3.0.0.
  Use color.adjust instead.
  
  More info and automated migrator: [4mhttps://sass-lang.com/d/import[0m


[33m▲ [43;33m[[43;30mWARNING[43;33m][0m [1mDeprecation[0m [1m[35m[plugin angular-sass][0m

    projects/platform/src/app/promoter/promoter-landing/components/promoter-quick-stats/promoter-quick-stats.component.scss:55:57:
[37m      55 │ ...ient(135deg, $success-color 0%, [32m[37mdarken($success-color, 15%) 100...
         ╵                                    [32m^[0m


  darken() is deprecated. Suggestions:
  
  color.scale($color, $lightness: -38.0597014925%)
  color.adjust($color, $lightness: -15%)
  
  More info: [4mhttps://sass-lang.com/d/color-functions[0m


[33m▲ [43;33m[[43;30mWARNING[43;33m][0m [1mDeprecation[0m [1m[35m[plugin angular-sass][0m

    projects/platform/src/app/promoter/promoter-landing/components/promoter-quick-stats/promoter-quick-stats.component.scss:60:57:
[37m      60 │ ...ient(135deg, $warning-color 0%, [32m[37mdarken($warning-color, 10%) 100...
         ╵                                    [32m^[0m


  Global built-in functions are deprecated and will be removed in Dart Sass 3.0.0.
  Use color.adjust instead.
  
  More info and automated migrator: [4mhttps://sass-lang.com/d/import[0m


[33m▲ [43;33m[[43;30mWARNING[43;33m][0m [1mDeprecation[0m [1m[35m[plugin angular-sass][0m

    projects/platform/src/app/promoter/promoter-landing/components/promoter-quick-stats/promoter-quick-stats.component.scss:60:57:
[37m      60 │ ...ient(135deg, $warning-color 0%, [32m[37mdarken($warning-color, 10%) 100...
         ╵                                    [32m^[0m


  darken() is deprecated. Suggestions:
  
  color.scale($color, $lightness: -19.921875%)
  color.adjust($color, $lightness: -10%)
  
  More info: [4mhttps://sass-lang.com/d/color-functions[0m


[33m▲ [43;33m[[43;30mWARNING[43;33m][0m [1mDeprecation[0m [1m[35m[plugin angular-sass][0m

    projects/platform/src/app/promoter/promoter-landing/components/promoter-quick-stats/promoter-quick-stats.component.scss:65:57:
[37m      65 │ ...ient(135deg, $warning-color 0%, [32m[37mdarken($warning-color, 10%) 100...
         ╵                                    [32m^[0m


  Global built-in functions are deprecated and will be removed in Dart Sass 3.0.0.
  Use color.adjust instead.
  
  More info and automated migrator: [4mhttps://sass-lang.com/d/import[0m


[33m▲ [43;33m[[43;30mWARNING[43;33m][0m [1mDeprecation[0m [1m[35m[plugin angular-sass][0m

    projects/platform/src/app/promoter/promoter-landing/components/promoter-quick-stats/promoter-quick-stats.component.scss:65:57:
[37m      65 │ ...ient(135deg, $warning-color 0%, [32m[37mdarken($warning-color, 10%) 100...
         ╵                                    [32m^[0m


  darken() is deprecated. Suggestions:
  
  color.scale($color, $lightness: -19.921875%)
  color.adjust($color, $lightness: -10%)
  
  More info: [4mhttps://sass-lang.com/d/color-functions[0m


[33m▲ [43;33m[[43;30mWARNING[43;33m][0m [1mDeprecation[0m [1m[35m[plugin angular-sass][0m

    projects/platform/src/app/promoter/promoter-landing/promoter-landing.component.scss:2:8:
[37m      2 │ @import [32m[37m'../../../styles/variables';
        ╵         [32m^[0m


  Sass @import rules are deprecated and will be removed in Dart Sass 3.0.0.
  
  More info and automated migrator: [4mhttps://sass-lang.com/d/import[0m


[33m▲ [43;33m[[43;30mWARNING[43;33m][0m [1mDeprecation[0m [1m[35m[plugin angular-sass][0m

    projects/platform/src/app/promoter/promoter-landing/promoter-landing.component.scss:3:8:
[37m      3 │ @import [32m[37m'../../../styles/mixins';
        ╵         [32m^[0m


  Sass @import rules are deprecated and will be removed in Dart Sass 3.0.0.
  
  More info and automated migrator: [4mhttps://sass-lang.com/d/import[0m


[33m▲ [43;33m[[43;30mWARNING[43;33m][0m [1mNG8107: The left side of this optional chain operation does not include 'null' or 'undefined' in its type, therefore the '?.' operator can be replaced with the '.' operator.[0m [1m[35m[plugin angular-compiler][0m

    projects/platform/src/app/promoter/promotion/ad-template-builder/ad-template-builder.component.html:47:39:
[37m      47 │                         {{ p.campaign?.[32mtitle[37m || 'Promotion' }}
         ╵                                        [32m~~~~~[0m

  Warning occurs in the template of component AdTemplateBuilderComponent.

    projects/platform/src/app/promoter/promotion/ad-template-builder/ad-template-builder.component.ts:73:15:
[37m      73 │   templateUrl: [32m'./ad-template-builder.component.html'[37m,
         ╵                [32m~~~~~~~~~~~~~~~~~~~~~~~~~~~~~~~~~~~~~~[0m


[33m▲ [43;33m[[43;30mWARNING[43;33m][0m [1mNG8107: The left side of this optional chain operation does not include 'null' or 'undefined' in its type, therefore the '?.' operator can be replaced with the '.' operator.[0m [1m[35m[plugin angular-compiler][0m

    projects/platform/src/app/promoter/promotion/ad-template-builder/ad-template-builder.component.html:173:48:
[37m      173 │                 @if (platformGuidelines().tips?.[32mlength[37m) {
          ╵                                                 [32m~~~~~~[0m

  Warning occurs in the template of component AdTemplateBuilderComponent.

    projects/platform/src/app/promoter/promotion/ad-template-builder/ad-template-builder.component.ts:73:15:
[37m      73 │   templateUrl: [32m'./ad-template-builder.component.html'[37m,
         ╵                [32m~~~~~~~~~~~~~~~~~~~~~~~~~~~~~~~~~~~~~~[0m


[33m▲ [43;33m[[43;30mWARNING[43;33m][0m [1mDeprecation[0m [1m[35m[plugin angular-sass][0m

    projects/platform/src/app/promoter/promotion/ad-template-builder/ad-template-builder.component.scss:1:8:
[37m      1 │ @import [32m[37m'../../../../styles/variables';
        ╵         [32m^[0m


  Sass @import rules are deprecated and will be removed in Dart Sass 3.0.0.
  
  More info and automated migrator: [4mhttps://sass-lang.com/d/import[0m


[33m▲ [43;33m[[43;30mWARNING[43;33m][0m [1mDeprecation[0m [1m[35m[plugin angular-sass][0m

    projects/platform/src/app/promoter/promotion/ad-template-builder/ad-template-builder.component.scss:2:8:
[37m      2 │ @import [32m[37m'../../../../styles/mixins';
        ╵         [32m^[0m


  Sass @import rules are deprecated and will be removed in Dart Sass 3.0.0.
  
  More info and automated migrator: [4mhttps://sass-lang.com/d/import[0m


[33m▲ [43;33m[[43;30mWARNING[43;33m][0m [1mNG8107: The left side of this optional chain operation does not include 'null' or 'undefined' in its type, therefore the '?.' operator can be safely removed.[0m [1m[35m[plugin angular-compiler][0m

    projects/platform/src/app/promoter/promotion/compliance/promotion-compliance.component.html:258:35:
[37m      258 │ ...             <strong>{{ [32mc.reasons?.[0][37m?.label || c.promotion?....
          ╵                            [32m~~~~~~~~~~~~~~[0m

  Warning occurs in the template of component PromotionComplianceComponent.

    projects/platform/src/app/promoter/promotion/compliance/promotion-compliance.component.ts:64:15:
[37m      64 │   templateUrl: [32m'./promotion-compliance.component.html'[37m,
         ╵                [32m~~~~~~~~~~~~~~~~~~~~~~~~~~~~~~~~~~~~~~~[0m


[33m▲ [43;33m[[43;30mWARNING[43;33m][0m [1mNG8107: The left side of this optional chain operation does not include 'null' or 'undefined' in its type, therefore the '?.' operator can be replaced with the '.' operator.[0m [1m[35m[plugin angular-compiler][0m

    projects/platform/src/app/promoter/promotion/compliance/promotion-compliance.component.html:259:41:
[37m      259 │                         @if ((c.reasons?.[32mlength[37m || 0) > 1) {
          ╵                                          [32m~~~~~~[0m

  Warning occurs in the template of component PromotionComplianceComponent.

    projects/platform/src/app/promoter/promotion/compliance/promotion-compliance.component.ts:64:15:
[37m      64 │   templateUrl: [32m'./promotion-compliance.component.html'[37m,
         ╵                [32m~~~~~~~~~~~~~~~~~~~~~~~~~~~~~~~~~~~~~~~[0m


[33m▲ [43;33m[[43;30mWARNING[43;33m][0m [1mNG8107: The left side of this optional chain operation does not include 'null' or 'undefined' in its type, therefore the '?.' operator can be replaced with the '.' operator.[0m [1m[35m[plugin angular-compiler][0m

    projects/platform/src/app/promoter/promotion/compliance/promotion-compliance.component.html:289:36:
[37m      289 │                     @if (c.reasons?.[32mlength[37m) {
          ╵                                     [32m~~~~~~[0m

  Warning occurs in the template of component PromotionComplianceComponent.

    projects/platform/src/app/promoter/promotion/compliance/promotion-compliance.component.ts:64:15:
[37m      64 │   templateUrl: [32m'./promotion-compliance.component.html'[37m,
         ╵                [32m~~~~~~~~~~~~~~~~~~~~~~~~~~~~~~~~~~~~~~~[0m


[33m▲ [43;33m[[43;30mWARNING[43;33m][0m [1mDeprecation[0m [1m[35m[plugin angular-sass][0m

    projects/platform/src/app/promoter/promotion/components/empty-state/empty-state.component.scss:2:8:
[37m      2 │ @import [32m[37m'../../../../../styles/variables';
        ╵         [32m^[0m


  Sass @import rules are deprecated and will be removed in Dart Sass 3.0.0.
  
  More info and automated migrator: [4mhttps://sass-lang.com/d/import[0m


[33m▲ [43;33m[[43;30mWARNING[43;33m][0m [1mDeprecation[0m [1m[35m[plugin angular-sass][0m

    projects/platform/src/app/promoter/promotion/components/empty-state/empty-state.component.scss:3:8:
[37m      3 │ @import [32m[37m'../../../../../styles/mixins';
        ╵         [32m^[0m


  Sass @import rules are deprecated and will be removed in Dart Sass 3.0.0.
  
  More info and automated migrator: [4mhttps://sass-lang.com/d/import[0m


[33m▲ [43;33m[[43;30mWARNING[43;33m][0m [1mDeprecation[0m [1m[35m[plugin angular-sass][0m

    projects/platform/src/app/promoter/promotion/components/header/header.component.scss:2:8:
[37m      2 │ @import [32m[37m'../../../../../styles/variables';
        ╵         [32m^[0m


  Sass @import rules are deprecated and will be removed in Dart Sass 3.0.0.
  
  More info and automated migrator: [4mhttps://sass-lang.com/d/import[0m


[33m▲ [43;33m[[43;30mWARNING[43;33m][0m [1mDeprecation[0m [1m[35m[plugin angular-sass][0m

    projects/platform/src/app/promoter/promotion/components/header/header.component.scss:3:8:
[37m      3 │ @import [32m[37m'../../../../../styles/mixins';
        ╵         [32m^[0m


  Sass @import rules are deprecated and will be removed in Dart Sass 3.0.0.
  
  More info and automated migrator: [4mhttps://sass-lang.com/d/import[0m


[33m▲ [43;33m[[43;30mWARNING[43;33m][0m [1mDeprecation[0m [1m[35m[plugin angular-sass][0m

    projects/platform/src/app/promoter/promotion/components/loading-state/loading-state.component.scss:1:8:
[37m      1 │ @import [32m[37m'../../../../../styles/variables';
        ╵         [32m^[0m


  Sass @import rules are deprecated and will be removed in Dart Sass 3.0.0.
  
  More info and automated migrator: [4mhttps://sass-lang.com/d/import[0m


[33m▲ [43;33m[[43;30mWARNING[43;33m][0m [1mDeprecation[0m [1m[35m[plugin angular-sass][0m

    projects/platform/src/app/promoter/promotion/components/loading-state/loading-state.component.scss:2:8:
[37m      2 │ @import [32m[37m'../../../../../styles/mixins';
        ╵         [32m^[0m


  Sass @import rules are deprecated and will be removed in Dart Sass 3.0.0.
  
  More info and automated migrator: [4mhttps://sass-lang.com/d/import[0m


[33m▲ [43;33m[[43;30mWARNING[43;33m][0m [1mDeprecation[0m [1m[35m[plugin angular-sass][0m

    projects/platform/src/app/promoter/promotion/components/promotion-card/instruction-dialog/instruction-dialog.component.scss:1:8:
[37m      1 │ @import [32m[37m'../../../../../../styles/variables';
        ╵         [32m^[0m


  Sass @import rules are deprecated and will be removed in Dart Sass 3.0.0.
  
  More info and automated migrator: [4mhttps://sass-lang.com/d/import[0m


[33m▲ [43;33m[[43;30mWARNING[43;33m][0m [1mDeprecation[0m [1m[35m[plugin angular-sass][0m

    projects/platform/src/app/promoter/promotion/components/promotion-card/instruction-dialog/instruction-dialog.component.scss:2:8:
[37m      2 │ @import [32m[37m'../../../../../../styles/mixins';
        ╵         [32m^[0m


  Sass @import rules are deprecated and will be removed in Dart Sass 3.0.0.
  
  More info and automated migrator: [4mhttps://sass-lang.com/d/import[0m


[33m▲ [43;33m[[43;30mWARNING[43;33m][0m [1mDeprecation[0m [1m[35m[plugin angular-sass][0m

    projects/platform/src/app/promoter/promotion/components/promotion-card/promotion-card.component.scss:2:8:
[37m      2 │ @import [32m[37m'../../../../../styles/variables';
        ╵         [32m^[0m


  Sass @import rules are deprecated and will be removed in Dart Sass 3.0.0.
  
  More info and automated migrator: [4mhttps://sass-lang.com/d/import[0m


[33m▲ [43;33m[[43;30mWARNING[43;33m][0m [1mDeprecation[0m [1m[35m[plugin angular-sass][0m

    projects/platform/src/app/promoter/promotion/components/promotion-card/promotion-card.component.scss:3:8:
[37m      3 │ @import [32m[37m'../../../../../styles/mixins';
        ╵         [32m^[0m


  Sass @import rules are deprecated and will be removed in Dart Sass 3.0.0.
  
  More info and automated migrator: [4mhttps://sass-lang.com/d/import[0m


[33m▲ [43;33m[[43;30mWARNING[43;33m][0m [1mDeprecation[0m [1m[35m[plugin angular-sass][0m

    projects/platform/src/app/promoter/promotion/components/stats-overview/mobile/stats-overview-mobile.component.scss:3:8:
[37m      3 │ @import [32m[37m'../../../../../../styles/variables';
        ╵         [32m^[0m


  Sass @import rules are deprecated and will be removed in Dart Sass 3.0.0.
  
  More info and automated migrator: [4mhttps://sass-lang.com/d/import[0m


[33m▲ [43;33m[[43;30mWARNING[43;33m][0m [1mDeprecation[0m [1m[35m[plugin angular-sass][0m

    projects/platform/src/app/promoter/promotion/components/stats-overview/mobile/stats-overview-mobile.component.scss:4:8:
[37m      4 │ @import [32m[37m'../../../../../../styles/mixins';
        ╵         [32m^[0m


  Sass @import rules are deprecated and will be removed in Dart Sass 3.0.0.
  
  More info and automated migrator: [4mhttps://sass-lang.com/d/import[0m


[33m▲ [43;33m[[43;30mWARNING[43;33m][0m [1mDeprecation[0m [1m[35m[plugin angular-sass][0m

    projects/platform/src/app/promoter/promotion/components/stats-overview/stats-overview.component.scss:2:8:
[37m      2 │ @import [32m[37m'../../../../../styles/variables';
        ╵         [32m^[0m


  Sass @import rules are deprecated and will be removed in Dart Sass 3.0.0.
  
  More info and automated migrator: [4mhttps://sass-lang.com/d/import[0m


[33m▲ [43;33m[[43;30mWARNING[43;33m][0m [1mDeprecation[0m [1m[35m[plugin angular-sass][0m

    projects/platform/src/app/promoter/promotion/components/stats-overview/stats-overview.component.scss:3:8:
[37m      3 │ @import [32m[37m'../../../../../styles/mixins';
        ╵         [32m^[0m


  Sass @import rules are deprecated and will be removed in Dart Sass 3.0.0.
  
  More info and automated migrator: [4mhttps://sass-lang.com/d/import[0m


[33m▲ [43;33m[[43;30mWARNING[43;33m][0m [1mDeprecation[0m [1m[35m[plugin angular-sass][0m

    projects/platform/src/app/promoter/promotion/promotion-details/components/promotion-activity/promotion-activity.component.scss:2:8:
[37m      2 │ @import [32m[37m'./../../../../../../styles/variables';
        ╵         [32m^[0m


  Sass @import rules are deprecated and will be removed in Dart Sass 3.0.0.
  
  More info and automated migrator: [4mhttps://sass-lang.com/d/import[0m


[33m▲ [43;33m[[43;30mWARNING[43;33m][0m [1mDeprecation[0m [1m[35m[plugin angular-sass][0m

    projects/platform/src/app/promoter/promotion/promotion-details/components/promotion-activity/promotion-activity.component.scss:3:8:
[37m      3 │ @import [32m[37m'./../../../../../../styles/mixins';
        ╵         [32m^[0m


  Sass @import rules are deprecated and will be removed in Dart Sass 3.0.0.
  
  More info and automated migrator: [4mhttps://sass-lang.com/d/import[0m


[33m▲ [43;33m[[43;30mWARNING[43;33m][0m [1mDeprecation[0m [1m[35m[plugin angular-sass][0m

    projects/platform/src/app/promoter/promotion/promotion-details/components/promotion-footer/promotion-footer.component.scss:2:8:
[37m      2 │ @import [32m[37m'./../../../../../../styles/variables';
        ╵         [32m^[0m


  Sass @import rules are deprecated and will be removed in Dart Sass 3.0.0.
  
  More info and automated migrator: [4mhttps://sass-lang.com/d/import[0m


[33m▲ [43;33m[[43;30mWARNING[43;33m][0m [1mDeprecation[0m [1m[35m[plugin angular-sass][0m

    projects/platform/src/app/promoter/promotion/promotion-details/components/promotion-footer/promotion-footer.component.scss:3:8:
[37m      3 │ @import [32m[37m'./../../../../../../styles/mixins';
        ╵         [32m^[0m


  Sass @import rules are deprecated and will be removed in Dart Sass 3.0.0.
  
  More info and automated migrator: [4mhttps://sass-lang.com/d/import[0m


[33m▲ [43;33m[[43;30mWARNING[43;33m][0m [1mDeprecation[0m [1m[35m[plugin angular-sass][0m

    projects/platform/src/app/promoter/promotion/promotion-details/components/promotion-header/promotion-header.component.scss:2:8:
[37m      2 │ @import [32m[37m'./../../../../../../styles/variables';
        ╵         [32m^[0m


  Sass @import rules are deprecated and will be removed in Dart Sass 3.0.0.
  
  More info and automated migrator: [4mhttps://sass-lang.com/d/import[0m


[33m▲ [43;33m[[43;30mWARNING[43;33m][0m [1mDeprecation[0m [1m[35m[plugin angular-sass][0m

    projects/platform/src/app/promoter/promotion/promotion-details/components/promotion-header/promotion-header.component.scss:3:8:
[37m      3 │ @import [32m[37m'./../../../../../../styles/mixins';
        ╵         [32m^[0m


  Sass @import rules are deprecated and will be removed in Dart Sass 3.0.0.
  
  More info and automated migrator: [4mhttps://sass-lang.com/d/import[0m


[33m▲ [43;33m[[43;30mWARNING[43;33m][0m [1mDeprecation[0m [1m[35m[plugin angular-sass][0m

    projects/platform/src/app/promoter/promotion/promotion-details/components/promotion-info/promotion-info.component.scss:2:8:
[37m      2 │ @import [32m[37m'./../../../../../../styles/variables';
        ╵         [32m^[0m


  Sass @import rules are deprecated and will be removed in Dart Sass 3.0.0.
  
  More info and automated migrator: [4mhttps://sass-lang.com/d/import[0m


[33m▲ [43;33m[[43;30mWARNING[43;33m][0m [1mDeprecation[0m [1m[35m[plugin angular-sass][0m

    projects/platform/src/app/promoter/promotion/promotion-details/components/promotion-info/promotion-info.component.scss:3:8:
[37m      3 │ @import [32m[37m'./../../../../../../styles/mixins';
        ╵         [32m^[0m


  Sass @import rules are deprecated and will be removed in Dart Sass 3.0.0.
  
  More info and automated migrator: [4mhttps://sass-lang.com/d/import[0m


[33m▲ [43;33m[[43;30mWARNING[43;33m][0m [1mDeprecation[0m [1m[35m[plugin angular-sass][0m

    projects/platform/src/app/promoter/promotion/promotion-details/components/promotion-media/promotion-media.component.scss:2:8:
[37m      2 │ @import [32m[37m'./../../../../../../styles/variables';
        ╵         [32m^[0m


  Sass @import rules are deprecated and will be removed in Dart Sass 3.0.0.
  
  More info and automated migrator: [4mhttps://sass-lang.com/d/import[0m


[33m▲ [43;33m[[43;30mWARNING[43;33m][0m [1mDeprecation[0m [1m[35m[plugin angular-sass][0m

    projects/platform/src/app/promoter/promotion/promotion-details/components/promotion-media/promotion-media.component.scss:3:8:
[37m      3 │ @import [32m[37m'./../../../../../../styles/mixins';
        ╵         [32m^[0m


  Sass @import rules are deprecated and will be removed in Dart Sass 3.0.0.
  
  More info and automated migrator: [4mhttps://sass-lang.com/d/import[0m


[33m▲ [43;33m[[43;30mWARNING[43;33m][0m [1mDeprecation[0m [1m[35m[plugin angular-sass][0m

    projects/platform/src/app/promoter/promotion/promotion-details/components/promotion-metrics/promotion-metrics.component.scss:2:8:
[37m      2 │ @import [32m[37m'./../../../../../../styles/variables';
        ╵         [32m^[0m


  Sass @import rules are deprecated and will be removed in Dart Sass 3.0.0.
  
  More info and automated migrator: [4mhttps://sass-lang.com/d/import[0m


[33m▲ [43;33m[[43;30mWARNING[43;33m][0m [1mDeprecation[0m [1m[35m[plugin angular-sass][0m

    projects/platform/src/app/promoter/promotion/promotion-details/components/promotion-metrics/promotion-metrics.component.scss:3:8:
[37m      3 │ @import [32m[37m'./../../../../../../styles/mixins';
        ╵         [32m^[0m


  Sass @import rules are deprecated and will be removed in Dart Sass 3.0.0.
  
  More info and automated migrator: [4mhttps://sass-lang.com/d/import[0m


[33m▲ [43;33m[[43;30mWARNING[43;33m][0m [1mDeprecation[0m [1m[35m[plugin angular-sass][0m

    projects/platform/src/app/promoter/promotion/promotion-details/components/promotion-overview/promotion-overview.component.scss:2:8:
[37m      2 │ @import [32m[37m'./../../../../../../styles/variables';
        ╵         [32m^[0m


  Sass @import rules are deprecated and will be removed in Dart Sass 3.0.0.
  
  More info and automated migrator: [4mhttps://sass-lang.com/d/import[0m


[33m▲ [43;33m[[43;30mWARNING[43;33m][0m [1mDeprecation[0m [1m[35m[plugin angular-sass][0m

    projects/platform/src/app/promoter/promotion/promotion-details/components/promotion-overview/promotion-overview.component.scss:3:8:
[37m      3 │ @import [32m[37m'./../../../../../../styles/mixins';
        ╵         [32m^[0m


  Sass @import rules are deprecated and will be removed in Dart Sass 3.0.0.
  
  More info and automated migrator: [4mhttps://sass-lang.com/d/import[0m


[33m▲ [43;33m[[43;30mWARNING[43;33m][0m [1mDeprecation[0m [1m[35m[plugin angular-sass][0m

    projects/platform/src/app/promoter/promotion/promotion-details/components/promotion-proof/image-viewer-modal.component.scss:3:8:
[37m      3 │ @import [32m[37m'./../../../../../../styles/variables';
        ╵         [32m^[0m


  Sass @import rules are deprecated and will be removed in Dart Sass 3.0.0.
  
  More info and automated migrator: [4mhttps://sass-lang.com/d/import[0m


[33m▲ [43;33m[[43;30mWARNING[43;33m][0m [1mDeprecation[0m [1m[35m[plugin angular-sass][0m

    projects/platform/src/app/promoter/promotion/promotion-details/components/promotion-proof/image-viewer-modal.component.scss:4:8:
[37m      4 │ @import [32m[37m'./../../../../../../styles/mixins';
        ╵         [32m^[0m


  Sass @import rules are deprecated and will be removed in Dart Sass 3.0.0.
  
  More info and automated migrator: [4mhttps://sass-lang.com/d/import[0m


[33m▲ [43;33m[[43;30mWARNING[43;33m][0m [1mDeprecation[0m [1m[35m[plugin angular-sass][0m

    projects/platform/src/app/promoter/promotion/promotion-details/components/promotion-proof/promotion-proof.component.scss:3:8:
[37m      3 │ @import [32m[37m'./../../../../../../styles/variables';
        ╵         [32m^[0m


  Sass @import rules are deprecated and will be removed in Dart Sass 3.0.0.
  
  More info and automated migrator: [4mhttps://sass-lang.com/d/import[0m


[33m▲ [43;33m[[43;30mWARNING[43;33m][0m [1mDeprecation[0m [1m[35m[plugin angular-sass][0m

    projects/platform/src/app/promoter/promotion/promotion-details/components/promotion-proof/promotion-proof.component.scss:4:8:
[37m      4 │ @import [32m[37m'./../../../../../../styles/mixins';
        ╵         [32m^[0m


  Sass @import rules are deprecated and will be removed in Dart Sass 3.0.0.
  
  More info and automated migrator: [4mhttps://sass-lang.com/d/import[0m


[33m▲ [43;33m[[43;30mWARNING[43;33m][0m [1mDeprecation[0m [1m[35m[plugin angular-sass][0m

    projects/platform/src/app/promoter/promotion/promotion-details/promotion-detail.component.scss:2:8:
[37m      2 │ @import [32m[37m'./../../../../styles/variables';
        ╵         [32m^[0m


  Sass @import rules are deprecated and will be removed in Dart Sass 3.0.0.
  
  More info and automated migrator: [4mhttps://sass-lang.com/d/import[0m


[33m▲ [43;33m[[43;30mWARNING[43;33m][0m [1mDeprecation[0m [1m[35m[plugin angular-sass][0m

    projects/platform/src/app/promoter/promotion/promotion-details/promotion-detail.component.scss:3:8:
[37m      3 │ @import [32m[37m'./../../../../styles/mixins';
        ╵         [32m^[0m


  Sass @import rules are deprecated and will be removed in Dart Sass 3.0.0.
  
  More info and automated migrator: [4mhttps://sass-lang.com/d/import[0m


[33m▲ [43;33m[[43;30mWARNING[43;33m][0m [1mDeprecation[0m [1m[35m[plugin angular-sass][0m

    projects/platform/src/app/promoter/promotion/promotion.component.scss:2:8:
[37m      2 │ @import [32m[37m'../../../styles/variables';
        ╵         [32m^[0m


  Sass @import rules are deprecated and will be removed in Dart Sass 3.0.0.
  
  More info and automated migrator: [4mhttps://sass-lang.com/d/import[0m


[33m▲ [43;33m[[43;30mWARNING[43;33m][0m [1mDeprecation[0m [1m[35m[plugin angular-sass][0m

    projects/platform/src/app/promoter/promotion/promotion.component.scss:3:8:
[37m      3 │ @import [32m[37m'../../../styles/mixins';
        ╵         [32m^[0m


  Sass @import rules are deprecated and will be removed in Dart Sass 3.0.0.
  
  More info and automated migrator: [4mhttps://sass-lang.com/d/import[0m


[33m▲ [43;33m[[43;30mWARNING[43;33m][0m [1mDeprecation[0m [1m[35m[plugin angular-sass][0m

    projects/platform/src/app/promoter/promotion/submit-proof/submit-proof-dialog.component.scss:2:8:
[37m      2 │ @import [32m[37m'./../../../../styles/variables';
        ╵         [32m^[0m


  Sass @import rules are deprecated and will be removed in Dart Sass 3.0.0.
  
  More info and automated migrator: [4mhttps://sass-lang.com/d/import[0m


[33m▲ [43;33m[[43;30mWARNING[43;33m][0m [1mDeprecation[0m [1m[35m[plugin angular-sass][0m

    projects/platform/src/app/promoter/promotion/submit-proof/submit-proof-dialog.component.scss:3:8:
[37m      3 │ @import [32m[37m'./../../../../styles/mixins';
        ╵         [32m^[0m


  Sass @import rules are deprecated and will be removed in Dart Sass 3.0.0.
  
  More info and automated migrator: [4mhttps://sass-lang.com/d/import[0m


[33m▲ [43;33m[[43;30mWARNING[43;33m][0m [1mDeprecation[0m [1m[35m[plugin angular-sass][0m

    projects/platform/src/app/resources/about/about.component.scss:1:8:
[37m      1 │ @import [32m[37m'../../../styles/variables';
        ╵         [32m^[0m


  Sass @import rules are deprecated and will be removed in Dart Sass 3.0.0.
  
  More info and automated migrator: [4mhttps://sass-lang.com/d/import[0m


[33m▲ [43;33m[[43;30mWARNING[43;33m][0m [1mDeprecation[0m [1m[35m[plugin angular-sass][0m

    projects/platform/src/app/resources/about/about.component.scss:2:8:
[37m      2 │ @import [32m[37m'../../../styles/mixins';
        ╵         [32m^[0m


  Sass @import rules are deprecated and will be removed in Dart Sass 3.0.0.
  
  More info and automated migrator: [4mhttps://sass-lang.com/d/import[0m


[33m▲ [43;33m[[43;30mWARNING[43;33m][0m [1mDeprecation[0m [1m[35m[plugin angular-sass][0m

    projects/platform/src/app/resources/benefits/benefits.component.scss:2:8:
[37m      2 │ @import [32m[37m'../../../styles/variables';
        ╵         [32m^[0m


  Sass @import rules are deprecated and will be removed in Dart Sass 3.0.0.
  
  More info and automated migrator: [4mhttps://sass-lang.com/d/import[0m


[33m▲ [43;33m[[43;30mWARNING[43;33m][0m [1mDeprecation[0m [1m[35m[plugin angular-sass][0m

    projects/platform/src/app/resources/benefits/benefits.component.scss:3:8:
[37m      3 │ @import [32m[37m'../../../styles/mixins';
        ╵         [32m^[0m


  Sass @import rules are deprecated and will be removed in Dart Sass 3.0.0.
  
  More info and automated migrator: [4mhttps://sass-lang.com/d/import[0m


[33m▲ [43;33m[[43;30mWARNING[43;33m][0m [1mDeprecation[0m [1m[35m[plugin angular-sass][0m

    projects/platform/src/app/resources/career/career.component.scss:1:8:
[37m      1 │ @import [32m[37m'../../../styles/variables';
        ╵         [32m^[0m


  Sass @import rules are deprecated and will be removed in Dart Sass 3.0.0.
  
  More info and automated migrator: [4mhttps://sass-lang.com/d/import[0m


[33m▲ [43;33m[[43;30mWARNING[43;33m][0m [1mDeprecation[0m [1m[35m[plugin angular-sass][0m

    projects/platform/src/app/resources/career/career.component.scss:2:8:
[37m      2 │ @import [32m[37m'../../../styles/mixins';
        ╵         [32m^[0m


  Sass @import rules are deprecated and will be removed in Dart Sass 3.0.0.
  
  More info and automated migrator: [4mhttps://sass-lang.com/d/import[0m


[33m▲ [43;33m[[43;30mWARNING[43;33m][0m [1mDeprecation[0m [1m[35m[plugin angular-sass][0m

    projects/platform/src/app/resources/community/community.component.scss:2:8:
[37m      2 │ @import [32m[37m'../../../styles/variables';
        ╵         [32m^[0m


  Sass @import rules are deprecated and will be removed in Dart Sass 3.0.0.
  
  More info and automated migrator: [4mhttps://sass-lang.com/d/import[0m


[33m▲ [43;33m[[43;30mWARNING[43;33m][0m [1mDeprecation[0m [1m[35m[plugin angular-sass][0m

    projects/platform/src/app/resources/community/community.component.scss:3:8:
[37m      3 │ @import [32m[37m'../../../styles/mixins';
        ╵         [32m^[0m


  Sass @import rules are deprecated and will be removed in Dart Sass 3.0.0.
  
  More info and automated migrator: [4mhttps://sass-lang.com/d/import[0m


[33m▲ [43;33m[[43;30mWARNING[43;33m][0m [1mDeprecation[0m [1m[35m[plugin angular-sass][0m

    projects/platform/src/app/resources/contact/contact.component.scss:1:8:
[37m      1 │ @import [32m[37m'../../../styles/variables';
        ╵         [32m^[0m


  Sass @import rules are deprecated and will be removed in Dart Sass 3.0.0.
  
  More info and automated migrator: [4mhttps://sass-lang.com/d/import[0m


[33m▲ [43;33m[[43;30mWARNING[43;33m][0m [1mDeprecation[0m [1m[35m[plugin angular-sass][0m

    projects/platform/src/app/resources/contact/contact.component.scss:2:8:
[37m      2 │ @import [32m[37m'../../../styles/mixins';
        ╵         [32m^[0m


  Sass @import rules are deprecated and will be removed in Dart Sass 3.0.0.
  
  More info and automated migrator: [4mhttps://sass-lang.com/d/import[0m


[33m▲ [43;33m[[43;30mWARNING[43;33m][0m [1mDeprecation[0m [1m[35m[plugin angular-sass][0m

    projects/platform/src/app/resources/core/header/header.component.scss:1:8:
[37m      1 │ @import [32m[37m'../../../../styles/variables';
        ╵         [32m^[0m


  Sass @import rules are deprecated and will be removed in Dart Sass 3.0.0.
  
  More info and automated migrator: [4mhttps://sass-lang.com/d/import[0m


[33m▲ [43;33m[[43;30mWARNING[43;33m][0m [1mDeprecation[0m [1m[35m[plugin angular-sass][0m

    projects/platform/src/app/resources/core/header/header.component.scss:2:8:
[37m      2 │ @import [32m[37m'../../../../styles/mixins';
        ╵         [32m^[0m


  Sass @import rules are deprecated and will be removed in Dart Sass 3.0.0.
  
  More info and automated migrator: [4mhttps://sass-lang.com/d/import[0m


[33m▲ [43;33m[[43;30mWARNING[43;33m][0m [1mDeprecation[0m [1m[35m[plugin angular-sass][0m

    projects/platform/src/app/resources/faq/faq.component.scss:1:8:
[37m      1 │ @import [32m[37m'../../../styles/variables';
        ╵         [32m^[0m


  Sass @import rules are deprecated and will be removed in Dart Sass 3.0.0.
  
  More info and automated migrator: [4mhttps://sass-lang.com/d/import[0m


[33m▲ [43;33m[[43;30mWARNING[43;33m][0m [1mDeprecation[0m [1m[35m[plugin angular-sass][0m

    projects/platform/src/app/resources/faq/faq.component.scss:2:8:
[37m      2 │ @import [32m[37m'../../../styles/mixins';
        ╵         [32m^[0m


  Sass @import rules are deprecated and will be removed in Dart Sass 3.0.0.
  
  More info and automated migrator: [4mhttps://sass-lang.com/d/import[0m


[33m▲ [43;33m[[43;30mWARNING[43;33m][0m [1mDeprecation[0m [1m[35m[plugin angular-sass][0m

    projects/platform/src/app/resources/features/features.component.scss:1:8:
[37m      1 │ @import [32m[37m'../../../styles/variables';
        ╵         [32m^[0m


  Sass @import rules are deprecated and will be removed in Dart Sass 3.0.0.
  
  More info and automated migrator: [4mhttps://sass-lang.com/d/import[0m


[33m▲ [43;33m[[43;30mWARNING[43;33m][0m [1mDeprecation[0m [1m[35m[plugin angular-sass][0m

    projects/platform/src/app/resources/features/features.component.scss:2:8:
[37m      2 │ @import [32m[37m'../../../styles/mixins';
        ╵         [32m^[0m


  Sass @import rules are deprecated and will be removed in Dart Sass 3.0.0.
  
  More info and automated migrator: [4mhttps://sass-lang.com/d/import[0m


[33m▲ [43;33m[[43;30mWARNING[43;33m][0m [1mNG8113: TestimonialsComponent is not used within the template of FeaturesComponent[0m [1m[35m[plugin angular-compiler][0m

    projects/platform/src/app/resources/features/features.component.ts:63:4:
[37m      63 │     [32mTestimonialsComponent[37m
         ╵     [32m~~~~~~~~~~~~~~~~~~~~~[0m


[33m▲ [43;33m[[43;30mWARNING[43;33m][0m [1mDeprecation[0m [1m[35m[plugin angular-sass][0m

    projects/platform/src/app/resources/for-marketers/for-marketers.component.scss:1:8:
[37m      1 │ @import [32m[37m'../../../styles/variables';
        ╵         [32m^[0m


  Sass @import rules are deprecated and will be removed in Dart Sass 3.0.0.
  
  More info and automated migrator: [4mhttps://sass-lang.com/d/import[0m


[33m▲ [43;33m[[43;30mWARNING[43;33m][0m [1mDeprecation[0m [1m[35m[plugin angular-sass][0m

    projects/platform/src/app/resources/for-marketers/for-marketers.component.scss:2:8:
[37m      2 │ @import [32m[37m'../../../styles/mixins';
        ╵         [32m^[0m


  Sass @import rules are deprecated and will be removed in Dart Sass 3.0.0.
  
  More info and automated migrator: [4mhttps://sass-lang.com/d/import[0m


[33m▲ [43;33m[[43;30mWARNING[43;33m][0m [1mDeprecation[0m [1m[35m[plugin angular-sass][0m

    projects/platform/src/app/resources/for-promoters/for-promoters.component.scss:1:8:
[37m      1 │ @import [32m[37m'../../../styles/variables';
        ╵         [32m^[0m


  Sass @import rules are deprecated and will be removed in Dart Sass 3.0.0.
  
  More info and automated migrator: [4mhttps://sass-lang.com/d/import[0m


[33m▲ [43;33m[[43;30mWARNING[43;33m][0m [1mDeprecation[0m [1m[35m[plugin angular-sass][0m

    projects/platform/src/app/resources/for-promoters/for-promoters.component.scss:2:8:
[37m      2 │ @import [32m[37m'../../../styles/mixins';
        ╵         [32m^[0m


  Sass @import rules are deprecated and will be removed in Dart Sass 3.0.0.
  
  More info and automated migrator: [4mhttps://sass-lang.com/d/import[0m


[33m▲ [43;33m[[43;30mWARNING[43;33m][0m [1mDeprecation[0m [1m[35m[plugin angular-sass][0m

    projects/platform/src/app/resources/help-center/help-center.component.scss:1:8:
[37m      1 │ @import [32m[37m'../../../styles/variables';
        ╵         [32m^[0m


  Sass @import rules are deprecated and will be removed in Dart Sass 3.0.0.
  
  More info and automated migrator: [4mhttps://sass-lang.com/d/import[0m


[33m▲ [43;33m[[43;30mWARNING[43;33m][0m [1mDeprecation[0m [1m[35m[plugin angular-sass][0m

    projects/platform/src/app/resources/help-center/help-center.component.scss:2:8:
[37m      2 │ @import [32m[37m'../../../styles/mixins';
        ╵         [32m^[0m


  Sass @import rules are deprecated and will be removed in Dart Sass 3.0.0.
  
  More info and automated migrator: [4mhttps://sass-lang.com/d/import[0m


[33m▲ [43;33m[[43;30mWARNING[43;33m][0m [1mDeprecation[0m [1m[35m[plugin angular-sass][0m

    projects/platform/src/app/resources/how-it-works/how-it-works.component.scss:1:8:
[37m      1 │ @import [32m[37m'../../../styles/variables';
        ╵         [32m^[0m


  Sass @import rules are deprecated and will be removed in Dart Sass 3.0.0.
  
  More info and automated migrator: [4mhttps://sass-lang.com/d/import[0m


[33m▲ [43;33m[[43;30mWARNING[43;33m][0m [1mDeprecation[0m [1m[35m[plugin angular-sass][0m

    projects/platform/src/app/resources/how-it-works/how-it-works.component.scss:2:8:
[37m      2 │ @import [32m[37m'../../../styles/mixins';
        ╵         [32m^[0m


  Sass @import rules are deprecated and will be removed in Dart Sass 3.0.0.
  
  More info and automated migrator: [4mhttps://sass-lang.com/d/import[0m


[33m▲ [43;33m[[43;30mWARNING[43;33m][0m [1mDeprecation[0m [1m[35m[plugin angular-sass][0m

    projects/platform/src/app/resources/loading-skeleton/loading-skeleton.component.scss:1:8:
[37m      1 │ @import [32m[37m'../../../styles/variables';
        ╵         [32m^[0m


  Sass @import rules are deprecated and will be removed in Dart Sass 3.0.0.
  
  More info and automated migrator: [4mhttps://sass-lang.com/d/import[0m


[33m▲ [43;33m[[43;30mWARNING[43;33m][0m [1mDeprecation[0m [1m[35m[plugin angular-sass][0m

    projects/platform/src/app/resources/loading-skeleton/loading-skeleton.component.scss:2:8:
[37m      2 │ @import [32m[37m'../../../styles/mixins';
        ╵         [32m^[0m


  Sass @import rules are deprecated and will be removed in Dart Sass 3.0.0.
  
  More info and automated migrator: [4mhttps://sass-lang.com/d/import[0m


[33m▲ [43;33m[[43;30mWARNING[43;33m][0m [1mDeprecation[0m [1m[35m[plugin angular-sass][0m

    projects/platform/src/app/resources/success-stories/success-stories.component.scss:1:8:
[37m      1 │ @import [32m[37m'../../../styles/variables';
        ╵         [32m^[0m


  Sass @import rules are deprecated and will be removed in Dart Sass 3.0.0.
  
  More info and automated migrator: [4mhttps://sass-lang.com/d/import[0m


[33m▲ [43;33m[[43;30mWARNING[43;33m][0m [1mDeprecation[0m [1m[35m[plugin angular-sass][0m

    projects/platform/src/app/resources/success-stories/success-stories.component.scss:2:8:
[37m      2 │ @import [32m[37m'../../../styles/mixins';
        ╵         [32m^[0m


  Sass @import rules are deprecated and will be removed in Dart Sass 3.0.0.
  
  More info and automated migrator: [4mhttps://sass-lang.com/d/import[0m


[33m▲ [43;33m[[43;30mWARNING[43;33m][0m [1mDeprecation[0m [1m[35m[plugin angular-sass][0m

    projects/platform/src/app/settings/account/account.component.scss:1:8:
[37m      1 │ @import [32m[37m'./../../../styles/variables';
        ╵         [32m^[0m


  Sass @import rules are deprecated and will be removed in Dart Sass 3.0.0.
  
  More info and automated migrator: [4mhttps://sass-lang.com/d/import[0m


[33m▲ [43;33m[[43;30mWARNING[43;33m][0m [1mDeprecation[0m [1m[35m[plugin angular-sass][0m

    projects/platform/src/app/settings/account/account.component.scss:2:8:
[37m      2 │ @import [32m[37m'./../../../styles/mixins';
        ╵         [32m^[0m


  Sass @import rules are deprecated and will be removed in Dart Sass 3.0.0.
  
  More info and automated migrator: [4mhttps://sass-lang.com/d/import[0m


[33m▲ [43;33m[[43;30mWARNING[43;33m][0m [1mDeprecation[0m [1m[35m[plugin angular-sass][0m

    projects/platform/src/app/settings/account/personal/personal.component.scss:2:8:
[37m      2 │ @import [32m[37m'./../../../../styles/variables';
        ╵         [32m^[0m


  Sass @import rules are deprecated and will be removed in Dart Sass 3.0.0.
  
  More info and automated migrator: [4mhttps://sass-lang.com/d/import[0m


[33m▲ [43;33m[[43;30mWARNING[43;33m][0m [1mDeprecation[0m [1m[35m[plugin angular-sass][0m

    projects/platform/src/app/settings/account/personal/personal.component.scss:3:8:
[37m      3 │ @import [32m[37m'./../../../../styles/mixins';
        ╵         [32m^[0m


  Sass @import rules are deprecated and will be removed in Dart Sass 3.0.0.
  
  More info and automated migrator: [4mhttps://sass-lang.com/d/import[0m


[33m▲ [43;33m[[43;30mWARNING[43;33m][0m [1mNG8011: Node matches the "mat-error, [matError]" slot of the "MatFormField" component, but will not be projected into the specific slot because the surrounding @if has more than one node at its root. To project the node in the right slot, you can:

1. Wrap the content of the @if block in an <ng-container/> that matches the "mat-error, [matError]" selector.
2. Split the content of the @if block across multiple @if blocks such that each one only has a single projectable node at its root.
3. Remove all content from the @if block, except for the node being projected.

This check can be disabled using the `extendedDiagnostics.checks.controlFlowPreventingContentProjection = "suppress" compiler option.`[0m [1m[35m[plugin angular-compiler][0m

    projects/platform/src/app/settings/account/professional/professional.component.html:151:14:
[37m      151 │               [32m<mat-error>[37m
          ╵               [32m~~~~~~~~~~~[0m

  Warning occurs in the template of component ProfessionalInfoComponent.

    projects/platform/src/app/settings/account/professional/professional.component.ts:55:15:
[37m      55 │   templateUrl: [32m'./professional.component.html'[37m,
         ╵                [32m~~~~~~~~~~~~~~~~~~~~~~~~~~~~~~~[0m


[33m▲ [43;33m[[43;30mWARNING[43;33m][0m [1mNG8011: Node matches the "mat-error, [matError]" slot of the "MatFormField" component, but will not be projected into the specific slot because the surrounding @if has more than one node at its root. To project the node in the right slot, you can:

1. Wrap the content of the @if block in an <ng-container/> that matches the "mat-error, [matError]" selector.
2. Split the content of the @if block across multiple @if blocks such that each one only has a single projectable node at its root.
3. Remove all content from the @if block, except for the node being projected.

This check can be disabled using the `extendedDiagnostics.checks.controlFlowPreventingContentProjection = "suppress" compiler option.`[0m [1m[35m[plugin angular-compiler][0m

    projects/platform/src/app/settings/account/professional/professional.component.html:187:14:
[37m      187 │               [32m<mat-error>[37m
          ╵               [32m~~~~~~~~~~~[0m

  Warning occurs in the template of component ProfessionalInfoComponent.

    projects/platform/src/app/settings/account/professional/professional.component.ts:55:15:
[37m      55 │   templateUrl: [32m'./professional.component.html'[37m,
         ╵                [32m~~~~~~~~~~~~~~~~~~~~~~~~~~~~~~~[0m


[33m▲ [43;33m[[43;30mWARNING[43;33m][0m [1mDeprecation[0m [1m[35m[plugin angular-sass][0m

    projects/platform/src/app/settings/account/professional/professional.component.scss:2:8:
[37m      2 │ @import [32m[37m'./../../../../styles/variables';
        ╵         [32m^[0m


  Sass @import rules are deprecated and will be removed in Dart Sass 3.0.0.
  
  More info and automated migrator: [4mhttps://sass-lang.com/d/import[0m


[33m▲ [43;33m[[43;30mWARNING[43;33m][0m [1mDeprecation[0m [1m[35m[plugin angular-sass][0m

    projects/platform/src/app/settings/account/professional/professional.component.scss:3:8:
[37m      3 │ @import [32m[37m'./../../../../styles/mixins';
        ╵         [32m^[0m


  Sass @import rules are deprecated and will be removed in Dart Sass 3.0.0.
  
  More info and automated migrator: [4mhttps://sass-lang.com/d/import[0m


[33m▲ [43;33m[[43;30mWARNING[43;33m][0m [1mDeprecation[0m [1m[35m[plugin angular-sass][0m

    projects/platform/src/app/settings/account/username/help-dialog.component.scss:2:8:
[37m      2 │ @import [32m[37m'./../../../../styles/variables';
        ╵         [32m^[0m


  Sass @import rules are deprecated and will be removed in Dart Sass 3.0.0.
  
  More info and automated migrator: [4mhttps://sass-lang.com/d/import[0m


[33m▲ [43;33m[[43;30mWARNING[43;33m][0m [1mDeprecation[0m [1m[35m[plugin angular-sass][0m

    projects/platform/src/app/settings/account/username/help-dialog.component.scss:3:8:
[37m      3 │ @import [32m[37m'./../../../../styles/mixins';
        ╵         [32m^[0m


  Sass @import rules are deprecated and will be removed in Dart Sass 3.0.0.
  
  More info and automated migrator: [4mhttps://sass-lang.com/d/import[0m


[33m▲ [43;33m[[43;30mWARNING[43;33m][0m [1mDeprecation[0m [1m[35m[plugin angular-sass][0m

    projects/platform/src/app/settings/account/username/username.component.scss:1:8:
[37m      1 │ @import [32m[37m'./../../../../styles/variables';
        ╵         [32m^[0m


  Sass @import rules are deprecated and will be removed in Dart Sass 3.0.0.
  
  More info and automated migrator: [4mhttps://sass-lang.com/d/import[0m


[33m▲ [43;33m[[43;30mWARNING[43;33m][0m [1mDeprecation[0m [1m[35m[plugin angular-sass][0m

    projects/platform/src/app/settings/account/username/username.component.scss:2:8:
[37m      2 │ @import [32m[37m'./../../../../styles/mixins';
        ╵         [32m^[0m


  Sass @import rules are deprecated and will be removed in Dart Sass 3.0.0.
  
  More info and automated migrator: [4mhttps://sass-lang.com/d/import[0m


[33m▲ [43;33m[[43;30mWARNING[43;33m][0m [1mDeprecation[0m [1m[35m[plugin angular-sass][0m

    projects/platform/src/app/settings/ads/preference/ads-preference.component.scss:2:8:
[37m      2 │ @import [32m[37m'./../../../../styles/variables';
        ╵         [32m^[0m


  Sass @import rules are deprecated and will be removed in Dart Sass 3.0.0.
  
  More info and automated migrator: [4mhttps://sass-lang.com/d/import[0m


[33m▲ [43;33m[[43;30mWARNING[43;33m][0m [1mDeprecation[0m [1m[35m[plugin angular-sass][0m

    projects/platform/src/app/settings/ads/preference/ads-preference.component.scss:3:8:
[37m      3 │ @import [32m[37m'./../../../../styles/mixins';
        ╵         [32m^[0m


  Sass @import rules are deprecated and will be removed in Dart Sass 3.0.0.
  
  More info and automated migrator: [4mhttps://sass-lang.com/d/import[0m


[33m▲ [43;33m[[43;30mWARNING[43;33m][0m [1mDeprecation[0m [1m[35m[plugin angular-sass][0m

    projects/platform/src/app/settings/ads/preference/ads-preference.component.scss:183:23:
[37m      183 │                 color: [32m[37mdarken($success-color, 20%);
          ╵                        [32m^[0m


  Global built-in functions are deprecated and will be removed in Dart Sass 3.0.0.
  Use color.adjust instead.
  
  More info and automated migrator: [4mhttps://sass-lang.com/d/import[0m


[33m▲ [43;33m[[43;30mWARNING[43;33m][0m [1mDeprecation[0m [1m[35m[plugin angular-sass][0m

    projects/platform/src/app/settings/ads/preference/ads-preference.component.scss:183:23:
[37m      183 │                 color: [32m[37mdarken($success-color, 20%);
          ╵                        [32m^[0m


  darken() is deprecated. Suggestions:
  
  color.scale($color, $lightness: -50.7462686567%)
  color.adjust($color, $lightness: -20%)
  
  More info: [4mhttps://sass-lang.com/d/color-functions[0m


[33m▲ [43;33m[[43;30mWARNING[43;33m][0m [1mDeprecation[0m [1m[35m[plugin angular-sass][0m

    projects/platform/src/app/settings/ads/preference/ads-preference.component.scss:248:19:
[37m      248 │             color: [32m[37mdarken($warning-color, 20%);
          ╵                    [32m^[0m


  Global built-in functions are deprecated and will be removed in Dart Sass 3.0.0.
  Use color.adjust instead.
  
  More info and automated migrator: [4mhttps://sass-lang.com/d/import[0m


[33m▲ [43;33m[[43;30mWARNING[43;33m][0m [1mDeprecation[0m [1m[35m[plugin angular-sass][0m

    projects/platform/src/app/settings/ads/preference/ads-preference.component.scss:248:19:
[37m      248 │             color: [32m[37mdarken($warning-color, 20%);
          ╵                    [32m^[0m


  darken() is deprecated. Suggestions:
  
  color.scale($color, $lightness: -39.84375%)
  color.adjust($color, $lightness: -20%)
  
  More info: [4mhttps://sass-lang.com/d/color-functions[0m


[33m▲ [43;33m[[43;30mWARNING[43;33m][0m [1mDeprecation[0m [1m[35m[plugin angular-sass][0m

    projects/platform/src/app/settings/ads/preference/ads-preference.component.scss:513:11:
[37m      513 │     color: [32m[37mdarken($success-color, 20%);
          ╵            [32m^[0m


  Global built-in functions are deprecated and will be removed in Dart Sass 3.0.0.
  Use color.adjust instead.
  
  More info and automated migrator: [4mhttps://sass-lang.com/d/import[0m


[33m▲ [43;33m[[43;30mWARNING[43;33m][0m [1mDeprecation[0m [1m[35m[plugin angular-sass][0m

    projects/platform/src/app/settings/ads/preference/ads-preference.component.scss:513:11:
[37m      513 │     color: [32m[37mdarken($success-color, 20%);
          ╵            [32m^[0m


  darken() is deprecated. Suggestions:
  
  color.scale($color, $lightness: -50.7462686567%)
  color.adjust($color, $lightness: -20%)
  
  More info: [4mhttps://sass-lang.com/d/color-functions[0m


[33m▲ [43;33m[[43;30mWARNING[43;33m][0m [1mDeprecation[0m [1m[35m[plugin angular-sass][0m

    projects/platform/src/app/settings/components/recent-activity/recent-activity.component.scss:1:8:
[37m      1 │ @import [32m[37m'./../../../../styles/variables';
        ╵         [32m^[0m


  Sass @import rules are deprecated and will be removed in Dart Sass 3.0.0.
  
  More info and automated migrator: [4mhttps://sass-lang.com/d/import[0m


[33m▲ [43;33m[[43;30mWARNING[43;33m][0m [1mDeprecation[0m [1m[35m[plugin angular-sass][0m

    projects/platform/src/app/settings/components/recent-activity/recent-activity.component.scss:2:8:
[37m      2 │ @import [32m[37m'./../../../../styles/mixins';
        ╵         [32m^[0m


  Sass @import rules are deprecated and will be removed in Dart Sass 3.0.0.
  
  More info and automated migrator: [4mhttps://sass-lang.com/d/import[0m


[33m▲ [43;33m[[43;30mWARNING[43;33m][0m [1mDeprecation[0m [1m[35m[plugin angular-sass][0m

    projects/platform/src/app/settings/index.component.scss:2:8:
[37m      2 │ @import [32m[37m'./../../styles/variables';
        ╵         [32m^[0m


  Sass @import rules are deprecated and will be removed in Dart Sass 3.0.0.
  
  More info and automated migrator: [4mhttps://sass-lang.com/d/import[0m


[33m▲ [43;33m[[43;30mWARNING[43;33m][0m [1mDeprecation[0m [1m[35m[plugin angular-sass][0m

    projects/platform/src/app/settings/index.component.scss:3:8:
[37m      3 │ @import [32m[37m'./../../styles/mixins';
        ╵         [32m^[0m


  Sass @import rules are deprecated and will be removed in Dart Sass 3.0.0.
  
  More info and automated migrator: [4mhttps://sass-lang.com/d/import[0m


[33m▲ [43;33m[[43;30mWARNING[43;33m][0m [1mDeprecation[0m [1m[35m[plugin angular-sass][0m

    projects/platform/src/app/settings/support/contact/contact.component.scss:2:8:
[37m      2 │ @import [32m[37m'./../../../../styles/variables';
        ╵         [32m^[0m


  Sass @import rules are deprecated and will be removed in Dart Sass 3.0.0.
  
  More info and automated migrator: [4mhttps://sass-lang.com/d/import[0m


[33m▲ [43;33m[[43;30mWARNING[43;33m][0m [1mDeprecation[0m [1m[35m[plugin angular-sass][0m

    projects/platform/src/app/settings/support/contact/contact.component.scss:3:8:
[37m      3 │ @import [32m[37m'./../../../../styles/mixins';
        ╵         [32m^[0m


  Sass @import rules are deprecated and will be removed in Dart Sass 3.0.0.
  
  More info and automated migrator: [4mhttps://sass-lang.com/d/import[0m


[33m▲ [43;33m[[43;30mWARNING[43;33m][0m [1mDeprecation[0m [1m[35m[plugin angular-sass][0m

    projects/platform/src/app/settings/support/support.component.scss:1:8:
[37m      1 │ @import [32m[37m'./../../../styles/variables';
        ╵         [32m^[0m


  Sass @import rules are deprecated and will be removed in Dart Sass 3.0.0.
  
  More info and automated migrator: [4mhttps://sass-lang.com/d/import[0m


[33m▲ [43;33m[[43;30mWARNING[43;33m][0m [1mDeprecation[0m [1m[35m[plugin angular-sass][0m

    projects/platform/src/app/settings/support/support.component.scss:2:8:
[37m      2 │ @import [32m[37m'./../../../styles/mixins';
        ╵         [32m^[0m


  Sass @import rules are deprecated and will be removed in Dart Sass 3.0.0.
  
  More info and automated migrator: [4mhttps://sass-lang.com/d/import[0m


[33m▲ [43;33m[[43;30mWARNING[43;33m][0m [1mDeprecation[0m [1m[35m[plugin angular-sass][0m

    projects/platform/src/app/settings/support/testimonial-writeup/testimonial-writeup.component.scss:2:8:
[37m      2 │ @import [32m[37m'./../../../../styles/variables';
        ╵         [32m^[0m


  Sass @import rules are deprecated and will be removed in Dart Sass 3.0.0.
  
  More info and automated migrator: [4mhttps://sass-lang.com/d/import[0m


[33m▲ [43;33m[[43;30mWARNING[43;33m][0m [1mDeprecation[0m [1m[35m[plugin angular-sass][0m

    projects/platform/src/app/settings/support/testimonial-writeup/testimonial-writeup.component.scss:3:8:
[37m      3 │ @import [32m[37m'./../../../../styles/mixins';
        ╵         [32m^[0m


  Sass @import rules are deprecated and will be removed in Dart Sass 3.0.0.
  
  More info and automated migrator: [4mhttps://sass-lang.com/d/import[0m


[33m▲ [43;33m[[43;30mWARNING[43;33m][0m [1mDeprecation[0m [1m[35m[plugin angular-sass][0m

    projects/platform/src/app/settings/system/notification/notification.component.scss:2:8:
[37m      2 │ @import [32m[37m'./../../../../styles/variables';
        ╵         [32m^[0m


  Sass @import rules are deprecated and will be removed in Dart Sass 3.0.0.
  
  More info and automated migrator: [4mhttps://sass-lang.com/d/import[0m


[33m▲ [43;33m[[43;30mWARNING[43;33m][0m [1mDeprecation[0m [1m[35m[plugin angular-sass][0m

    projects/platform/src/app/settings/system/notification/notification.component.scss:3:8:
[37m      3 │ @import [32m[37m'./../../../../styles/mixins';
        ╵         [32m^[0m


  Sass @import rules are deprecated and will be removed in Dart Sass 3.0.0.
  
  More info and automated migrator: [4mhttps://sass-lang.com/d/import[0m


[33m▲ [43;33m[[43;30mWARNING[43;33m][0m [1mDeprecation[0m [1m[35m[plugin angular-sass][0m

    projects/platform/src/app/settings/system/system.component.scss:1:8:
[37m      1 │ @import [32m[37m'./../../../styles/variables';
        ╵         [32m^[0m


  Sass @import rules are deprecated and will be removed in Dart Sass 3.0.0.
  
  More info and automated migrator: [4mhttps://sass-lang.com/d/import[0m


[33m▲ [43;33m[[43;30mWARNING[43;33m][0m [1mDeprecation[0m [1m[35m[plugin angular-sass][0m

    projects/platform/src/app/settings/system/system.component.scss:2:8:
[37m      2 │ @import [32m[37m'./../../../styles/mixins';
        ╵         [32m^[0m


  Sass @import rules are deprecated and will be removed in Dart Sass 3.0.0.
  
  More info and automated migrator: [4mhttps://sass-lang.com/d/import[0m


[33m▲ [43;33m[[43;30mWARNING[43;33m][0m [1mDeprecation[0m [1m[35m[plugin angular-sass][0m

    projects/platform/src/app/settings/system/theme/theme.component.scss:2:8:
[37m      2 │ @import [32m[37m'./../../../../styles/variables';
        ╵         [32m^[0m


  Sass @import rules are deprecated and will be removed in Dart Sass 3.0.0.
  
  More info and automated migrator: [4mhttps://sass-lang.com/d/import[0m


[33m▲ [43;33m[[43;30mWARNING[43;33m][0m [1mDeprecation[0m [1m[35m[plugin angular-sass][0m

    projects/platform/src/app/settings/system/theme/theme.component.scss:3:8:
[37m      3 │ @import [32m[37m'./../../../../styles/mixins';
        ╵         [32m^[0m


  Sass @import rules are deprecated and will be removed in Dart Sass 3.0.0.
  
  More info and automated migrator: [4mhttps://sass-lang.com/d/import[0m


[33m▲ [43;33m[[43;30mWARNING[43;33m][0m [1mDeprecation[0m [1m[35m[plugin angular-sass][0m

    projects/platform/src/app/store/marketer/dashboard/product-management/product-management.component.scss:2:8:
[37m      2 │ @import [32m[37m'../../../../../styles/mixins';
        ╵         [32m^[0m


  Sass @import rules are deprecated and will be removed in Dart Sass 3.0.0.
  
  More info and automated migrator: [4mhttps://sass-lang.com/d/import[0m


[33m▲ [43;33m[[43;30mWARNING[43;33m][0m [1mDeprecation[0m [1m[35m[plugin angular-sass][0m

    projects/platform/src/app/store/marketer/dashboard/product-management/product-management.component.scss:3:8:
[37m      3 │ @import [32m[37m'../../../../../styles/variables';
        ╵         [32m^[0m


  Sass @import rules are deprecated and will be removed in Dart Sass 3.0.0.
  
  More info and automated migrator: [4mhttps://sass-lang.com/d/import[0m


[33m▲ [43;33m[[43;30mWARNING[43;33m][0m [1mDeprecation[0m [1m[35m[plugin angular-sass][0m

    projects/platform/src/app/store/marketer/dashboard/store-dashboard/store-dashboard.component.scss:2:8:
[37m      2 │ @import [32m[37m'../../../../../styles/mixins';
        ╵         [32m^[0m


  Sass @import rules are deprecated and will be removed in Dart Sass 3.0.0.
  
  More info and automated migrator: [4mhttps://sass-lang.com/d/import[0m


[33m▲ [43;33m[[43;30mWARNING[43;33m][0m [1mDeprecation[0m [1m[35m[plugin angular-sass][0m

    projects/platform/src/app/store/marketer/dashboard/store-dashboard/store-dashboard.component.scss:3:8:
[37m      3 │ @import [32m[37m'../../../../../styles/variables';
        ╵         [32m^[0m


  Sass @import rules are deprecated and will be removed in Dart Sass 3.0.0.
  
  More info and automated migrator: [4mhttps://sass-lang.com/d/import[0m


[33m▲ [43;33m[[43;30mWARNING[43;33m][0m [1mNG8113: ProductManagementComponent is not used within the template of MarketerStoreDashboardComponent[0m [1m[35m[plugin angular-compiler][0m

    projects/platform/src/app/store/marketer/dashboard/store-dashboard/store-dashboard.component.ts:71:4:
[37m      71 │     [32mProductManagementComponent[37m,
         ╵     [32m~~~~~~~~~~~~~~~~~~~~~~~~~~[0m


[33m▲ [43;33m[[43;30mWARNING[43;33m][0m [1mNG8113: StoreAnalyticsComponent is not used within the template of MarketerStoreDashboardComponent[0m [1m[35m[plugin angular-compiler][0m

    projects/platform/src/app/store/marketer/dashboard/store-dashboard/store-dashboard.component.ts:72:4:
[37m      72 │     [32mStoreAnalyticsComponent[37m,
         ╵     [32m~~~~~~~~~~~~~~~~~~~~~~~[0m


[33m▲ [43;33m[[43;30mWARNING[43;33m][0m [1mNG8113: StorePromotionsComponent is not used within the template of MarketerStoreDashboardComponent[0m [1m[35m[plugin angular-compiler][0m

    projects/platform/src/app/store/marketer/dashboard/store-dashboard/store-dashboard.component.ts:73:4:
[37m      73 │     [32mStorePromotionsComponent[37m,
         ╵     [32m~~~~~~~~~~~~~~~~~~~~~~~~[0m


[33m▲ [43;33m[[43;30mWARNING[43;33m][0m [1mNG8113: RealTimeStatsComponent is not used within the template of MarketerStoreDashboardComponent[0m [1m[35m[plugin angular-compiler][0m

    projects/platform/src/app/store/marketer/dashboard/store-dashboard/store-dashboard.component.ts:74:4:
[37m      74 │     [32mRealTimeStatsComponent[37m,
         ╵     [32m~~~~~~~~~~~~~~~~~~~~~~[0m


[33m▲ [43;33m[[43;30mWARNING[43;33m][0m [1mNG8113: StoreAnalyticsComponent is not used within the template of MarketerStoreDashboardComponent[0m [1m[35m[plugin angular-compiler][0m

    projects/platform/src/app/store/marketer/dashboard/store-dashboard/store-dashboard.component.ts:81:4:
[37m      81 │     [32mStoreAnalyticsComponent[37m
         ╵     [32m~~~~~~~~~~~~~~~~~~~~~~~[0m


[33m▲ [43;33m[[43;30mWARNING[43;33m][0m [1mDeprecation[0m [1m[35m[plugin angular-sass][0m

    projects/platform/src/app/store/marketer/dashboard/store-header/store-header.component.scss:2:8:
[37m      2 │ @import [32m[37m'../../../../../styles/mixins';
        ╵         [32m^[0m


  Sass @import rules are deprecated and will be removed in Dart Sass 3.0.0.
  
  More info and automated migrator: [4mhttps://sass-lang.com/d/import[0m


[33m▲ [43;33m[[43;30mWARNING[43;33m][0m [1mDeprecation[0m [1m[35m[plugin angular-sass][0m

    projects/platform/src/app/store/marketer/dashboard/store-header/store-header.component.scss:3:8:
[37m      3 │ @import [32m[37m'../../../../../styles/variables';
        ╵         [32m^[0m


  Sass @import rules are deprecated and will be removed in Dart Sass 3.0.0.
  
  More info and automated migrator: [4mhttps://sass-lang.com/d/import[0m


[33m▲ [43;33m[[43;30mWARNING[43;33m][0m [1mDeprecation[0m [1m[35m[plugin angular-sass][0m

    projects/platform/src/app/store/marketer/edit-store/store-edit.component.scss:2:8:
[37m      2 │ @import [32m[37m'../../../../styles/variables';
        ╵         [32m^[0m


  Sass @import rules are deprecated and will be removed in Dart Sass 3.0.0.
  
  More info and automated migrator: [4mhttps://sass-lang.com/d/import[0m


[33m▲ [43;33m[[43;30mWARNING[43;33m][0m [1mDeprecation[0m [1m[35m[plugin angular-sass][0m

    projects/platform/src/app/store/marketer/edit-store/store-edit.component.scss:3:8:
[37m      3 │ @import [32m[37m'../../../../styles/mixins';
        ╵         [32m^[0m


  Sass @import rules are deprecated and will be removed in Dart Sass 3.0.0.
  
  More info and automated migrator: [4mhttps://sass-lang.com/d/import[0m


[33m▲ [43;33m[[43;30mWARNING[43;33m][0m [1mDeprecation[0m [1m[35m[plugin angular-sass][0m

    projects/platform/src/app/store/marketer/products/add-products/add-product.component.scss:2:8:
[37m      2 │ @import [32m[37m'../../../../../styles/mixins';
        ╵         [32m^[0m


  Sass @import rules are deprecated and will be removed in Dart Sass 3.0.0.
  
  More info and automated migrator: [4mhttps://sass-lang.com/d/import[0m


[33m▲ [43;33m[[43;30mWARNING[43;33m][0m [1mDeprecation[0m [1m[35m[plugin angular-sass][0m

    projects/platform/src/app/store/marketer/products/add-products/add-product.component.scss:3:8:
[37m      3 │ @import [32m[37m'../../../../../styles/variables';
        ╵         [32m^[0m


  Sass @import rules are deprecated and will be removed in Dart Sass 3.0.0.
  
  More info and automated migrator: [4mhttps://sass-lang.com/d/import[0m


[33m▲ [43;33m[[43;30mWARNING[43;33m][0m [1mDeprecation[0m [1m[35m[plugin angular-sass][0m

    projects/platform/src/app/store/marketer/products/add-products/components/add-product-header/add-product-header.component.scss:1:8:
[37m      1 │ @import [32m[37m'../../../../../../../styles/mixins';
        ╵         [32m^[0m


  Sass @import rules are deprecated and will be removed in Dart Sass 3.0.0.
  
  More info and automated migrator: [4mhttps://sass-lang.com/d/import[0m


[33m▲ [43;33m[[43;30mWARNING[43;33m][0m [1mDeprecation[0m [1m[35m[plugin angular-sass][0m

    projects/platform/src/app/store/marketer/products/add-products/components/add-product-header/add-product-header.component.scss:2:8:
[37m      2 │ @import [32m[37m'../../../../../../../styles/variables';
        ╵         [32m^[0m


  Sass @import rules are deprecated and will be removed in Dart Sass 3.0.0.
  
  More info and automated migrator: [4mhttps://sass-lang.com/d/import[0m


[33m▲ [43;33m[[43;30mWARNING[43;33m][0m [1mDeprecation[0m [1m[35m[plugin angular-sass][0m

    projects/platform/src/app/store/marketer/products/add-products/components/basic-info-form/basic-info-form.component.scss:1:8:
[37m      1 │ @import [32m[37m'../../../../../../../styles/mixins';
        ╵         [32m^[0m


  Sass @import rules are deprecated and will be removed in Dart Sass 3.0.0.
  
  More info and automated migrator: [4mhttps://sass-lang.com/d/import[0m


[33m▲ [43;33m[[43;30mWARNING[43;33m][0m [1mDeprecation[0m [1m[35m[plugin angular-sass][0m

    projects/platform/src/app/store/marketer/products/add-products/components/basic-info-form/basic-info-form.component.scss:2:8:
[37m      2 │ @import [32m[37m'../../../../../../../styles/variables';
        ╵         [32m^[0m


  Sass @import rules are deprecated and will be removed in Dart Sass 3.0.0.
  
  More info and automated migrator: [4mhttps://sass-lang.com/d/import[0m


[33m▲ [43;33m[[43;30mWARNING[43;33m][0m [1mDeprecation[0m [1m[35m[plugin angular-sass][0m

    projects/platform/src/app/store/marketer/products/add-products/components/basic-info-form/basic-info-form.component.scss:268:20:
[37m      268 │         background: [32m[37mdarken($primary-color, 10%);
          ╵                     [32m^[0m


  Global built-in functions are deprecated and will be removed in Dart Sass 3.0.0.
  Use color.adjust instead.
  
  More info and automated migrator: [4mhttps://sass-lang.com/d/import[0m


[33m▲ [43;33m[[43;30mWARNING[43;33m][0m [1mDeprecation[0m [1m[35m[plugin angular-sass][0m

    projects/platform/src/app/store/marketer/products/add-products/components/basic-info-form/basic-info-form.component.scss:268:20:
[37m      268 │         background: [32m[37mdarken($primary-color, 10%);
          ╵                     [32m^[0m


  darken() is deprecated. Suggestions:
  
  color.scale($color, $lightness: -15.1785714286%)
  color.adjust($color, $lightness: -10%)
  
  More info: [4mhttps://sass-lang.com/d/color-functions[0m


[33m▲ [43;33m[[43;30mWARNING[43;33m][0m [1mDeprecation[0m [1m[35m[plugin angular-sass][0m

    projects/platform/src/app/store/marketer/products/add-products/components/basic-info-form/basic-info-form.component.scss:483:22:
[37m      483 │         border-color: [32m[37mlighten($primary-color, 10%);
          ╵                       [32m^[0m


  Global built-in functions are deprecated and will be removed in Dart Sass 3.0.0.
  Use color.adjust instead.
  
  More info and automated migrator: [4mhttps://sass-lang.com/d/import[0m


[33m▲ [43;33m[[43;30mWARNING[43;33m][0m [1mDeprecation[0m [1m[35m[plugin angular-sass][0m

    projects/platform/src/app/store/marketer/products/add-products/components/basic-info-form/basic-info-form.component.scss:483:22:
[37m      483 │         border-color: [32m[37mlighten($primary-color, 10%);
          ╵                       [32m^[0m


  lighten() is deprecated. Suggestions:
  
  color.scale($color, $lightness: 29.3103448276%)
  color.adjust($color, $lightness: 10%)
  
  More info: [4mhttps://sass-lang.com/d/color-functions[0m


[33m▲ [43;33m[[43;30mWARNING[43;33m][0m [1mDeprecation[0m [1m[35m[plugin angular-sass][0m

    projects/platform/src/app/store/marketer/products/add-products/components/basic-info-form/basic-info-form.component.scss:487:20:
[37m      487 │         background: [32m[37mlighten($primary-color, 10%);
          ╵                     [32m^[0m


  Global built-in functions are deprecated and will be removed in Dart Sass 3.0.0.
  Use color.adjust instead.
  
  More info and automated migrator: [4mhttps://sass-lang.com/d/import[0m


[33m▲ [43;33m[[43;30mWARNING[43;33m][0m [1mDeprecation[0m [1m[35m[plugin angular-sass][0m

    projects/platform/src/app/store/marketer/products/add-products/components/basic-info-form/basic-info-form.component.scss:487:20:
[37m      487 │         background: [32m[37mlighten($primary-color, 10%);
          ╵                     [32m^[0m


  lighten() is deprecated. Suggestions:
  
  color.scale($color, $lightness: 29.3103448276%)
  color.adjust($color, $lightness: 10%)
  
  More info: [4mhttps://sass-lang.com/d/color-functions[0m


[33m▲ [43;33m[[43;30mWARNING[43;33m][0m [1mDeprecation[0m [1m[35m[plugin angular-sass][0m

    projects/platform/src/app/store/marketer/products/add-products/components/basic-info-form/basic-info-form.component.scss:492:23:
[37m      492 │       scrollbar-color: [32m[37mlighten($primary-color, 10%) $gray-600;
          ╵                        [32m^[0m


  Global built-in functions are deprecated and will be removed in Dart Sass 3.0.0.
  Use color.adjust instead.
  
  More info and automated migrator: [4mhttps://sass-lang.com/d/import[0m


[33m▲ [43;33m[[43;30mWARNING[43;33m][0m [1mDeprecation[0m [1m[35m[plugin angular-sass][0m

    projects/platform/src/app/store/marketer/products/add-products/components/basic-info-form/basic-info-form.component.scss:492:23:
[37m      492 │       scrollbar-color: [32m[37mlighten($primary-color, 10%) $gray-600;
          ╵                        [32m^[0m


  lighten() is deprecated. Suggestions:
  
  color.scale($color, $lightness: 29.3103448276%)
  color.adjust($color, $lightness: 10%)
  
  More info: [4mhttps://sass-lang.com/d/color-functions[0m


[33m▲ [43;33m[[43;30mWARNING[43;33m][0m [1mDeprecation[0m [1m[35m[plugin angular-sass][0m

    projects/platform/src/app/store/marketer/products/add-products/components/pricing-inventory-form/pricing-inventory-form.component.scss:1:8:
[37m      1 │ @import [32m[37m'../../../../../../../styles/mixins';
        ╵         [32m^[0m


  Sass @import rules are deprecated and will be removed in Dart Sass 3.0.0.
  
  More info and automated migrator: [4mhttps://sass-lang.com/d/import[0m


[33m▲ [43;33m[[43;30mWARNING[43;33m][0m [1mDeprecation[0m [1m[35m[plugin angular-sass][0m

    projects/platform/src/app/store/marketer/products/add-products/components/pricing-inventory-form/pricing-inventory-form.component.scss:2:8:
[37m      2 │ @import [32m[37m'../../../../../../../styles/variables';
        ╵         [32m^[0m


  Sass @import rules are deprecated and will be removed in Dart Sass 3.0.0.
  
  More info and automated migrator: [4mhttps://sass-lang.com/d/import[0m


[33m▲ [43;33m[[43;30mWARNING[43;33m][0m [1mDeprecation[0m [1m[35m[plugin angular-sass][0m

    projects/platform/src/app/store/marketer/products/add-products/components/product-review/product-review.component.scss:1:8:
[37m      1 │ @import [32m[37m'../../../../../../../styles/mixins';
        ╵         [32m^[0m


  Sass @import rules are deprecated and will be removed in Dart Sass 3.0.0.
  
  More info and automated migrator: [4mhttps://sass-lang.com/d/import[0m


[33m▲ [43;33m[[43;30mWARNING[43;33m][0m [1mDeprecation[0m [1m[35m[plugin angular-sass][0m

    projects/platform/src/app/store/marketer/products/add-products/components/product-review/product-review.component.scss:2:8:
[37m      2 │ @import [32m[37m'../../../../../../../styles/variables';
        ╵         [32m^[0m


  Sass @import rules are deprecated and will be removed in Dart Sass 3.0.0.
  
  More info and automated migrator: [4mhttps://sass-lang.com/d/import[0m


[33m▲ [43;33m[[43;30mWARNING[43;33m][0m [1mNG8011: Node matches the ".material-icons:not([iconPositionEnd]), mat-icon:not([iconPositionEnd]), [matButtonIcon]:not([iconPositionEnd])" slot of the "MatButton" component, but will not be projected into the specific slot because the surrounding @else has more than one node at its root. To project the node in the right slot, you can:

1. Wrap the content of the @else block in an <ng-container/> that matches the ".material-icons:not([iconPositionEnd]), mat-icon:not([iconPositionEnd]), [matButtonIcon]:not([iconPositionEnd])" selector.
2. Split the content of the @else block across multiple @else blocks such that each one only has a single projectable node at its root.
3. Remove all content from the @else block, except for the node being projected.

This check can be disabled using the `extendedDiagnostics.checks.controlFlowPreventingContentProjection = "suppress" compiler option.`[0m [1m[35m[plugin angular-compiler][0m

    projects/platform/src/app/store/marketer/products/add-products/components/product-stepper/product-stepper.component.html:71:8:
[37m      71 │         [32m<mat-icon class="button-icon">[37msave</mat-icon>
         ╵         [32m~~~~~~~~~~~~~~~~~~~~~~~~~~~~~~[0m

  Warning occurs in the template of component ProductStepperComponent.

    projects/platform/src/app/store/marketer/products/add-products/components/product-stepper/product-stepper.component.ts:21:15:
[37m      21 │   templateUrl: [32m'./product-stepper.component.html'[37m,
         ╵                [32m~~~~~~~~~~~~~~~~~~~~~~~~~~~~~~~~~~[0m


[33m▲ [43;33m[[43;30mWARNING[43;33m][0m [1mDeprecation[0m [1m[35m[plugin angular-sass][0m

    projects/platform/src/app/store/marketer/products/add-products/components/product-stepper/product-stepper.component.scss:1:8:
[37m      1 │ @import [32m[37m'../../../../../../../styles/mixins';
        ╵         [32m^[0m


  Sass @import rules are deprecated and will be removed in Dart Sass 3.0.0.
  
  More info and automated migrator: [4mhttps://sass-lang.com/d/import[0m


[33m▲ [43;33m[[43;30mWARNING[43;33m][0m [1mDeprecation[0m [1m[35m[plugin angular-sass][0m

    projects/platform/src/app/store/marketer/products/add-products/components/product-stepper/product-stepper.component.scss:2:8:
[37m      2 │ @import [32m[37m'../../../../../../../styles/variables';
        ╵         [32m^[0m


  Sass @import rules are deprecated and will be removed in Dart Sass 3.0.0.
  
  More info and automated migrator: [4mhttps://sass-lang.com/d/import[0m


[33m▲ [43;33m[[43;30mWARNING[43;33m][0m [1mDeprecation[0m [1m[35m[plugin angular-sass][0m

    projects/platform/src/app/store/marketer/products/add-products/components/product-variants/product-variants.component.scss:1:8:
[37m      1 │ @import [32m[37m'../../../../../../../styles/mixins';
        ╵         [32m^[0m


  Sass @import rules are deprecated and will be removed in Dart Sass 3.0.0.
  
  More info and automated migrator: [4mhttps://sass-lang.com/d/import[0m


[33m▲ [43;33m[[43;30mWARNING[43;33m][0m [1mDeprecation[0m [1m[35m[plugin angular-sass][0m

    projects/platform/src/app/store/marketer/products/add-products/components/product-variants/product-variants.component.scss:2:8:
[37m      2 │ @import [32m[37m'../../../../../../../styles/variables';
        ╵         [32m^[0m


  Sass @import rules are deprecated and will be removed in Dart Sass 3.0.0.
  
  More info and automated migrator: [4mhttps://sass-lang.com/d/import[0m


[33m▲ [43;33m[[43;30mWARNING[43;33m][0m [1mDeprecation[0m [1m[35m[plugin angular-sass][0m

    projects/platform/src/app/store/marketer/products/add-products/components/seo-advanced-form/seo-advanced-form.component.scss:1:8:
[37m      1 │ @import [32m[37m'../../../../../../../styles/mixins';
        ╵         [32m^[0m


  Sass @import rules are deprecated and will be removed in Dart Sass 3.0.0.
  
  More info and automated migrator: [4mhttps://sass-lang.com/d/import[0m


[33m▲ [43;33m[[43;30mWARNING[43;33m][0m [1mDeprecation[0m [1m[35m[plugin angular-sass][0m

    projects/platform/src/app/store/marketer/products/add-products/components/seo-advanced-form/seo-advanced-form.component.scss:2:8:
[37m      2 │ @import [32m[37m'../../../../../../../styles/variables';
        ╵         [32m^[0m


  Sass @import rules are deprecated and will be removed in Dart Sass 3.0.0.
  
  More info and automated migrator: [4mhttps://sass-lang.com/d/import[0m


[33m▲ [43;33m[[43;30mWARNING[43;33m][0m [1mDeprecation[0m [1m[35m[plugin angular-sass][0m

    projects/platform/src/app/store/marketer/products/add-products/components/shipping-form/shipping-form.component.scss:1:8:
[37m      1 │ @import [32m[37m'../../../../../../../styles/mixins';
        ╵         [32m^[0m


  Sass @import rules are deprecated and will be removed in Dart Sass 3.0.0.
  
  More info and automated migrator: [4mhttps://sass-lang.com/d/import[0m


[33m▲ [43;33m[[43;30mWARNING[43;33m][0m [1mDeprecation[0m [1m[35m[plugin angular-sass][0m

    projects/platform/src/app/store/marketer/products/add-products/components/shipping-form/shipping-form.component.scss:2:8:
[37m      2 │ @import [32m[37m'../../../../../../../styles/variables';
        ╵         [32m^[0m


  Sass @import rules are deprecated and will be removed in Dart Sass 3.0.0.
  
  More info and automated migrator: [4mhttps://sass-lang.com/d/import[0m


[33m▲ [43;33m[[43;30mWARNING[43;33m][0m [1mDeprecation[0m [1m[35m[plugin angular-sass][0m

    projects/platform/src/app/store/marketer/products/edit-product/edit-product.component.scss:2:8:
[37m      2 │ @import [32m[37m'../../../../../styles/mixins';
        ╵         [32m^[0m


  Sass @import rules are deprecated and will be removed in Dart Sass 3.0.0.
  
  More info and automated migrator: [4mhttps://sass-lang.com/d/import[0m


[33m▲ [43;33m[[43;30mWARNING[43;33m][0m [1mDeprecation[0m [1m[35m[plugin angular-sass][0m

    projects/platform/src/app/store/marketer/products/edit-product/edit-product.component.scss:3:8:
[37m      3 │ @import [32m[37m'../../../../../styles/variables';
        ╵         [32m^[0m


  Sass @import rules are deprecated and will be removed in Dart Sass 3.0.0.
  
  More info and automated migrator: [4mhttps://sass-lang.com/d/import[0m


[33m▲ [43;33m[[43;30mWARNING[43;33m][0m [1mNG8107: The left side of this optional chain operation does not include 'null' or 'undefined' in its type, therefore the '?.' operator can be replaced with the '.' operator.[0m [1m[35m[plugin angular-compiler][0m

    projects/platform/src/app/store/marketer/products/product-detail/marketer-product-detail.component.html:211:63:
[37m      211 │ ...          } @else if (product.images && product.images[0]?.[32murl[37m) {
          ╵                                                               [32m~~~[0m

  Warning occurs in the template of component MarketerProductDetailComponent.

    projects/platform/src/app/store/marketer/products/product-detail/marketer-product-detail.component.ts:61:15:
[37m      61 │   templateUrl: [32m'./marketer-product-detail.component.html'[37m,
         ╵                [32m~~~~~~~~~~~~~~~~~~~~~~~~~~~~~~~~~~~~~~~~~~[0m


[33m▲ [43;33m[[43;30mWARNING[43;33m][0m [1mDeprecation[0m [1m[35m[plugin angular-sass][0m

    projects/platform/src/app/store/marketer/products/product-detail/marketer-product-detail.component.scss:2:8:
[37m      2 │ @import [32m[37m'../../../../../styles/mixins';
        ╵         [32m^[0m


  Sass @import rules are deprecated and will be removed in Dart Sass 3.0.0.
  
  More info and automated migrator: [4mhttps://sass-lang.com/d/import[0m


[33m▲ [43;33m[[43;30mWARNING[43;33m][0m [1mDeprecation[0m [1m[35m[plugin angular-sass][0m

    projects/platform/src/app/store/marketer/products/product-detail/marketer-product-detail.component.scss:3:8:
[37m      3 │ @import [32m[37m'../../../../../styles/variables';
        ╵         [32m^[0m


  Sass @import rules are deprecated and will be removed in Dart Sass 3.0.0.
  
  More info and automated migrator: [4mhttps://sass-lang.com/d/import[0m


[33m▲ [43;33m[[43;30mWARNING[43;33m][0m [1mDeprecation[0m [1m[35m[plugin angular-sass][0m

    projects/platform/src/app/store/marketer/products/product-detail/marketer-product-detail.component.scss:10:59:
[37m      10 │ ...ient(135deg, $primary-color 0%, [32m[37mdarken($primary-color, 10%) 100...
         ╵                                    [32m^[0m


  Global built-in functions are deprecated and will be removed in Dart Sass 3.0.0.
  Use color.adjust instead.
  
  More info and automated migrator: [4mhttps://sass-lang.com/d/import[0m


[33m▲ [43;33m[[43;30mWARNING[43;33m][0m [1mDeprecation[0m [1m[35m[plugin angular-sass][0m

    projects/platform/src/app/store/marketer/products/product-detail/marketer-product-detail.component.scss:10:59:
[37m      10 │ ...ient(135deg, $primary-color 0%, [32m[37mdarken($primary-color, 10%) 100...
         ╵                                    [32m^[0m


  darken() is deprecated. Suggestions:
  
  color.scale($color, $lightness: -15.1785714286%)
  color.adjust($color, $lightness: -10%)
  
  More info: [4mhttps://sass-lang.com/d/color-functions[0m


[33m▲ [43;33m[[43;30mWARNING[43;33m][0m [1mDeprecation[0m [1m[35m[plugin angular-sass][0m

    projects/platform/src/app/store/marketer/products/product-detail/marketer-product-detail.component.scss:1292:63:
[37m      1292 │ ...-gradient(90deg, $primary-color, [32m[37mlighten($primary-color, 15%));
           ╵                                     [32m^[0m


  Global built-in functions are deprecated and will be removed in Dart Sass 3.0.0.
  Use color.adjust instead.
  
  More info and automated migrator: [4mhttps://sass-lang.com/d/import[0m


[33m▲ [43;33m[[43;30mWARNING[43;33m][0m [1mDeprecation[0m [1m[35m[plugin angular-sass][0m

    projects/platform/src/app/store/marketer/products/product-detail/marketer-product-detail.component.scss:1292:63:
[37m      1292 │ ...-gradient(90deg, $primary-color, [32m[37mlighten($primary-color, 15%));
           ╵                                     [32m^[0m


  lighten() is deprecated. Suggestions:
  
  color.scale($color, $lightness: 43.9655172414%)
  color.adjust($color, $lightness: 15%)
  
  More info: [4mhttps://sass-lang.com/d/color-functions[0m


[33m▲ [43;33m[[43;30mWARNING[43;33m][0m [1mDeprecation[0m [1m[35m[plugin angular-sass][0m

    projects/platform/src/app/store/marketer/products/product-detail/marketer-product-detail.component.scss:1455:69:
[37m      1455 │ ...-gradient(90deg, $primary-color, [32m[37mlighten($primary-color, 10%));
           ╵                                     [32m^[0m


  Global built-in functions are deprecated and will be removed in Dart Sass 3.0.0.
  Use color.adjust instead.
  
  More info and automated migrator: [4mhttps://sass-lang.com/d/import[0m


[33m▲ [43;33m[[43;30mWARNING[43;33m][0m [1mDeprecation[0m [1m[35m[plugin angular-sass][0m

    projects/platform/src/app/store/marketer/products/product-detail/marketer-product-detail.component.scss:1455:69:
[37m      1455 │ ...-gradient(90deg, $primary-color, [32m[37mlighten($primary-color, 10%));
           ╵                                     [32m^[0m


  lighten() is deprecated. Suggestions:
  
  color.scale($color, $lightness: 29.3103448276%)
  color.adjust($color, $lightness: 10%)
  
  More info: [4mhttps://sass-lang.com/d/color-functions[0m


[33m▲ [43;33m[[43;30mWARNING[43;33m][0m [1mDeprecation[0m [1m[35m[plugin angular-sass][0m

    projects/platform/src/app/store/marketer/products/product-detail/marketer-product-detail.component.scss:1458:69:
[37m      1458 │ ...-gradient(90deg, $success-color, [32m[37mlighten($success-color, 10%));
           ╵                                     [32m^[0m


  Global built-in functions are deprecated and will be removed in Dart Sass 3.0.0.
  Use color.adjust instead.
  
  More info and automated migrator: [4mhttps://sass-lang.com/d/import[0m


[33m▲ [43;33m[[43;30mWARNING[43;33m][0m [1mDeprecation[0m [1m[35m[plugin angular-sass][0m

    projects/platform/src/app/store/marketer/products/product-detail/marketer-product-detail.component.scss:1458:69:
[37m      1458 │ ...-gradient(90deg, $success-color, [32m[37mlighten($success-color, 10%));
           ╵                                     [32m^[0m


  lighten() is deprecated. Suggestions:
  
  color.scale($color, $lightness: 16.5048543689%)
  color.adjust($color, $lightness: 10%)
  
  More info: [4mhttps://sass-lang.com/d/color-functions[0m


[33m▲ [43;33m[[43;30mWARNING[43;33m][0m [1mDeprecation[0m [1m[35m[plugin angular-sass][0m

    projects/platform/src/app/store/marketer/products/product-detail/marketer-product-detail.component.scss:1461:69:
[37m      1461 │ ...-gradient(90deg, $warning-color, [32m[37mlighten($warning-color, 10%));
           ╵                                     [32m^[0m


  Global built-in functions are deprecated and will be removed in Dart Sass 3.0.0.
  Use color.adjust instead.
  
  More info and automated migrator: [4mhttps://sass-lang.com/d/import[0m


[33m▲ [43;33m[[43;30mWARNING[43;33m][0m [1mDeprecation[0m [1m[35m[plugin angular-sass][0m

    projects/platform/src/app/store/marketer/products/product-detail/marketer-product-detail.component.scss:1461:69:
[37m      1461 │ ...-gradient(90deg, $warning-color, [32m[37mlighten($warning-color, 10%));
           ╵                                     [32m^[0m


  lighten() is deprecated. Suggestions:
  
  color.scale($color, $lightness: 20.0787401575%)
  color.adjust($color, $lightness: 10%)
  
  More info: [4mhttps://sass-lang.com/d/color-functions[0m


[33m▲ [43;33m[[43;30mWARNING[43;33m][0m [1mDeprecation[0m [1m[35m[plugin angular-sass][0m

    projects/platform/src/app/store/marketer/products/product-list/marketer-product-list-index.component.scss:1:8:
[37m      1 │ @import [32m[37m'../../../../../styles/mixins';
        ╵         [32m^[0m


  Sass @import rules are deprecated and will be removed in Dart Sass 3.0.0.
  
  More info and automated migrator: [4mhttps://sass-lang.com/d/import[0m


[33m▲ [43;33m[[43;30mWARNING[43;33m][0m [1mDeprecation[0m [1m[35m[plugin angular-sass][0m

    projects/platform/src/app/store/marketer/products/product-list/marketer-product-list-index.component.scss:2:8:
[37m      2 │ @import [32m[37m'../../../../../styles/variables';
        ╵         [32m^[0m


  Sass @import rules are deprecated and will be removed in Dart Sass 3.0.0.
  
  More info and automated migrator: [4mhttps://sass-lang.com/d/import[0m


[33m▲ [43;33m[[43;30mWARNING[43;33m][0m [1mDeprecation[0m [1m[35m[plugin angular-sass][0m

    projects/platform/src/app/store/marketer/products/product-list/marketer-product-list-management/marketer-product-list-management.component.scss:1:8:
[37m      1 │ @import [32m[37m'../../../../../../styles/mixins';
        ╵         [32m^[0m


  Sass @import rules are deprecated and will be removed in Dart Sass 3.0.0.
  
  More info and automated migrator: [4mhttps://sass-lang.com/d/import[0m


[33m▲ [43;33m[[43;30mWARNING[43;33m][0m [1mDeprecation[0m [1m[35m[plugin angular-sass][0m

    projects/platform/src/app/store/marketer/products/product-list/marketer-product-list-management/marketer-product-list-management.component.scss:2:8:
[37m      2 │ @import [32m[37m'../../../../../../styles/variables';
        ╵         [32m^[0m


  Sass @import rules are deprecated and will be removed in Dart Sass 3.0.0.
  
  More info and automated migrator: [4mhttps://sass-lang.com/d/import[0m


[33m▲ [43;33m[[43;30mWARNING[43;33m][0m [1mDeprecation[0m [1m[35m[plugin angular-sass][0m

    projects/platform/src/app/store/marketer/store-create/store-create.component.scss:2:8:
[37m      2 │ @import [32m[37m'../../../../styles/variables';
        ╵         [32m^[0m


  Sass @import rules are deprecated and will be removed in Dart Sass 3.0.0.
  
  More info and automated migrator: [4mhttps://sass-lang.com/d/import[0m


[33m▲ [43;33m[[43;30mWARNING[43;33m][0m [1mDeprecation[0m [1m[35m[plugin angular-sass][0m

    projects/platform/src/app/store/marketer/store-create/store-create.component.scss:3:8:
[37m      3 │ @import [32m[37m'../../../../styles/mixins';
        ╵         [32m^[0m


  Sass @import rules are deprecated and will be removed in Dart Sass 3.0.0.
  
  More info and automated migrator: [4mhttps://sass-lang.com/d/import[0m


[33m▲ [43;33m[[43;30mWARNING[43;33m][0m [1mDeprecation[0m [1m[35m[plugin angular-sass][0m

    projects/platform/src/app/store/marketer/store-manager/store-manager.component.scss:1:8:
[37m      1 │ @import [32m[37m'../../../../styles/mixins';
        ╵         [32m^[0m


  Sass @import rules are deprecated and will be removed in Dart Sass 3.0.0.
  
  More info and automated migrator: [4mhttps://sass-lang.com/d/import[0m


[33m▲ [43;33m[[43;30mWARNING[43;33m][0m [1mDeprecation[0m [1m[35m[plugin angular-sass][0m

    projects/platform/src/app/store/marketer/store-manager/store-manager.component.scss:2:8:
[37m      2 │ @import [32m[37m'../../../../styles/variables';
        ╵         [32m^[0m


  Sass @import rules are deprecated and will be removed in Dart Sass 3.0.0.
  
  More info and automated migrator: [4mhttps://sass-lang.com/d/import[0m


[33m▲ [43;33m[[43;30mWARNING[43;33m][0m [1mDeprecation[0m [1m[35m[plugin angular-sass][0m

    projects/platform/src/app/store/promoter/product-detail/components/commission-card/commission-card.component.scss:1:12:
[37m      1 │     @import [32m[37m'../../../../../../styles/mixins';
        ╵             [32m^[0m


  Sass @import rules are deprecated and will be removed in Dart Sass 3.0.0.
  
  More info and automated migrator: [4mhttps://sass-lang.com/d/import[0m


[33m▲ [43;33m[[43;30mWARNING[43;33m][0m [1mDeprecation[0m [1m[35m[plugin angular-sass][0m

    projects/platform/src/app/store/promoter/product-detail/components/commission-card/commission-card.component.scss:2:12:
[37m      2 │     @import [32m[37m'../../../../../../styles/variables';
        ╵             [32m^[0m


  Sass @import rules are deprecated and will be removed in Dart Sass 3.0.0.
  
  More info and automated migrator: [4mhttps://sass-lang.com/d/import[0m


[33m▲ [43;33m[[43;30mWARNING[43;33m][0m [1mDeprecation[0m [1m[35m[plugin angular-sass][0m

    projects/platform/src/app/store/promoter/product-detail/components/product-actions/product-actions.component.scss:1:12:
[37m      1 │     @import [32m[37m'../../../../../../styles/mixins';
        ╵             [32m^[0m


  Sass @import rules are deprecated and will be removed in Dart Sass 3.0.0.
  
  More info and automated migrator: [4mhttps://sass-lang.com/d/import[0m


[33m▲ [43;33m[[43;30mWARNING[43;33m][0m [1mDeprecation[0m [1m[35m[plugin angular-sass][0m

    projects/platform/src/app/store/promoter/product-detail/components/product-actions/product-actions.component.scss:2:12:
[37m      2 │     @import [32m[37m'../../../../../../styles/variables';
        ╵             [32m^[0m


  Sass @import rules are deprecated and will be removed in Dart Sass 3.0.0.
  
  More info and automated migrator: [4mhttps://sass-lang.com/d/import[0m


[33m▲ [43;33m[[43;30mWARNING[43;33m][0m [1mDeprecation[0m [1m[35m[plugin angular-sass][0m

    projects/platform/src/app/store/promoter/product-detail/components/product-header/product-header.component.scss:1:12:
[37m      1 │     @import [32m[37m'../../../../../../styles/mixins';
        ╵             [32m^[0m


  Sass @import rules are deprecated and will be removed in Dart Sass 3.0.0.
  
  More info and automated migrator: [4mhttps://sass-lang.com/d/import[0m


[33m▲ [43;33m[[43;30mWARNING[43;33m][0m [1mDeprecation[0m [1m[35m[plugin angular-sass][0m

    projects/platform/src/app/store/promoter/product-detail/components/product-header/product-header.component.scss:2:12:
[37m      2 │     @import [32m[37m'../../../../../../styles/variables';
        ╵             [32m^[0m


  Sass @import rules are deprecated and will be removed in Dart Sass 3.0.0.
  
  More info and automated migrator: [4mhttps://sass-lang.com/d/import[0m


[33m▲ [43;33m[[43;30mWARNING[43;33m][0m [1mDeprecation[0m [1m[35m[plugin angular-sass][0m

    projects/platform/src/app/store/promoter/product-detail/components/product-image-gallery/product-image-gallery.component.scss:1:9:
[37m      1 │  @import [32m[37m'../../../../../../styles/mixins';
        ╵          [32m^[0m


  Sass @import rules are deprecated and will be removed in Dart Sass 3.0.0.
  
  More info and automated migrator: [4mhttps://sass-lang.com/d/import[0m


[33m▲ [43;33m[[43;30mWARNING[43;33m][0m [1mDeprecation[0m [1m[35m[plugin angular-sass][0m

    projects/platform/src/app/store/promoter/product-detail/components/product-image-gallery/product-image-gallery.component.scss:2:12:
[37m      2 │     @import [32m[37m'../../../../../../styles/variables';
        ╵             [32m^[0m


  Sass @import rules are deprecated and will be removed in Dart Sass 3.0.0.
  
  More info and automated migrator: [4mhttps://sass-lang.com/d/import[0m


[33m▲ [43;33m[[43;30mWARNING[43;33m][0m [1mDeprecation[0m [1m[35m[plugin angular-sass][0m

    projects/platform/src/app/store/promoter/product-detail/components/product-loader/product-loader.component.scss:1:8:
[37m      1 │ @import [32m[37m'../../../../../../styles/mixins';
        ╵         [32m^[0m


  Sass @import rules are deprecated and will be removed in Dart Sass 3.0.0.
  
  More info and automated migrator: [4mhttps://sass-lang.com/d/import[0m


[33m▲ [43;33m[[43;30mWARNING[43;33m][0m [1mDeprecation[0m [1m[35m[plugin angular-sass][0m

    projects/platform/src/app/store/promoter/product-detail/components/product-loader/product-loader.component.scss:2:8:
[37m      2 │ @import [32m[37m'../../../../../../styles/variables';
        ╵         [32m^[0m


  Sass @import rules are deprecated and will be removed in Dart Sass 3.0.0.
  
  More info and automated migrator: [4mhttps://sass-lang.com/d/import[0m


[33m▲ [43;33m[[43;30mWARNING[43;33m][0m [1mDeprecation[0m [1m[35m[plugin angular-sass][0m

    projects/platform/src/app/store/promoter/product-detail/components/product-tabs/product-tabs.component.scss:1:8:
[37m      1 │ @import [32m[37m'../../../../../../styles/mixins';
        ╵         [32m^[0m


  Sass @import rules are deprecated and will be removed in Dart Sass 3.0.0.
  
  More info and automated migrator: [4mhttps://sass-lang.com/d/import[0m


[33m▲ [43;33m[[43;30mWARNING[43;33m][0m [1mDeprecation[0m [1m[35m[plugin angular-sass][0m

    projects/platform/src/app/store/promoter/product-detail/components/product-tabs/product-tabs.component.scss:2:8:
[37m      2 │ @import [32m[37m'../../../../../../styles/variables';
        ╵         [32m^[0m


  Sass @import rules are deprecated and will be removed in Dart Sass 3.0.0.
  
  More info and automated migrator: [4mhttps://sass-lang.com/d/import[0m


[33m▲ [43;33m[[43;30mWARNING[43;33m][0m [1mNG8107: The left side of this optional chain operation does not include 'null' or 'undefined' in its type, therefore the '?.' operator can be replaced with the '.' operator.[0m [1m[35m[plugin angular-compiler][0m

    projects/platform/src/app/store/promoter/product-detail/components/related-products/related-products.component.html:29:54:
[37m      29 │             @if (product.images && product.images[0]?.[32murl[37m) {
         ╵                                                       [32m~~~[0m

  Warning occurs in the template of component RelatedProductsComponent.

    projects/platform/src/app/store/promoter/product-detail/components/related-products/related-products.component.ts:31:15:
[37m      31 │   templateUrl: [32m'./related-products.component.html'[37m,
         ╵                [32m~~~~~~~~~~~~~~~~~~~~~~~~~~~~~~~~~~~[0m


[33m▲ [43;33m[[43;30mWARNING[43;33m][0m [1mDeprecation[0m [1m[35m[plugin angular-sass][0m

    projects/platform/src/app/store/promoter/product-detail/components/related-products/related-products.component.scss:1:8:
[37m      1 │ @import [32m[37m'../../../../../../styles/mixins';
        ╵         [32m^[0m


  Sass @import rules are deprecated and will be removed in Dart Sass 3.0.0.
  
  More info and automated migrator: [4mhttps://sass-lang.com/d/import[0m


[33m▲ [43;33m[[43;30mWARNING[43;33m][0m [1mDeprecation[0m [1m[35m[plugin angular-sass][0m

    projects/platform/src/app/store/promoter/product-detail/components/related-products/related-products.component.scss:2:8:
[37m      2 │ @import [32m[37m'../../../../../../styles/variables';
        ╵         [32m^[0m


  Sass @import rules are deprecated and will be removed in Dart Sass 3.0.0.
  
  More info and automated migrator: [4mhttps://sass-lang.com/d/import[0m


[33m▲ [43;33m[[43;30mWARNING[43;33m][0m [1mDeprecation[0m [1m[35m[plugin angular-sass][0m

    projects/platform/src/app/store/promoter/product-detail/components/store-info-card/store-info-card.component.scss:1:8:
[37m      1 │ @import [32m[37m'../../../../../../styles/mixins';
        ╵         [32m^[0m


  Sass @import rules are deprecated and will be removed in Dart Sass 3.0.0.
  
  More info and automated migrator: [4mhttps://sass-lang.com/d/import[0m


[33m▲ [43;33m[[43;30mWARNING[43;33m][0m [1mDeprecation[0m [1m[35m[plugin angular-sass][0m

    projects/platform/src/app/store/promoter/product-detail/components/store-info-card/store-info-card.component.scss:2:8:
[37m      2 │ @import [32m[37m'../../../../../../styles/variables';
        ╵         [32m^[0m


  Sass @import rules are deprecated and will be removed in Dart Sass 3.0.0.
  
  More info and automated migrator: [4mhttps://sass-lang.com/d/import[0m


[33m▲ [43;33m[[43;30mWARNING[43;33m][0m [1mDeprecation[0m [1m[35m[plugin angular-sass][0m

    projects/platform/src/app/store/promoter/product-detail/promoter-product-details.component.scss:2:8:
[37m      2 │ @import [32m[37m'../../../../styles/mixins';
        ╵         [32m^[0m


  Sass @import rules are deprecated and will be removed in Dart Sass 3.0.0.
  
  More info and automated migrator: [4mhttps://sass-lang.com/d/import[0m


[33m▲ [43;33m[[43;30mWARNING[43;33m][0m [1mDeprecation[0m [1m[35m[plugin angular-sass][0m

    projects/platform/src/app/store/promoter/product-detail/promoter-product-details.component.scss:3:8:
[37m      3 │ @import [32m[37m'../../../../styles/variables';
        ╵         [32m^[0m


  Sass @import rules are deprecated and will be removed in Dart Sass 3.0.0.
  
  More info and automated migrator: [4mhttps://sass-lang.com/d/import[0m


[33m▲ [43;33m[[43;30mWARNING[43;33m][0m [1mNG8113: CurrencyUtilsPipe is not used within the template of PromoterProductDetailsComponent[0m [1m[35m[plugin angular-compiler][0m

    projects/platform/src/app/store/promoter/product-detail/promoter-product-details.component.ts:64:4:
[37m      64 │     [32mCurrencyUtilsPipe[37m,
         ╵     [32m~~~~~~~~~~~~~~~~~[0m


[33m▲ [43;33m[[43;30mWARNING[43;33m][0m [1mNG8113: ProductLoaderComponent is not used within the template of PromoterProductDetailsComponent[0m [1m[35m[plugin angular-compiler][0m

    projects/platform/src/app/store/promoter/product-detail/promoter-product-details.component.ts:74:4:
[37m      74 │     [32mProductLoaderComponent[37m,
         ╵     [32m~~~~~~~~~~~~~~~~~~~~~~[0m


[33m▲ [43;33m[[43;30mWARNING[43;33m][0m [1mDeprecation[0m [1m[35m[plugin angular-sass][0m

    projects/platform/src/app/store/promoter/products-list/components/loading-state/loading-state.component.scss:1:8:
[37m      1 │ @import [32m[37m'../../../../../../styles/variables';
        ╵         [32m^[0m


  Sass @import rules are deprecated and will be removed in Dart Sass 3.0.0.
  
  More info and automated migrator: [4mhttps://sass-lang.com/d/import[0m


[33m▲ [43;33m[[43;30mWARNING[43;33m][0m [1mDeprecation[0m [1m[35m[plugin angular-sass][0m

    projects/platform/src/app/store/promoter/products-list/components/loading-state/loading-state.component.scss:2:8:
[37m      2 │ @import [32m[37m'../../../../../../styles/mixins';
        ╵         [32m^[0m


  Sass @import rules are deprecated and will be removed in Dart Sass 3.0.0.
  
  More info and automated migrator: [4mhttps://sass-lang.com/d/import[0m


[33m▲ [43;33m[[43;30mWARNING[43;33m][0m [1mDeprecation[0m [1m[35m[plugin angular-sass][0m

    projects/platform/src/app/store/promoter/products-list/components/loading-state/mobile/loading-state-mobile.component.scss:1:8:
[37m      1 │ @import [32m[37m'../../../../../../../styles/variables';
        ╵         [32m^[0m


  Sass @import rules are deprecated and will be removed in Dart Sass 3.0.0.
  
  More info and automated migrator: [4mhttps://sass-lang.com/d/import[0m


[33m▲ [43;33m[[43;30mWARNING[43;33m][0m [1mDeprecation[0m [1m[35m[plugin angular-sass][0m

    projects/platform/src/app/store/promoter/products-list/components/loading-state/mobile/loading-state-mobile.component.scss:2:8:
[37m      2 │ @import [32m[37m'../../../../../../../styles/mixins';
        ╵         [32m^[0m


  Sass @import rules are deprecated and will be removed in Dart Sass 3.0.0.
  
  More info and automated migrator: [4mhttps://sass-lang.com/d/import[0m


[33m▲ [43;33m[[43;30mWARNING[43;33m][0m [1mNG8107: The left side of this optional chain operation does not include 'null' or 'undefined' in its type, therefore the '?.' operator can be replaced with the '.' operator.[0m [1m[35m[plugin angular-compiler][0m

    projects/platform/src/app/store/promoter/products-list/components/products-content-view/products-content-view.component.html:93:54:
[37m      93 │             @if (product.images && product.images[0]?.[32murl[37m) {
         ╵                                                       [32m~~~[0m

  Warning occurs in the template of component ProductsContentViewComponent.

    projects/platform/src/app/store/promoter/products-list/components/products-content-view/products-content-view.component.ts:43:15:
[37m      43 │   templateUrl: [32m'./products-content-view.component.html'[37m,
         ╵                [32m~~~~~~~~~~~~~~~~~~~~~~~~~~~~~~~~~~~~~~~~[0m


[33m▲ [43;33m[[43;30mWARNING[43;33m][0m [1mDeprecation[0m [1m[35m[plugin angular-sass][0m

    projects/platform/src/app/store/promoter/products-list/components/products-content-view/products-content-view.component.scss:2:8:
[37m      2 │ @import [32m[37m'../../../../../../styles/mixins';
        ╵         [32m^[0m


  Sass @import rules are deprecated and will be removed in Dart Sass 3.0.0.
  
  More info and automated migrator: [4mhttps://sass-lang.com/d/import[0m


[33m▲ [43;33m[[43;30mWARNING[43;33m][0m [1mDeprecation[0m [1m[35m[plugin angular-sass][0m

    projects/platform/src/app/store/promoter/products-list/components/products-content-view/products-content-view.component.scss:3:8:
[37m      3 │ @import [32m[37m'../../../../../../styles/variables';
        ╵         [32m^[0m


  Sass @import rules are deprecated and will be removed in Dart Sass 3.0.0.
  
  More info and automated migrator: [4mhttps://sass-lang.com/d/import[0m


[33m▲ [43;33m[[43;30mWARNING[43;33m][0m [1mDeprecation[0m [1m[35m[plugin angular-sass][0m

    projects/platform/src/app/store/promoter/products-list/components/products-filter-sidebar/products-filter-sidebar.component.scss:2:8:
[37m      2 │ @import [32m[37m'../../../../../../styles/mixins';
        ╵         [32m^[0m


  Sass @import rules are deprecated and will be removed in Dart Sass 3.0.0.
  
  More info and automated migrator: [4mhttps://sass-lang.com/d/import[0m


[33m▲ [43;33m[[43;30mWARNING[43;33m][0m [1mDeprecation[0m [1m[35m[plugin angular-sass][0m

    projects/platform/src/app/store/promoter/products-list/components/products-filter-sidebar/products-filter-sidebar.component.scss:3:8:
[37m      3 │ @import [32m[37m'../../../../../../styles/variables';
        ╵         [32m^[0m


  Sass @import rules are deprecated and will be removed in Dart Sass 3.0.0.
  
  More info and automated migrator: [4mhttps://sass-lang.com/d/import[0m


[33m▲ [43;33m[[43;30mWARNING[43;33m][0m [1mDeprecation[0m [1m[35m[plugin angular-sass][0m

    projects/platform/src/app/store/promoter/products-list/components/products-header/products-header.component.scss:2:8:
[37m      2 │ @import [32m[37m'../../../../../../styles/mixins';
        ╵         [32m^[0m


  Sass @import rules are deprecated and will be removed in Dart Sass 3.0.0.
  
  More info and automated migrator: [4mhttps://sass-lang.com/d/import[0m


[33m▲ [43;33m[[43;30mWARNING[43;33m][0m [1mDeprecation[0m [1m[35m[plugin angular-sass][0m

    projects/platform/src/app/store/promoter/products-list/components/products-header/products-header.component.scss:3:8:
[37m      3 │ @import [32m[37m'../../../../../../styles/variables';
        ╵         [32m^[0m


  Sass @import rules are deprecated and will be removed in Dart Sass 3.0.0.
  
  More info and automated migrator: [4mhttps://sass-lang.com/d/import[0m


[33m▲ [43;33m[[43;30mWARNING[43;33m][0m [1mDeprecation[0m [1m[35m[plugin angular-sass][0m

    projects/platform/src/app/store/promoter/products-list/promoter-products-list.component.scss:2:8:
[37m      2 │ @import [32m[37m'../../../../styles/mixins';
        ╵         [32m^[0m


  Sass @import rules are deprecated and will be removed in Dart Sass 3.0.0.
  
  More info and automated migrator: [4mhttps://sass-lang.com/d/import[0m


[33m▲ [43;33m[[43;30mWARNING[43;33m][0m [1mDeprecation[0m [1m[35m[plugin angular-sass][0m

    projects/platform/src/app/store/promoter/products-list/promoter-products-list.component.scss:3:8:
[37m      3 │ @import [32m[37m'../../../../styles/variables';
        ╵         [32m^[0m


  Sass @import rules are deprecated and will be removed in Dart Sass 3.0.0.
  
  More info and automated migrator: [4mhttps://sass-lang.com/d/import[0m


[33m▲ [43;33m[[43;30mWARNING[43;33m][0m [1mDeprecation[0m [1m[35m[plugin angular-sass][0m

    projects/platform/src/app/store/promoter/promoted-products/promoted-products.component.scss:2:8:
[37m      2 │ @import [32m[37m'../../../../styles/variables';
        ╵         [32m^[0m


  Sass @import rules are deprecated and will be removed in Dart Sass 3.0.0.
  
  More info and automated migrator: [4mhttps://sass-lang.com/d/import[0m


[33m▲ [43;33m[[43;30mWARNING[43;33m][0m [1mDeprecation[0m [1m[35m[plugin angular-sass][0m

    projects/platform/src/app/store/promoter/promoted-products/promoted-products.component.scss:3:8:
[37m      3 │ @import [32m[37m'../../../../styles/mixins';
        ╵         [32m^[0m


  Sass @import rules are deprecated and will be removed in Dart Sass 3.0.0.
  
  More info and automated migrator: [4mhttps://sass-lang.com/d/import[0m


[33m▲ [43;33m[[43;30mWARNING[43;33m][0m [1mNG8107: The left side of this optional chain operation does not include 'null' or 'undefined' in its type, therefore the '?.' operator can be safely removed.[0m [1m[35m[plugin angular-compiler][0m

    projects/platform/src/app/store/promoter/store-products-list/store-products-list.component.html:210:21:
[37m      210 │                 @if ([32mproduct.images?.[0][37m?.url) {
          ╵                      [32m~~~~~~~~~~~~~~~~~~~[0m

  Warning occurs in the template of component StoreProductsListComponent.

    projects/platform/src/app/store/promoter/store-products-list/store-products-list.component.ts:83:15:
[37m      83 │   templateUrl: [32m'./store-products-list.component.html'[37m,
         ╵                [32m~~~~~~~~~~~~~~~~~~~~~~~~~~~~~~~~~~~~~~[0m


[33m▲ [43;33m[[43;30mWARNING[43;33m][0m [1mDeprecation[0m [1m[35m[plugin angular-sass][0m

    projects/platform/src/app/store/promoter/store-products-list/store-products-list.component.scss:2:8:
[37m      2 │ @import [32m[37m'../../../../styles/mixins';
        ╵         [32m^[0m


  Sass @import rules are deprecated and will be removed in Dart Sass 3.0.0.
  
  More info and automated migrator: [4mhttps://sass-lang.com/d/import[0m


[33m▲ [43;33m[[43;30mWARNING[43;33m][0m [1mDeprecation[0m [1m[35m[plugin angular-sass][0m

    projects/platform/src/app/store/promoter/store-products-list/store-products-list.component.scss:3:8:
[37m      3 │ @import [32m[37m'../../../../styles/variables';
        ╵         [32m^[0m


  Sass @import rules are deprecated and will be removed in Dart Sass 3.0.0.
  
  More info and automated migrator: [4mhttps://sass-lang.com/d/import[0m


[33m▲ [43;33m[[43;30mWARNING[43;33m][0m [1mDeprecation[0m [1m[35m[plugin angular-sass][0m

    projects/platform/src/app/store/promoter/stores-list/components/stores-content-view/stores-content-view.component.scss:2:8:
[37m      2 │ @import [32m[37m'../../../../../../styles/mixins';
        ╵         [32m^[0m


  Sass @import rules are deprecated and will be removed in Dart Sass 3.0.0.
  
  More info and automated migrator: [4mhttps://sass-lang.com/d/import[0m


[33m▲ [43;33m[[43;30mWARNING[43;33m][0m [1mDeprecation[0m [1m[35m[plugin angular-sass][0m

    projects/platform/src/app/store/promoter/stores-list/components/stores-content-view/stores-content-view.component.scss:3:8:
[37m      3 │ @import [32m[37m'../../../../../../styles/variables';
        ╵         [32m^[0m


  Sass @import rules are deprecated and will be removed in Dart Sass 3.0.0.
  
  More info and automated migrator: [4mhttps://sass-lang.com/d/import[0m


[33m▲ [43;33m[[43;30mWARNING[43;33m][0m [1mDeprecation[0m [1m[35m[plugin angular-sass][0m

    projects/platform/src/app/store/promoter/stores-list/components/stores-content-view/stores-content-view.component.scss:325:22:
[37m      325 │           background: [32m[37mdarken($primary-color, 8%);
          ╵                       [32m^[0m


  Global built-in functions are deprecated and will be removed in Dart Sass 3.0.0.
  Use color.adjust instead.
  
  More info and automated migrator: [4mhttps://sass-lang.com/d/import[0m


[33m▲ [43;33m[[43;30mWARNING[43;33m][0m [1mDeprecation[0m [1m[35m[plugin angular-sass][0m

    projects/platform/src/app/store/promoter/stores-list/components/stores-content-view/stores-content-view.component.scss:325:22:
[37m      325 │           background: [32m[37mdarken($primary-color, 8%);
          ╵                       [32m^[0m


  darken() is deprecated. Suggestions:
  
  color.scale($color, $lightness: -12.1428571429%)
  color.adjust($color, $lightness: -8%)
  
  More info: [4mhttps://sass-lang.com/d/color-functions[0m


[33m▲ [43;33m[[43;30mWARNING[43;33m][0m [1mDeprecation[0m [1m[35m[plugin angular-sass][0m

    projects/platform/src/app/store/promoter/stores-list/components/stores-content-view/stores-content-view.component.scss:339:24:
[37m      339 │             background: [32m[37mdarken($primary-color, 8%);
          ╵                         [32m^[0m


  Global built-in functions are deprecated and will be removed in Dart Sass 3.0.0.
  Use color.adjust instead.
  
  More info and automated migrator: [4mhttps://sass-lang.com/d/import[0m


[33m▲ [43;33m[[43;30mWARNING[43;33m][0m [1mDeprecation[0m [1m[35m[plugin angular-sass][0m

    projects/platform/src/app/store/promoter/stores-list/components/stores-content-view/stores-content-view.component.scss:339:24:
[37m      339 │             background: [32m[37mdarken($primary-color, 8%);
          ╵                         [32m^[0m


  darken() is deprecated. Suggestions:
  
  color.scale($color, $lightness: -12.1428571429%)
  color.adjust($color, $lightness: -8%)
  
  More info: [4mhttps://sass-lang.com/d/color-functions[0m


[33m▲ [43;33m[[43;30mWARNING[43;33m][0m [1mDeprecation[0m [1m[35m[plugin angular-sass][0m

    projects/platform/src/app/store/promoter/stores-list/components/stores-content-view/stores-content-view.component.scss:347:24:
[37m      347 │             background: [32m[37mdarken($secondary-color-hex, 8%);
          ╵                         [32m^[0m


  Global built-in functions are deprecated and will be removed in Dart Sass 3.0.0.
  Use color.adjust instead.
  
  More info and automated migrator: [4mhttps://sass-lang.com/d/import[0m


[33m▲ [43;33m[[43;30mWARNING[43;33m][0m [1mDeprecation[0m [1m[35m[plugin angular-sass][0m

    projects/platform/src/app/store/promoter/stores-list/components/stores-content-view/stores-content-view.component.scss:347:24:
[37m      347 │             background: [32m[37mdarken($secondary-color-hex, 8%);
          ╵                         [32m^[0m


  darken() is deprecated. Suggestions:
  
  color.scale($color, $lightness: -17.2151898734%)
  color.adjust($color, $lightness: -8%)
  
  More info: [4mhttps://sass-lang.com/d/color-functions[0m


[33m▲ [43;33m[[43;30mWARNING[43;33m][0m [1mDeprecation[0m [1m[35m[plugin angular-sass][0m

    projects/platform/src/app/store/promoter/stores-list/components/stores-filter-sidebar/stores-filter-sidebar.component.scss:2:8:
[37m      2 │ @import [32m[37m'../../../../../../styles/mixins';
        ╵         [32m^[0m


  Sass @import rules are deprecated and will be removed in Dart Sass 3.0.0.
  
  More info and automated migrator: [4mhttps://sass-lang.com/d/import[0m


[33m▲ [43;33m[[43;30mWARNING[43;33m][0m [1mDeprecation[0m [1m[35m[plugin angular-sass][0m

    projects/platform/src/app/store/promoter/stores-list/components/stores-filter-sidebar/stores-filter-sidebar.component.scss:3:8:
[37m      3 │ @import [32m[37m'../../../../../../styles/variables';
        ╵         [32m^[0m


  Sass @import rules are deprecated and will be removed in Dart Sass 3.0.0.
  
  More info and automated migrator: [4mhttps://sass-lang.com/d/import[0m


[33m▲ [43;33m[[43;30mWARNING[43;33m][0m [1mDeprecation[0m [1m[35m[plugin angular-sass][0m

    projects/platform/src/app/store/promoter/stores-list/components/stores-header/stores-header.component.scss:2:8:
[37m      2 │ @import [32m[37m'../../../../../../styles/mixins';
        ╵         [32m^[0m


  Sass @import rules are deprecated and will be removed in Dart Sass 3.0.0.
  
  More info and automated migrator: [4mhttps://sass-lang.com/d/import[0m


[33m▲ [43;33m[[43;30mWARNING[43;33m][0m [1mDeprecation[0m [1m[35m[plugin angular-sass][0m

    projects/platform/src/app/store/promoter/stores-list/components/stores-header/stores-header.component.scss:3:8:
[37m      3 │ @import [32m[37m'../../../../../../styles/variables';
        ╵         [32m^[0m


  Sass @import rules are deprecated and will be removed in Dart Sass 3.0.0.
  
  More info and automated migrator: [4mhttps://sass-lang.com/d/import[0m


[33m▲ [43;33m[[43;30mWARNING[43;33m][0m [1mDeprecation[0m [1m[35m[plugin angular-sass][0m

    projects/platform/src/app/store/promoter/stores-list/promoter-stores-list.component.scss:2:8:
[37m      2 │ @import [32m[37m'../../../../styles/mixins';
        ╵         [32m^[0m


  Sass @import rules are deprecated and will be removed in Dart Sass 3.0.0.
  
  More info and automated migrator: [4mhttps://sass-lang.com/d/import[0m


[33m▲ [43;33m[[43;30mWARNING[43;33m][0m [1mDeprecation[0m [1m[35m[plugin angular-sass][0m

    projects/platform/src/app/store/promoter/stores-list/promoter-stores-list.component.scss:3:8:
[37m      3 │ @import [32m[37m'../../../../styles/variables';
        ╵         [32m^[0m


  Sass @import rules are deprecated and will be removed in Dart Sass 3.0.0.
  
  More info and automated migrator: [4mhttps://sass-lang.com/d/import[0m


[33m▲ [43;33m[[43;30mWARNING[43;33m][0m [1mNG8107: The left side of this optional chain operation does not include 'null' or 'undefined' in its type, therefore the '?.' operator can be replaced with the '.' operator.[0m [1m[35m[plugin angular-compiler][0m

    projects/platform/src/app/storefront/cart/storefront-cart.component.html:47:73:
[37m      47 │ ...s.active]="selectedGroup()?.[32mstoreId[37m === group.storeId" appearan...
         ╵                                [32m~~~~~~~[0m

  Warning occurs in the template of component StorefrontCartComponent.

    projects/platform/src/app/storefront/cart/storefront-cart.component.ts:40:15:
[37m      40 │   templateUrl: [32m'./storefront-cart.component.html'[37m,
         ╵                [32m~~~~~~~~~~~~~~~~~~~~~~~~~~~~~~~~~~[0m


[33m▲ [43;33m[[43;30mWARNING[43;33m][0m [1mDeprecation[0m [1m[35m[plugin angular-sass][0m

    projects/platform/src/app/storefront/components/empty-state/empty-state.component.scss:2:8:
[37m      2 │ @import [32m[37m'../../../../styles/mixins';
        ╵         [32m^[0m


  Sass @import rules are deprecated and will be removed in Dart Sass 3.0.0.
  
  More info and automated migrator: [4mhttps://sass-lang.com/d/import[0m


[33m▲ [43;33m[[43;30mWARNING[43;33m][0m [1mDeprecation[0m [1m[35m[plugin angular-sass][0m

    projects/platform/src/app/storefront/components/empty-state/empty-state.component.scss:3:8:
[37m      3 │ @import [32m[37m'../../../../styles/variables';
        ╵         [32m^[0m


  Sass @import rules are deprecated and will be removed in Dart Sass 3.0.0.
  
  More info and automated migrator: [4mhttps://sass-lang.com/d/import[0m


[33m▲ [43;33m[[43;30mWARNING[43;33m][0m [1mDeprecation[0m [1m[35m[plugin angular-sass][0m

    projects/platform/src/app/storefront/components/error-state/error-state.component.scss:2:8:
[37m      2 │ @import [32m[37m'../../../../styles/mixins';
        ╵         [32m^[0m


  Sass @import rules are deprecated and will be removed in Dart Sass 3.0.0.
  
  More info and automated migrator: [4mhttps://sass-lang.com/d/import[0m


[33m▲ [43;33m[[43;30mWARNING[43;33m][0m [1mDeprecation[0m [1m[35m[plugin angular-sass][0m

    projects/platform/src/app/storefront/components/error-state/error-state.component.scss:3:8:
[37m      3 │ @import [32m[37m'../../../../styles/variables';
        ╵         [32m^[0m


  Sass @import rules are deprecated and will be removed in Dart Sass 3.0.0.
  
  More info and automated migrator: [4mhttps://sass-lang.com/d/import[0m


[33m▲ [43;33m[[43;30mWARNING[43;33m][0m [1mDeprecation[0m [1m[35m[plugin angular-sass][0m

    projects/platform/src/app/storefront/components/fab-container/fab-container.component.scss:2:8:
[37m      2 │ @import [32m[37m'../../../../styles/mixins';
        ╵         [32m^[0m


  Sass @import rules are deprecated and will be removed in Dart Sass 3.0.0.
  
  More info and automated migrator: [4mhttps://sass-lang.com/d/import[0m


[33m▲ [43;33m[[43;30mWARNING[43;33m][0m [1mDeprecation[0m [1m[35m[plugin angular-sass][0m

    projects/platform/src/app/storefront/components/fab-container/fab-container.component.scss:3:8:
[37m      3 │ @import [32m[37m'../../../../styles/variables';
        ╵         [32m^[0m


  Sass @import rules are deprecated and will be removed in Dart Sass 3.0.0.
  
  More info and automated migrator: [4mhttps://sass-lang.com/d/import[0m


[33m▲ [43;33m[[43;30mWARNING[43;33m][0m [1mDeprecation[0m [1m[35m[plugin angular-sass][0m

    projects/platform/src/app/storefront/components/filter-sidebar/filter-sidebar.component.scss:2:8:
[37m      2 │ @import [32m[37m'../../../../styles/mixins';
        ╵         [32m^[0m


  Sass @import rules are deprecated and will be removed in Dart Sass 3.0.0.
  
  More info and automated migrator: [4mhttps://sass-lang.com/d/import[0m


[33m▲ [43;33m[[43;30mWARNING[43;33m][0m [1mDeprecation[0m [1m[35m[plugin angular-sass][0m

    projects/platform/src/app/storefront/components/filter-sidebar/filter-sidebar.component.scss:3:8:
[37m      3 │ @import [32m[37m'../../../../styles/variables';
        ╵         [32m^[0m


  Sass @import rules are deprecated and will be removed in Dart Sass 3.0.0.
  
  More info and automated migrator: [4mhttps://sass-lang.com/d/import[0m


[33m▲ [43;33m[[43;30mWARNING[43;33m][0m [1mDeprecation[0m [1m[35m[plugin angular-sass][0m

    projects/platform/src/app/storefront/components/loading-state/loading-state.component.scss:2:8:
[37m      2 │ @import [32m[37m'../../../../styles/mixins';
        ╵         [32m^[0m


  Sass @import rules are deprecated and will be removed in Dart Sass 3.0.0.
  
  More info and automated migrator: [4mhttps://sass-lang.com/d/import[0m


[33m▲ [43;33m[[43;30mWARNING[43;33m][0m [1mDeprecation[0m [1m[35m[plugin angular-sass][0m

    projects/platform/src/app/storefront/components/loading-state/loading-state.component.scss:3:8:
[37m      3 │ @import [32m[37m'../../../../styles/variables';
        ╵         [32m^[0m


  Sass @import rules are deprecated and will be removed in Dart Sass 3.0.0.
  
  More info and automated migrator: [4mhttps://sass-lang.com/d/import[0m


[33m▲ [43;33m[[43;30mWARNING[43;33m][0m [1mDeprecation[0m [1m[35m[plugin angular-sass][0m

    projects/platform/src/app/storefront/components/pagination/pagination.component.scss:2:8:
[37m      2 │ @import [32m[37m'../../../../styles/mixins';
        ╵         [32m^[0m


  Sass @import rules are deprecated and will be removed in Dart Sass 3.0.0.
  
  More info and automated migrator: [4mhttps://sass-lang.com/d/import[0m


[33m▲ [43;33m[[43;30mWARNING[43;33m][0m [1mDeprecation[0m [1m[35m[plugin angular-sass][0m

    projects/platform/src/app/storefront/components/pagination/pagination.component.scss:3:8:
[37m      3 │ @import [32m[37m'../../../../styles/variables';
        ╵         [32m^[0m


  Sass @import rules are deprecated and will be removed in Dart Sass 3.0.0.
  
  More info and automated migrator: [4mhttps://sass-lang.com/d/import[0m


[33m▲ [43;33m[[43;30mWARNING[43;33m][0m [1mDeprecation[0m [1m[35m[plugin angular-sass][0m

    projects/platform/src/app/storefront/components/product-grid-card/product-grid-card.component.scss:2:8:
[37m      2 │ @import [32m[37m'../../../../styles/mixins';
        ╵         [32m^[0m


  Sass @import rules are deprecated and will be removed in Dart Sass 3.0.0.
  
  More info and automated migrator: [4mhttps://sass-lang.com/d/import[0m


[33m▲ [43;33m[[43;30mWARNING[43;33m][0m [1mDeprecation[0m [1m[35m[plugin angular-sass][0m

    projects/platform/src/app/storefront/components/product-grid-card/product-grid-card.component.scss:3:8:
[37m      3 │ @import [32m[37m'../../../../styles/variables';
        ╵         [32m^[0m


  Sass @import rules are deprecated and will be removed in Dart Sass 3.0.0.
  
  More info and automated migrator: [4mhttps://sass-lang.com/d/import[0m


[33m▲ [43;33m[[43;30mWARNING[43;33m][0m [1mDeprecation[0m [1m[35m[plugin angular-sass][0m

    projects/platform/src/app/storefront/components/product-grid-card/product-grid-card.component.scss:80:63:
[37m      80 │ ...ient(135deg, $warning-color 0%, [32m[37mdarken($warning-color, 15%) 100...
         ╵                                    [32m^[0m


  Global built-in functions are deprecated and will be removed in Dart Sass 3.0.0.
  Use color.adjust instead.
  
  More info and automated migrator: [4mhttps://sass-lang.com/d/import[0m


[33m▲ [43;33m[[43;30mWARNING[43;33m][0m [1mDeprecation[0m [1m[35m[plugin angular-sass][0m

    projects/platform/src/app/storefront/components/product-grid-card/product-grid-card.component.scss:80:63:
[37m      80 │ ...ient(135deg, $warning-color 0%, [32m[37mdarken($warning-color, 15%) 100...
         ╵                                    [32m^[0m


  darken() is deprecated. Suggestions:
  
  color.scale($color, $lightness: -29.8828125%)
  color.adjust($color, $lightness: -15%)
  
  More info: [4mhttps://sass-lang.com/d/color-functions[0m


[33m▲ [43;33m[[43;30mWARNING[43;33m][0m [1mDeprecation[0m [1m[35m[plugin angular-sass][0m

    projects/platform/src/app/storefront/components/product-grid-card/product-grid-card.component.scss:84:61:
[37m      84 │ ...radient(135deg, $error-color 0%, [32m[37mdarken($error-color, 15%) 100%);
         ╵                                     [32m^[0m


  Global built-in functions are deprecated and will be removed in Dart Sass 3.0.0.
  Use color.adjust instead.
  
  More info and automated migrator: [4mhttps://sass-lang.com/d/import[0m


[33m▲ [43;33m[[43;30mWARNING[43;33m][0m [1mDeprecation[0m [1m[35m[plugin angular-sass][0m

    projects/platform/src/app/storefront/components/product-grid-card/product-grid-card.component.scss:84:61:
[37m      84 │ ...radient(135deg, $error-color 0%, [32m[37mdarken($error-color, 15%) 100%);
         ╵                                     [32m^[0m


  darken() is deprecated. Suggestions:
  
  color.scale($color, $lightness: -24.9185667752%)
  color.adjust($color, $lightness: -15%)
  
  More info: [4mhttps://sass-lang.com/d/color-functions[0m


[33m▲ [43;33m[[43;30mWARNING[43;33m][0m [1mDeprecation[0m [1m[35m[plugin angular-sass][0m

    projects/platform/src/app/storefront/components/product-grid-card/product-grid-card.component.scss:88:63:
[37m      88 │ ...ient(135deg, $success-color 0%, [32m[37mdarken($success-color, 15%) 100...
         ╵                                    [32m^[0m


  Global built-in functions are deprecated and will be removed in Dart Sass 3.0.0.
  Use color.adjust instead.
  
  More info and automated migrator: [4mhttps://sass-lang.com/d/import[0m


[33m▲ [43;33m[[43;30mWARNING[43;33m][0m [1mDeprecation[0m [1m[35m[plugin angular-sass][0m

    projects/platform/src/app/storefront/components/product-grid-card/product-grid-card.component.scss:88:63:
[37m      88 │ ...ient(135deg, $success-color 0%, [32m[37mdarken($success-color, 15%) 100...
         ╵                                    [32m^[0m


  darken() is deprecated. Suggestions:
  
  color.scale($color, $lightness: -38.0597014925%)
  color.adjust($color, $lightness: -15%)
  
  More info: [4mhttps://sass-lang.com/d/color-functions[0m


[33m▲ [43;33m[[43;30mWARNING[43;33m][0m [1mDeprecation[0m [1m[35m[plugin angular-sass][0m

    projects/platform/src/app/storefront/components/product-list-item/product-list-item.component.scss:2:8:
[37m      2 │ @import [32m[37m'../../../../styles/mixins';
        ╵         [32m^[0m


  Sass @import rules are deprecated and will be removed in Dart Sass 3.0.0.
  
  More info and automated migrator: [4mhttps://sass-lang.com/d/import[0m


[33m▲ [43;33m[[43;30mWARNING[43;33m][0m [1mDeprecation[0m [1m[35m[plugin angular-sass][0m

    projects/platform/src/app/storefront/components/product-list-item/product-list-item.component.scss:3:8:
[37m      3 │ @import [32m[37m'../../../../styles/variables';
        ╵         [32m^[0m


  Sass @import rules are deprecated and will be removed in Dart Sass 3.0.0.
  
  More info and automated migrator: [4mhttps://sass-lang.com/d/import[0m


[33m▲ [43;33m[[43;30mWARNING[43;33m][0m [1mDeprecation[0m [1m[35m[plugin angular-sass][0m

    projects/platform/src/app/storefront/components/product-quick-view/product-quick-view.component.scss:2:8:
[37m      2 │ @import [32m[37m'../../../../styles/variables';
        ╵         [32m^[0m


  Sass @import rules are deprecated and will be removed in Dart Sass 3.0.0.
  
  More info and automated migrator: [4mhttps://sass-lang.com/d/import[0m


[33m▲ [43;33m[[43;30mWARNING[43;33m][0m [1mDeprecation[0m [1m[35m[plugin angular-sass][0m

    projects/platform/src/app/storefront/components/product-quick-view/product-quick-view.component.scss:3:8:
[37m      3 │ @import [32m[37m'../../../../styles/mixins';
        ╵         [32m^[0m


  Sass @import rules are deprecated and will be removed in Dart Sass 3.0.0.
  
  More info and automated migrator: [4mhttps://sass-lang.com/d/import[0m


[33m▲ [43;33m[[43;30mWARNING[43;33m][0m [1mDeprecation[0m [1m[35m[plugin angular-sass][0m

    projects/platform/src/app/storefront/components/store-controls/store-controls.component.scss:2:8:
[37m      2 │ @import [32m[37m'../../../../styles/mixins';
        ╵         [32m^[0m


  Sass @import rules are deprecated and will be removed in Dart Sass 3.0.0.
  
  More info and automated migrator: [4mhttps://sass-lang.com/d/import[0m


[33m▲ [43;33m[[43;30mWARNING[43;33m][0m [1mDeprecation[0m [1m[35m[plugin angular-sass][0m

    projects/platform/src/app/storefront/components/store-controls/store-controls.component.scss:3:8:
[37m      3 │ @import [32m[37m'../../../../styles/variables';
        ╵         [32m^[0m


  Sass @import rules are deprecated and will be removed in Dart Sass 3.0.0.
  
  More info and automated migrator: [4mhttps://sass-lang.com/d/import[0m


[33m▲ [43;33m[[43;30mWARNING[43;33m][0m [1mDeprecation[0m [1m[35m[plugin angular-sass][0m

    projects/platform/src/app/storefront/core/store-footer/store-footer.component.scss:2:8:
[37m      2 │ @import [32m[37m'../../../../styles/mixins';
        ╵         [32m^[0m


  Sass @import rules are deprecated and will be removed in Dart Sass 3.0.0.
  
  More info and automated migrator: [4mhttps://sass-lang.com/d/import[0m


[33m▲ [43;33m[[43;30mWARNING[43;33m][0m [1mDeprecation[0m [1m[35m[plugin angular-sass][0m

    projects/platform/src/app/storefront/core/store-footer/store-footer.component.scss:3:8:
[37m      3 │ @import [32m[37m'../../../../styles/variables';
        ╵         [32m^[0m


  Sass @import rules are deprecated and will be removed in Dart Sass 3.0.0.
  
  More info and automated migrator: [4mhttps://sass-lang.com/d/import[0m


[33m▲ [43;33m[[43;30mWARNING[43;33m][0m [1mDeprecation[0m [1m[35m[plugin angular-sass][0m

    projects/platform/src/app/storefront/core/store-footer/store-footer.component.scss:550:18:
[37m      550 │       background: [32m[37mdarken($primary-color, 10%);
          ╵                   [32m^[0m


  Global built-in functions are deprecated and will be removed in Dart Sass 3.0.0.
  Use color.adjust instead.
  
  More info and automated migrator: [4mhttps://sass-lang.com/d/import[0m


[33m▲ [43;33m[[43;30mWARNING[43;33m][0m [1mDeprecation[0m [1m[35m[plugin angular-sass][0m

    projects/platform/src/app/storefront/core/store-footer/store-footer.component.scss:550:18:
[37m      550 │       background: [32m[37mdarken($primary-color, 10%);
          ╵                   [32m^[0m


  darken() is deprecated. Suggestions:
  
  color.scale($color, $lightness: -15.1785714286%)
  color.adjust($color, $lightness: -10%)
  
  More info: [4mhttps://sass-lang.com/d/color-functions[0m


[33m▲ [43;33m[[43;30mWARNING[43;33m][0m [1mDeprecation[0m [1m[35m[plugin angular-sass][0m

    projects/platform/src/app/storefront/core/store-header/store-header.component.scss:2:8:
[37m      2 │ @import [32m[37m'../../../../styles/variables';
        ╵         [32m^[0m


  Sass @import rules are deprecated and will be removed in Dart Sass 3.0.0.
  
  More info and automated migrator: [4mhttps://sass-lang.com/d/import[0m


[33m▲ [43;33m[[43;30mWARNING[43;33m][0m [1mDeprecation[0m [1m[35m[plugin angular-sass][0m

    projects/platform/src/app/storefront/core/store-header/store-header.component.scss:3:8:
[37m      3 │ @import [32m[37m'../../../../styles/mixins';
        ╵         [32m^[0m


  Sass @import rules are deprecated and will be removed in Dart Sass 3.0.0.
  
  More info and automated migrator: [4mhttps://sass-lang.com/d/import[0m


[33m▲ [43;33m[[43;30mWARNING[43;33m][0m [1mDeprecation[0m [1m[35m[plugin angular-sass][0m

    projects/platform/src/app/storefront/core/store-header/store-header.component.scss:48:59:
[37m      48 │ ...ient(135deg, $primary-color 0%, [32m[37mdarken($primary-color, 20%) 100...
         ╵                                    [32m^[0m


  Global built-in functions are deprecated and will be removed in Dart Sass 3.0.0.
  Use color.adjust instead.
  
  More info and automated migrator: [4mhttps://sass-lang.com/d/import[0m


[33m▲ [43;33m[[43;30mWARNING[43;33m][0m [1mDeprecation[0m [1m[35m[plugin angular-sass][0m

    projects/platform/src/app/storefront/core/store-header/store-header.component.scss:48:59:
[37m      48 │ ...ient(135deg, $primary-color 0%, [32m[37mdarken($primary-color, 20%) 100...
         ╵                                    [32m^[0m


  darken() is deprecated. Suggestions:
  
  color.scale($color, $lightness: -30.3571428571%)
  color.adjust($color, $lightness: -20%)
  
  More info: [4mhttps://sass-lang.com/d/color-functions[0m


[33m▲ [43;33m[[43;30mWARNING[43;33m][0m [1mDeprecation[0m [1m[35m[plugin angular-sass][0m

    projects/platform/src/app/storefront/core/store-header/store-header.component.scss:340:24:
[37m      340 │             background: [32m[37mdarken($primary-color, 10%);
          ╵                         [32m^[0m


  Global built-in functions are deprecated and will be removed in Dart Sass 3.0.0.
  Use color.adjust instead.
  
  More info and automated migrator: [4mhttps://sass-lang.com/d/import[0m


[33m▲ [43;33m[[43;30mWARNING[43;33m][0m [1mDeprecation[0m [1m[35m[plugin angular-sass][0m

    projects/platform/src/app/storefront/core/store-header/store-header.component.scss:340:24:
[37m      340 │             background: [32m[37mdarken($primary-color, 10%);
          ╵                         [32m^[0m


  darken() is deprecated. Suggestions:
  
  color.scale($color, $lightness: -15.1785714286%)
  color.adjust($color, $lightness: -10%)
  
  More info: [4mhttps://sass-lang.com/d/color-functions[0m


[33m▲ [43;33m[[43;30mWARNING[43;33m][0m [1mDeprecation[0m [1m[35m[plugin angular-sass][0m

    projects/platform/src/app/storefront/product-details/main/components/product-gallery/product-gallery.component.scss:1:8:
[37m      1 │ @import [32m[37m'../../../../../../styles/mixins';
        ╵         [32m^[0m


  Sass @import rules are deprecated and will be removed in Dart Sass 3.0.0.
  
  More info and automated migrator: [4mhttps://sass-lang.com/d/import[0m


[33m▲ [43;33m[[43;30mWARNING[43;33m][0m [1mDeprecation[0m [1m[35m[plugin angular-sass][0m

    projects/platform/src/app/storefront/product-details/main/components/product-gallery/product-gallery.component.scss:2:8:
[37m      2 │ @import [32m[37m'../../../../../../styles/variables';
        ╵         [32m^[0m


  Sass @import rules are deprecated and will be removed in Dart Sass 3.0.0.
  
  More info and automated migrator: [4mhttps://sass-lang.com/d/import[0m


[33m▲ [43;33m[[43;30mWARNING[43;33m][0m [1mNG8113: LazyImageDirective is not used within the template of ProductGalleryComponent[0m [1m[35m[plugin angular-compiler][0m

    projects/platform/src/app/storefront/product-details/main/components/product-gallery/product-gallery.component.ts:15:58:
[37m      15 │ ...CommonModule, MatIconModule, MatButtonModule, [32mLazyImageDirective[37m],
         ╵                                                  [32m~~~~~~~~~~~~~~~~~~[0m


[33m▲ [43;33m[[43;30mWARNING[43;33m][0m [1mDeprecation[0m [1m[35m[plugin angular-sass][0m

    projects/platform/src/app/storefront/product-details/main/components/product-info/product-info.component.scss:1:8:
[37m      1 │ @import [32m[37m'../../../../../../styles/mixins';
        ╵         [32m^[0m


  Sass @import rules are deprecated and will be removed in Dart Sass 3.0.0.
  
  More info and automated migrator: [4mhttps://sass-lang.com/d/import[0m


[33m▲ [43;33m[[43;30mWARNING[43;33m][0m [1mDeprecation[0m [1m[35m[plugin angular-sass][0m

    projects/platform/src/app/storefront/product-details/main/components/product-info/product-info.component.scss:2:8:
[37m      2 │ @import [32m[37m'../../../../../../styles/variables';
        ╵         [32m^[0m


  Sass @import rules are deprecated and will be removed in Dart Sass 3.0.0.
  
  More info and automated migrator: [4mhttps://sass-lang.com/d/import[0m


[33m▲ [43;33m[[43;30mWARNING[43;33m][0m [1mDeprecation[0m [1m[35m[plugin angular-sass][0m

    projects/platform/src/app/storefront/product-details/main/components/product-reviews/product-reviews.component.scss:1:8:
[37m      1 │ @import [32m[37m'../../../../../../styles/mixins';
        ╵         [32m^[0m


  Sass @import rules are deprecated and will be removed in Dart Sass 3.0.0.
  
  More info and automated migrator: [4mhttps://sass-lang.com/d/import[0m


[33m▲ [43;33m[[43;30mWARNING[43;33m][0m [1mDeprecation[0m [1m[35m[plugin angular-sass][0m

    projects/platform/src/app/storefront/product-details/main/components/product-reviews/product-reviews.component.scss:2:8:
[37m      2 │ @import [32m[37m'../../../../../../styles/variables';
        ╵         [32m^[0m


  Sass @import rules are deprecated and will be removed in Dart Sass 3.0.0.
  
  More info and automated migrator: [4mhttps://sass-lang.com/d/import[0m


[33m▲ [43;33m[[43;30mWARNING[43;33m][0m [1mDeprecation[0m [1m[35m[plugin angular-sass][0m

    projects/platform/src/app/storefront/product-details/main/components/product-specifications/product-specifications.component.scss:1:8:
[37m      1 │ @import [32m[37m'../../../../../../styles/mixins';
        ╵         [32m^[0m


  Sass @import rules are deprecated and will be removed in Dart Sass 3.0.0.
  
  More info and automated migrator: [4mhttps://sass-lang.com/d/import[0m


[33m▲ [43;33m[[43;30mWARNING[43;33m][0m [1mDeprecation[0m [1m[35m[plugin angular-sass][0m

    projects/platform/src/app/storefront/product-details/main/components/product-specifications/product-specifications.component.scss:2:8:
[37m      2 │ @import [32m[37m'../../../../../../styles/variables';
        ╵         [32m^[0m


  Sass @import rules are deprecated and will be removed in Dart Sass 3.0.0.
  
  More info and automated migrator: [4mhttps://sass-lang.com/d/import[0m


[33m▲ [43;33m[[43;30mWARNING[43;33m][0m [1mDeprecation[0m [1m[35m[plugin angular-sass][0m

    projects/platform/src/app/storefront/product-details/main/components/product-tabs/product-tabs.component.scss:1:8:
[37m      1 │ @import [32m[37m'../../../../../../styles/mixins';
        ╵         [32m^[0m


  Sass @import rules are deprecated and will be removed in Dart Sass 3.0.0.
  
  More info and automated migrator: [4mhttps://sass-lang.com/d/import[0m


[33m▲ [43;33m[[43;30mWARNING[43;33m][0m [1mDeprecation[0m [1m[35m[plugin angular-sass][0m

    projects/platform/src/app/storefront/product-details/main/components/product-tabs/product-tabs.component.scss:2:8:
[37m      2 │ @import [32m[37m'../../../../../../styles/variables';
        ╵         [32m^[0m


  Sass @import rules are deprecated and will be removed in Dart Sass 3.0.0.
  
  More info and automated migrator: [4mhttps://sass-lang.com/d/import[0m


[33m▲ [43;33m[[43;30mWARNING[43;33m][0m [1mDeprecation[0m [1m[35m[plugin angular-sass][0m

    projects/platform/src/app/storefront/product-details/main/components/related-products/related-products.component.scss:1:8:
[37m      1 │ @import [32m[37m'../../../../../../styles/mixins';
        ╵         [32m^[0m


  Sass @import rules are deprecated and will be removed in Dart Sass 3.0.0.
  
  More info and automated migrator: [4mhttps://sass-lang.com/d/import[0m


[33m▲ [43;33m[[43;30mWARNING[43;33m][0m [1mDeprecation[0m [1m[35m[plugin angular-sass][0m

    projects/platform/src/app/storefront/product-details/main/components/related-products/related-products.component.scss:2:8:
[37m      2 │ @import [32m[37m'../../../../../../styles/variables';
        ╵         [32m^[0m


  Sass @import rules are deprecated and will be removed in Dart Sass 3.0.0.
  
  More info and automated migrator: [4mhttps://sass-lang.com/d/import[0m


[33m▲ [43;33m[[43;30mWARNING[43;33m][0m [1mDeprecation[0m [1m[35m[plugin angular-sass][0m

    projects/platform/src/app/storefront/product-details/main/product-details.component.scss:2:8:
[37m      2 │ @import [32m[37m'../../../../styles/mixins';
        ╵         [32m^[0m


  Sass @import rules are deprecated and will be removed in Dart Sass 3.0.0.
  
  More info and automated migrator: [4mhttps://sass-lang.com/d/import[0m


[33m▲ [43;33m[[43;30mWARNING[43;33m][0m [1mDeprecation[0m [1m[35m[plugin angular-sass][0m

    projects/platform/src/app/storefront/product-details/main/product-details.component.scss:3:8:
[37m      3 │ @import [32m[37m'../../../../styles/variables';
        ╵         [32m^[0m


  Sass @import rules are deprecated and will be removed in Dart Sass 3.0.0.
  
  More info and automated migrator: [4mhttps://sass-lang.com/d/import[0m


[33m▲ [43;33m[[43;30mWARNING[43;33m][0m [1mDeprecation[0m [1m[35m[plugin angular-sass][0m

    projects/platform/src/app/storefront/shared/rating/rating.component.scss:2:8:
[37m      2 │ @import [32m[37m'../../../../styles/mixins';
        ╵         [32m^[0m


  Sass @import rules are deprecated and will be removed in Dart Sass 3.0.0.
  
  More info and automated migrator: [4mhttps://sass-lang.com/d/import[0m


[33m▲ [43;33m[[43;30mWARNING[43;33m][0m [1mDeprecation[0m [1m[35m[plugin angular-sass][0m

    projects/platform/src/app/storefront/shared/rating/rating.component.scss:3:8:
[37m      3 │ @import [32m[37m'../../../../styles/variables';
        ╵         [32m^[0m


  Sass @import rules are deprecated and will be removed in Dart Sass 3.0.0.
  
  More info and automated migrator: [4mhttps://sass-lang.com/d/import[0m


[33m▲ [43;33m[[43;30mWARNING[43;33m][0m [1mDeprecation[0m [1m[35m[plugin angular-sass][0m

    projects/platform/src/app/storefront/storefront.component.scss:2:8:
[37m      2 │ @import [32m[37m'../../styles/mixins';
        ╵         [32m^[0m


  Sass @import rules are deprecated and will be removed in Dart Sass 3.0.0.
  
  More info and automated migrator: [4mhttps://sass-lang.com/d/import[0m


[33m▲ [43;33m[[43;30mWARNING[43;33m][0m [1mDeprecation[0m [1m[35m[plugin angular-sass][0m

    projects/platform/src/app/storefront/storefront.component.scss:3:8:
[37m      3 │ @import [32m[37m'../../styles/variables';
        ╵         [32m^[0m


  Sass @import rules are deprecated and will be removed in Dart Sass 3.0.0.
  
  More info and automated migrator: [4mhttps://sass-lang.com/d/import[0m


[33m▲ [43;33m[[43;30mWARNING[43;33m][0m [1mDeprecation[0m [1m[35m[plugin angular-sass][0m

    projects/platform/src/app/transactions/index.scss:1:8:
[37m      1 │ @import [32m[37m'./../../styles/variables';
        ╵         [32m^[0m


  Sass @import rules are deprecated and will be removed in Dart Sass 3.0.0.
  
  More info and automated migrator: [4mhttps://sass-lang.com/d/import[0m


[33m▲ [43;33m[[43;30mWARNING[43;33m][0m [1mDeprecation[0m [1m[35m[plugin angular-sass][0m

    projects/platform/src/app/transactions/index.scss:2:8:
[37m      2 │ @import [32m[37m'./../../styles/mixins';
        ╵         [32m^[0m


  Sass @import rules are deprecated and will be removed in Dart Sass 3.0.0.
  
  More info and automated migrator: [4mhttps://sass-lang.com/d/import[0m


[33m▲ [43;33m[[43;30mWARNING[43;33m][0m [1mDeprecation[0m [1m[35m[plugin angular-sass][0m

    projects/platform/src/app/transactions/summary/transaction-summary.component.scss:1:8:
[37m      1 │ @import [32m[37m'./../../../styles/variables';
        ╵         [32m^[0m


  Sass @import rules are deprecated and will be removed in Dart Sass 3.0.0.
  
  More info and automated migrator: [4mhttps://sass-lang.com/d/import[0m


[33m▲ [43;33m[[43;30mWARNING[43;33m][0m [1mDeprecation[0m [1m[35m[plugin angular-sass][0m

    projects/platform/src/app/transactions/summary/transaction-summary.component.scss:2:8:
[37m      2 │ @import [32m[37m'./../../../styles/mixins';
        ╵         [32m^[0m


  Sass @import rules are deprecated and will be removed in Dart Sass 3.0.0.
  
  More info and automated migrator: [4mhttps://sass-lang.com/d/import[0m


[33m▲ [43;33m[[43;30mWARNING[43;33m][0m [1mDeprecation[0m [1m[35m[plugin angular-sass][0m

    projects/platform/src/app/transactions/transactions.component.scss:2:8:
[37m      2 │ @import [32m[37m'./../../styles/variables';
        ╵         [32m^[0m


  Sass @import rules are deprecated and will be removed in Dart Sass 3.0.0.
  
  More info and automated migrator: [4mhttps://sass-lang.com/d/import[0m


[33m▲ [43;33m[[43;30mWARNING[43;33m][0m [1mDeprecation[0m [1m[35m[plugin angular-sass][0m

    projects/platform/src/app/transactions/transactions.component.scss:3:8:
[37m      3 │ @import [32m[37m'./../../styles/mixins';
        ╵         [32m^[0m


  Sass @import rules are deprecated and will be removed in Dart Sass 3.0.0.
  
  More info and automated migrator: [4mhttps://sass-lang.com/d/import[0m


[33m▲ [43;33m[[43;30mWARNING[43;33m][0m [1mDeprecation[0m [1m[35m[plugin angular-sass][0m

    projects/platform/src/app/tutorials/tutorials.component.scss:1:8:
[37m      1 │ @import [32m[37m'../../styles/variables';
        ╵         [32m^[0m


  Sass @import rules are deprecated and will be removed in Dart Sass 3.0.0.
  
  More info and automated migrator: [4mhttps://sass-lang.com/d/import[0m


[33m▲ [43;33m[[43;30mWARNING[43;33m][0m [1mDeprecation[0m [1m[35m[plugin angular-sass][0m

    projects/platform/src/app/tutorials/tutorials.component.scss:2:8:
[37m      2 │ @import [32m[37m'../../styles/mixins';
        ╵         [32m^[0m


  Sass @import rules are deprecated and will be removed in Dart Sass 3.0.0.
  
  More info and automated migrator: [4mhttps://sass-lang.com/d/import[0m


[33m▲ [43;33m[[43;30mWARNING[43;33m][0m [1mDeprecation[0m [1m[35m[plugin angular-sass][0m

    projects/platform/src/app/wallet/funding/components/custom-amount-form/custom-amount-form.component.scss:1:8:
[37m      1 │ @import [32m[37m'./../../../../../styles/variables';
        ╵         [32m^[0m


  Sass @import rules are deprecated and will be removed in Dart Sass 3.0.0.
  
  More info and automated migrator: [4mhttps://sass-lang.com/d/import[0m


[33m▲ [43;33m[[43;30mWARNING[43;33m][0m [1mDeprecation[0m [1m[35m[plugin angular-sass][0m

    projects/platform/src/app/wallet/funding/components/custom-amount-form/custom-amount-form.component.scss:2:8:
[37m      2 │ @import [32m[37m'./../../../../../styles/mixins';
        ╵         [32m^[0m


  Sass @import rules are deprecated and will be removed in Dart Sass 3.0.0.
  
  More info and automated migrator: [4mhttps://sass-lang.com/d/import[0m


[33m▲ [43;33m[[43;30mWARNING[43;33m][0m [1mDeprecation[0m [1m[35m[plugin angular-sass][0m

    projects/platform/src/app/wallet/funding/components/dialog-actions/dialog-actions.component.scss:1:8:
[37m      1 │ @import [32m[37m'./../../../../../styles/variables';
        ╵         [32m^[0m


  Sass @import rules are deprecated and will be removed in Dart Sass 3.0.0.
  
  More info and automated migrator: [4mhttps://sass-lang.com/d/import[0m


[33m▲ [43;33m[[43;30mWARNING[43;33m][0m [1mDeprecation[0m [1m[35m[plugin angular-sass][0m

    projects/platform/src/app/wallet/funding/components/dialog-actions/dialog-actions.component.scss:2:8:
[37m      2 │ @import [32m[37m'./../../../../../styles/mixins';
        ╵         [32m^[0m


  Sass @import rules are deprecated and will be removed in Dart Sass 3.0.0.
  
  More info and automated migrator: [4mhttps://sass-lang.com/d/import[0m


[33m▲ [43;33m[[43;30mWARNING[43;33m][0m [1mDeprecation[0m [1m[35m[plugin angular-sass][0m

    projects/platform/src/app/wallet/funding/components/payment-method/payment-method.component.scss:1:8:
[37m      1 │ @import [32m[37m'./../../../../../styles/variables';
        ╵         [32m^[0m


  Sass @import rules are deprecated and will be removed in Dart Sass 3.0.0.
  
  More info and automated migrator: [4mhttps://sass-lang.com/d/import[0m


[33m▲ [43;33m[[43;30mWARNING[43;33m][0m [1mDeprecation[0m [1m[35m[plugin angular-sass][0m

    projects/platform/src/app/wallet/funding/components/payment-method/payment-method.component.scss:2:8:
[37m      2 │ @import [32m[37m'./../../../../../styles/mixins';
        ╵         [32m^[0m


  Sass @import rules are deprecated and will be removed in Dart Sass 3.0.0.
  
  More info and automated migrator: [4mhttps://sass-lang.com/d/import[0m


[33m▲ [43;33m[[43;30mWARNING[43;33m][0m [1mDeprecation[0m [1m[35m[plugin angular-sass][0m

    projects/platform/src/app/wallet/funding/components/payment-processing/payment-processing.component.scss:1:8:
[37m      1 │ @import [32m[37m'./../../../../../styles/variables';
        ╵         [32m^[0m


  Sass @import rules are deprecated and will be removed in Dart Sass 3.0.0.
  
  More info and automated migrator: [4mhttps://sass-lang.com/d/import[0m


[33m▲ [43;33m[[43;30mWARNING[43;33m][0m [1mDeprecation[0m [1m[35m[plugin angular-sass][0m

    projects/platform/src/app/wallet/funding/components/payment-processing/payment-processing.component.scss:2:8:
[37m      2 │ @import [32m[37m'./../../../../../styles/mixins';
        ╵         [32m^[0m


  Sass @import rules are deprecated and will be removed in Dart Sass 3.0.0.
  
  More info and automated migrator: [4mhttps://sass-lang.com/d/import[0m


[33m▲ [43;33m[[43;30mWARNING[43;33m][0m [1mDeprecation[0m [1m[35m[plugin angular-sass][0m

    projects/platform/src/app/wallet/funding/components/payment-status/payment-status.component.scss:1:8:
[37m      1 │ @import [32m[37m'./../../../../../styles/variables';
        ╵         [32m^[0m


  Sass @import rules are deprecated and will be removed in Dart Sass 3.0.0.
  
  More info and automated migrator: [4mhttps://sass-lang.com/d/import[0m


[33m▲ [43;33m[[43;30mWARNING[43;33m][0m [1mDeprecation[0m [1m[35m[plugin angular-sass][0m

    projects/platform/src/app/wallet/funding/components/payment-status/payment-status.component.scss:2:8:
[37m      2 │ @import [32m[37m'./../../../../../styles/mixins';
        ╵         [32m^[0m


  Sass @import rules are deprecated and will be removed in Dart Sass 3.0.0.
  
  More info and automated migrator: [4mhttps://sass-lang.com/d/import[0m


[33m▲ [43;33m[[43;30mWARNING[43;33m][0m [1mDeprecation[0m [1m[35m[plugin angular-sass][0m

    projects/platform/src/app/wallet/funding/components/payment-summary/payment-summary.component.scss:1:8:
[37m      1 │ @import [32m[37m'./../../../../../styles/variables';
        ╵         [32m^[0m


  Sass @import rules are deprecated and will be removed in Dart Sass 3.0.0.
  
  More info and automated migrator: [4mhttps://sass-lang.com/d/import[0m


[33m▲ [43;33m[[43;30mWARNING[43;33m][0m [1mDeprecation[0m [1m[35m[plugin angular-sass][0m

    projects/platform/src/app/wallet/funding/components/payment-summary/payment-summary.component.scss:2:8:
[37m      2 │ @import [32m[37m'./../../../../../styles/mixins';
        ╵         [32m^[0m


  Sass @import rules are deprecated and will be removed in Dart Sass 3.0.0.
  
  More info and automated migrator: [4mhttps://sass-lang.com/d/import[0m


[33m▲ [43;33m[[43;30mWARNING[43;33m][0m [1mDeprecation[0m [1m[35m[plugin angular-sass][0m

    projects/platform/src/app/wallet/funding/components/quick-amount-selector/quick-amount-selector.component.scss:1:8:
[37m      1 │ @import [32m[37m'./../../../../../styles/variables';
        ╵         [32m^[0m


  Sass @import rules are deprecated and will be removed in Dart Sass 3.0.0.
  
  More info and automated migrator: [4mhttps://sass-lang.com/d/import[0m


[33m▲ [43;33m[[43;30mWARNING[43;33m][0m [1mDeprecation[0m [1m[35m[plugin angular-sass][0m

    projects/platform/src/app/wallet/funding/components/quick-amount-selector/quick-amount-selector.component.scss:2:8:
[37m      2 │ @import [32m[37m'./../../../../../styles/mixins';
        ╵         [32m^[0m


  Sass @import rules are deprecated and will be removed in Dart Sass 3.0.0.
  
  More info and automated migrator: [4mhttps://sass-lang.com/d/import[0m


[33m▲ [43;33m[[43;30mWARNING[43;33m][0m [1mDeprecation[0m [1m[35m[plugin angular-sass][0m

    projects/platform/src/app/wallet/funding/components/wallet-balance-card/wallet-balance-card.component.scss:1:8:
[37m      1 │ @import [32m[37m'./../../../../../styles/variables';
        ╵         [32m^[0m


  Sass @import rules are deprecated and will be removed in Dart Sass 3.0.0.
  
  More info and automated migrator: [4mhttps://sass-lang.com/d/import[0m


[33m▲ [43;33m[[43;30mWARNING[43;33m][0m [1mDeprecation[0m [1m[35m[plugin angular-sass][0m

    projects/platform/src/app/wallet/funding/components/wallet-balance-card/wallet-balance-card.component.scss:2:8:
[37m      2 │ @import [32m[37m'./../../../../../styles/mixins';
        ╵         [32m^[0m


  Sass @import rules are deprecated and will be removed in Dart Sass 3.0.0.
  
  More info and automated migrator: [4mhttps://sass-lang.com/d/import[0m


[33m▲ [43;33m[[43;30mWARNING[43;33m][0m [1mDeprecation[0m [1m[35m[plugin angular-sass][0m

    projects/platform/src/app/wallet/funding/funding.component.scss:2:8:
[37m      2 │ @import [32m[37m'./../../../styles/variables';
        ╵         [32m^[0m


  Sass @import rules are deprecated and will be removed in Dart Sass 3.0.0.
  
  More info and automated migrator: [4mhttps://sass-lang.com/d/import[0m


[33m▲ [43;33m[[43;30mWARNING[43;33m][0m [1mDeprecation[0m [1m[35m[plugin angular-sass][0m

    projects/platform/src/app/wallet/funding/funding.component.scss:3:8:
[37m      3 │ @import [32m[37m'./../../../styles/mixins';
        ╵         [32m^[0m


  Sass @import rules are deprecated and will be removed in Dart Sass 3.0.0.
  
  More info and automated migrator: [4mhttps://sass-lang.com/d/import[0m


[33m▲ [43;33m[[43;30mWARNING[43;33m][0m [1mDeprecation[0m [1m[35m[plugin angular-sass][0m

    projects/platform/src/app/wallet/transfer/transfer-funds.component.scss:1:8:
[37m      1 │ @import [32m[37m'./../../../styles/variables';
        ╵         [32m^[0m


  Sass @import rules are deprecated and will be removed in Dart Sass 3.0.0.
  
  More info and automated migrator: [4mhttps://sass-lang.com/d/import[0m


[33m▲ [43;33m[[43;30mWARNING[43;33m][0m [1mDeprecation[0m [1m[35m[plugin angular-sass][0m

    projects/platform/src/app/wallet/transfer/transfer-funds.component.scss:2:8:
[37m      2 │ @import [32m[37m'./../../../styles/mixins';
        ╵         [32m^[0m


  Sass @import rules are deprecated and will be removed in Dart Sass 3.0.0.
  
  More info and automated migrator: [4mhttps://sass-lang.com/d/import[0m


[33m▲ [43;33m[[43;30mWARNING[43;33m][0m [1mDeprecation[0m [1m[35m[plugin angular-sass][0m

    projects/platform/src/app/wallet/withdrawal/save-account-dialog/saved-account.component.scss:1:8:
[37m      1 │ @import [32m[37m'./../../../../styles/variables';
        ╵         [32m^[0m


  Sass @import rules are deprecated and will be removed in Dart Sass 3.0.0.
  
  More info and automated migrator: [4mhttps://sass-lang.com/d/import[0m


[33m▲ [43;33m[[43;30mWARNING[43;33m][0m [1mDeprecation[0m [1m[35m[plugin angular-sass][0m

    projects/platform/src/app/wallet/withdrawal/save-account-dialog/saved-account.component.scss:2:8:
[37m      2 │ @import [32m[37m'./../../../../styles/mixins';
        ╵         [32m^[0m


  Sass @import rules are deprecated and will be removed in Dart Sass 3.0.0.
  
  More info and automated migrator: [4mhttps://sass-lang.com/d/import[0m


[33m▲ [43;33m[[43;30mWARNING[43;33m][0m [1mDeprecation[0m [1m[35m[plugin angular-sass][0m

    projects/platform/src/app/wallet/withdrawal/withdrawal.component.scss:1:8:
[37m      1 │ @import [32m[37m'./../../../styles/variables';
        ╵         [32m^[0m


  Sass @import rules are deprecated and will be removed in Dart Sass 3.0.0.
  
  More info and automated migrator: [4mhttps://sass-lang.com/d/import[0m


[33m▲ [43;33m[[43;30mWARNING[43;33m][0m [1mDeprecation[0m [1m[35m[plugin angular-sass][0m

    projects/platform/src/app/wallet/withdrawal/withdrawal.component.scss:2:8:
[37m      2 │ @import [32m[37m'./../../../styles/mixins';
        ╵         [32m^[0m


  Sass @import rules are deprecated and will be removed in Dart Sass 3.0.0.
  
  More info and automated migrator: [4mhttps://sass-lang.com/d/import[0m


[33m▲ [43;33m[[43;30mWARNING[43;33m][0m [1mDeprecation[0m [1m[35m[plugin angular-sass][0m

    projects/platform/src/styles/_mixins.scss:22:2:
[37m      22 │   [32m[37mbackground-color: color-mix(in srgb, #{$color}, black #{$percent...
         ╵   [32m^[0m


  Sass's behavior for declarations that appear after nested
  rules will be changing to match the behavior specified by CSS in an upcoming
  version. To keep the existing behavior, move the declaration above the nested
  rule. To opt into the new behavior, wrap the declaration in `& {}`.
  
  More info: [4mhttps://sass-lang.com/d/mixed-decls[0m


[33m▲ [43;33m[[43;30mWARNING[43;33m][0m [1mDeprecation[0m [1m[35m[plugin angular-sass][0m

    projects/platform/src/styles.scss:1:8:
[37m      1 │ @import [32m[37m'@angular/material';
        ╵         [32m^[0m


  Sass @import rules are deprecated and will be removed in Dart Sass 3.0.0.
  
  More info and automated migrator: [4mhttps://sass-lang.com/d/import[0m

  The plugin "angular-sass" was triggered by this import

    angular:styles/global:styles:1:8:
[37m      1 │ @import [32m'projects/platform/src/styles.scss'[37m;
        ╵         [32m~~~~~~~~~~~~~~~~~~~~~~~~~~~~~~~~~~~[0m


[33m▲ [43;33m[[43;30mWARNING[43;33m][0m [1mDeprecation[0m [1m[35m[plugin angular-sass][0m

    projects/platform/src/styles.scss:2:8:
[37m      2 │ @import [32m[37m'./styles/variables';
        ╵         [32m^[0m


  Sass @import rules are deprecated and will be removed in Dart Sass 3.0.0.
  
  More info and automated migrator: [4mhttps://sass-lang.com/d/import[0m

  The plugin "angular-sass" was triggered by this import

    angular:styles/global:styles:1:8:
[37m      1 │ @import [32m'projects/platform/src/styles.scss'[37m;
        ╵         [32m~~~~~~~~~~~~~~~~~~~~~~~~~~~~~~~~~~~[0m

[39m[22m
[1m[33m[33m▲ [43;33m[[43;30mWARNING[43;33m][0m [1mDeprecation[0m [1m[35m[plugin angular-sass][0m

    projects/platform/src/styles.scss:1:8:
[37m      1 │ @import [32m[37m'@angular/material';
        ╵         [32m^[0m


  Sass @import rules are deprecated and will be removed in Dart Sass 3.0.0.
  
  More info and automated migrator: [4mhttps://sass-lang.com/d/import[0m

  The plugin "angular-sass" was triggered by this import

    angular:styles/global:styles:1:8:
[37m      1 │ @import [32m'projects/platform/src/styles.scss'[37m;
        ╵         [32m~~~~~~~~~~~~~~~~~~~~~~~~~~~~~~~~~~~[0m


[33m▲ [43;33m[[43;30mWARNING[43;33m][0m [1mDeprecation[0m [1m[35m[plugin angular-sass][0m

    projects/platform/src/styles.scss:2:8:
[37m      2 │ @import [32m[37m'./styles/variables';
        ╵         [32m^[0m


  Sass @import rules are deprecated and will be removed in Dart Sass 3.0.0.
  
  More info and automated migrator: [4mhttps://sass-lang.com/d/import[0m

  The plugin "angular-sass" was triggered by this import

    angular:styles/global:styles:1:8:
[37m      1 │ @import [32m'projects/platform/src/styles.scss'[37m;
        ╵         [32m~~~~~~~~~~~~~~~~~~~~~~~~~~~~~~~~~~~[0m


[33m▲ [43;33m[[43;30mWARNING[43;33m][0m [1mNG8107: The left side of this optional chain operation does not include 'null' or 'undefined' in its type, therefore the '?.' operator can be replaced with the '.' operator.[0m [1m[35m[plugin angular-compiler][0m

    projects/platform/src/app/admin/ppc-analytics/ppc-analytics.component.ts:411:38:
[37m      411 │           @for (ip of (data.patterns?.[32mips[37m || []); track ip.ip) {
          ╵                                       [32m~~~[0m


[33m▲ [43;33m[[43;30mWARNING[43;33m][0m [1mNG8107: The left side of this optional chain operation does not include 'null' or 'undefined' in its type, therefore the '?.' operator can be replaced with the '.' operator.[0m [1m[35m[plugin angular-compiler][0m

    projects/platform/src/app/admin/ppc-analytics/ppc-analytics.component.ts:417:32:
[37m      417 │           @if (!(data.patterns?.[32mips[37m || []).length) {
          ╵                                 [32m~~~[0m


[33m▲ [43;33m[[43;30mWARNING[43;33m][0m [1mNG8107: The left side of this optional chain operation does not include 'null' or 'undefined' in its type, therefore the '?.' operator can be replaced with the '.' operator.[0m [1m[35m[plugin angular-compiler][0m

    projects/platform/src/app/admin/ppc-analytics/ppc-analytics.component.ts:426:37:
[37m      426 │ ... @for (d of (data.patterns?.[32mdevices[37m || []); track d.deviceType) {
          ╵                                [32m~~~~~~~[0m


[33m▲ [43;33m[[43;30mWARNING[43;33m][0m [1mNG8107: The left side of this optional chain operation does not include 'null' or 'undefined' in its type, therefore the '?.' operator can be replaced with the '.' operator.[0m [1m[35m[plugin angular-compiler][0m

    projects/platform/src/app/admin/ppc-analytics/ppc-analytics.component.ts:429:32:
[37m      429 │           @if (!(data.patterns?.[32mdevices[37m || []).length) {
          ╵                                 [32m~~~~~~~[0m


[33m▲ [43;33m[[43;30mWARNING[43;33m][0m [1mNG8107: The left side of this optional chain operation does not include 'null' or 'undefined' in its type, therefore the '?.' operator can be replaced with the '.' operator.[0m [1m[35m[plugin angular-compiler][0m

    projects/platform/src/app/admin/ppc-analytics/ppc-analytics.component.ts:438:37:
[37m      438 │ ...  @for (c of (data.patterns?.[32mcountries[37m || []); track c.country) {
          ╵                                 [32m~~~~~~~~~[0m


[33m▲ [43;33m[[43;30mWARNING[43;33m][0m [1mNG8107: The left side of this optional chain operation does not include 'null' or 'undefined' in its type, therefore the '?.' operator can be replaced with the '.' operator.[0m [1m[35m[plugin angular-compiler][0m

    projects/platform/src/app/admin/ppc-analytics/ppc-analytics.component.ts:441:32:
[37m      441 │           @if (!(data.patterns?.[32mcountries[37m || []).length) {
          ╵                                 [32m~~~~~~~~~[0m


[33m▲ [43;33m[[43;30mWARNING[43;33m][0m [1mNG8107: The left side of this optional chain operation does not include 'null' or 'undefined' in its type, therefore the '?.' operator can be replaced with the '.' operator.[0m [1m[35m[plugin angular-compiler][0m

    projects/platform/src/app/community/feeds/feed-page.component.html:106:39:
[37m      106 │                 @if (thread.topicTags?.[32mlength[37m) {
          ╵                                        [32m~~~~~~[0m

  Warning occurs in the template of component DesktopFeedPageComponent.

    projects/platform/src/app/community/feeds/feed-page.component.ts:62:15:
[37m      62 │   templateUrl: [32m'./feed-page.component.html'[37m,
         ╵                [32m~~~~~~~~~~~~~~~~~~~~~~~~~~~~[0m


[33m▲ [43;33m[[43;30mWARNING[43;33m][0m [1mNG8107: The left side of this optional chain operation does not include 'null' or 'undefined' in its type, therefore the '?.' operator can be replaced with the '.' operator.[0m [1m[35m[plugin angular-compiler][0m

    projects/platform/src/app/dashboard/search/global-search-bar.component.html:79:36:
[37m      79 │                 @if (result.region?.[32mlabel[37m) {
         ╵                                     [32m~~~~~[0m

  Warning occurs in the template of component GlobalSearchBarComponent.

    projects/platform/src/app/dashboard/search/global-search-bar.component.ts:32:15:
[37m      32 │   templateUrl: [32m'./global-search-bar.component.html'[37m,
         ╵                [32m~~~~~~~~~~~~~~~~~~~~~~~~~~~~~~~~~~~~[0m


[33m▲ [43;33m[[43;30mWARNING[43;33m][0m [1mNG8107: The left side of this optional chain operation does not include 'null' or 'undefined' in its type, therefore the '?.' operator can be replaced with the '.' operator.[0m [1m[35m[plugin angular-compiler][0m

    projects/platform/src/app/dashboard/search/global-search-page.component.html:230:34:
[37m      230 │               @if (result.region?.[32mlabel[37m) {
          ╵                                   [32m~~~~~[0m

  Warning occurs in the template of component GlobalSearchPageComponent.

    projects/platform/src/app/dashboard/search/global-search-page.component.ts:52:15:
[37m      52 │   templateUrl: [32m'./global-search-page.component.html'[37m,
         ╵                [32m~~~~~~~~~~~~~~~~~~~~~~~~~~~~~~~~~~~~~[0m


[33m▲ [43;33m[[43;30mWARNING[43;33m][0m [1mNG8113: CurrencyUtilsPipe is not used within the template of GlobalSearchPageComponent[0m [1m[35m[plugin angular-compiler][0m

    projects/platform/src/app/dashboard/search/global-search-page.component.ts:50:4:
[37m      50 │     [32mCurrencyUtilsPipe[37m,
         ╵     [32m~~~~~~~~~~~~~~~~~[0m


[33m▲ [43;33m[[43;30mWARNING[43;33m][0m [1mDeprecation[0m [1m[35m[plugin angular-sass][0m

    projects/platform/src/app/dashboard/sidenav/sidenav.component.scss:1:8:
[37m      1 │ @import [32m[37m'../../../styles/variables';
        ╵         [32m^[0m


  Sass @import rules are deprecated and will be removed in Dart Sass 3.0.0.
  
  More info and automated migrator: [4mhttps://sass-lang.com/d/import[0m


[33m▲ [43;33m[[43;30mWARNING[43;33m][0m [1mDeprecation[0m [1m[35m[plugin angular-sass][0m

    projects/platform/src/app/dashboard/sidenav/sidenav.component.scss:2:8:
[37m      2 │ @import [32m[37m'../../../styles/mixins';
        ╵         [32m^[0m


  Sass @import rules are deprecated and will be removed in Dart Sass 3.0.0.
  
  More info and automated migrator: [4mhttps://sass-lang.com/d/import[0m


[33m▲ [43;33m[[43;30mWARNING[43;33m][0m [1mNG8113: QuickStatsComponent is not used within the template of GetStartedComponent[0m [1m[35m[plugin angular-compiler][0m

    projects/platform/src/app/get-started/onboarding/get-started.component.ts:44:4:
[37m      44 │     [32mQuickStatsComponent[37m,
         ╵     [32m~~~~~~~~~~~~~~~~~~~[0m


[33m▲ [43;33m[[43;30mWARNING[43;33m][0m [1mNG8107: The left side of this optional chain operation does not include 'null' or 'undefined' in its type, therefore the '?.' operator can be replaced with the '.' operator.[0m [1m[35m[plugin angular-compiler][0m

    projects/platform/src/app/promoter/promotion/ad-template-builder/ad-template-builder.component.html:47:39:
[37m      47 │                         {{ p.campaign?.[32mtitle[37m || 'Promotion' }}
         ╵                                        [32m~~~~~[0m

  Warning occurs in the template of component AdTemplateBuilderComponent.

    projects/platform/src/app/promoter/promotion/ad-template-builder/ad-template-builder.component.ts:73:15:
[37m      73 │   templateUrl: [32m'./ad-template-builder.component.html'[37m,
         ╵                [32m~~~~~~~~~~~~~~~~~~~~~~~~~~~~~~~~~~~~~~[0m


[33m▲ [43;33m[[43;30mWARNING[43;33m][0m [1mNG8107: The left side of this optional chain operation does not include 'null' or 'undefined' in its type, therefore the '?.' operator can be replaced with the '.' operator.[0m [1m[35m[plugin angular-compiler][0m

    projects/platform/src/app/promoter/promotion/ad-template-builder/ad-template-builder.component.html:173:48:
[37m      173 │                 @if (platformGuidelines().tips?.[32mlength[37m) {
          ╵                                                 [32m~~~~~~[0m

  Warning occurs in the template of component AdTemplateBuilderComponent.

    projects/platform/src/app/promoter/promotion/ad-template-builder/ad-template-builder.component.ts:73:15:
[37m      73 │   templateUrl: [32m'./ad-template-builder.component.html'[37m,
         ╵                [32m~~~~~~~~~~~~~~~~~~~~~~~~~~~~~~~~~~~~~~[0m


[33m▲ [43;33m[[43;30mWARNING[43;33m][0m [1mNG8107: The left side of this optional chain operation does not include 'null' or 'undefined' in its type, therefore the '?.' operator can be safely removed.[0m [1m[35m[plugin angular-compiler][0m

    projects/platform/src/app/promoter/promotion/compliance/promotion-compliance.component.html:258:35:
[37m      258 │ ...             <strong>{{ [32mc.reasons?.[0][37m?.label || c.promotion?....
          ╵                            [32m~~~~~~~~~~~~~~[0m

  Warning occurs in the template of component PromotionComplianceComponent.

    projects/platform/src/app/promoter/promotion/compliance/promotion-compliance.component.ts:64:15:
[37m      64 │   templateUrl: [32m'./promotion-compliance.component.html'[37m,
         ╵                [32m~~~~~~~~~~~~~~~~~~~~~~~~~~~~~~~~~~~~~~~[0m


[33m▲ [43;33m[[43;30mWARNING[43;33m][0m [1mNG8107: The left side of this optional chain operation does not include 'null' or 'undefined' in its type, therefore the '?.' operator can be replaced with the '.' operator.[0m [1m[35m[plugin angular-compiler][0m

    projects/platform/src/app/promoter/promotion/compliance/promotion-compliance.component.html:259:41:
[37m      259 │                         @if ((c.reasons?.[32mlength[37m || 0) > 1) {
          ╵                                          [32m~~~~~~[0m

  Warning occurs in the template of component PromotionComplianceComponent.

    projects/platform/src/app/promoter/promotion/compliance/promotion-compliance.component.ts:64:15:
[37m      64 │   templateUrl: [32m'./promotion-compliance.component.html'[37m,
         ╵                [32m~~~~~~~~~~~~~~~~~~~~~~~~~~~~~~~~~~~~~~~[0m


[33m▲ [43;33m[[43;30mWARNING[43;33m][0m [1mNG8107: The left side of this optional chain operation does not include 'null' or 'undefined' in its type, therefore the '?.' operator can be replaced with the '.' operator.[0m [1m[35m[plugin angular-compiler][0m

    projects/platform/src/app/promoter/promotion/compliance/promotion-compliance.component.html:289:36:
[37m      289 │                     @if (c.reasons?.[32mlength[37m) {
          ╵                                     [32m~~~~~~[0m

  Warning occurs in the template of component PromotionComplianceComponent.

    projects/platform/src/app/promoter/promotion/compliance/promotion-compliance.component.ts:64:15:
[37m      64 │   templateUrl: [32m'./promotion-compliance.component.html'[37m,
         ╵                [32m~~~~~~~~~~~~~~~~~~~~~~~~~~~~~~~~~~~~~~~[0m


[33m▲ [43;33m[[43;30mWARNING[43;33m][0m [1mNG8113: TestimonialsComponent is not used within the template of FeaturesComponent[0m [1m[35m[plugin angular-compiler][0m

    projects/platform/src/app/resources/features/features.component.ts:63:4:
[37m      63 │     [32mTestimonialsComponent[37m
         ╵     [32m~~~~~~~~~~~~~~~~~~~~~[0m


[33m▲ [43;33m[[43;30mWARNING[43;33m][0m [1mNG8011: Node matches the "mat-error, [matError]" slot of the "MatFormField" component, but will not be projected into the specific slot because the surrounding @if has more than one node at its root. To project the node in the right slot, you can:

1. Wrap the content of the @if block in an <ng-container/> that matches the "mat-error, [matError]" selector.
2. Split the content of the @if block across multiple @if blocks such that each one only has a single projectable node at its root.
3. Remove all content from the @if block, except for the node being projected.

This check can be disabled using the `extendedDiagnostics.checks.controlFlowPreventingContentProjection = "suppress" compiler option.`[0m [1m[35m[plugin angular-compiler][0m

    projects/platform/src/app/settings/account/professional/professional.component.html:151:14:
[37m      151 │               [32m<mat-error>[37m
          ╵               [32m~~~~~~~~~~~[0m

  Warning occurs in the template of component ProfessionalInfoComponent.

    projects/platform/src/app/settings/account/professional/professional.component.ts:55:15:
[37m      55 │   templateUrl: [32m'./professional.component.html'[37m,
         ╵                [32m~~~~~~~~~~~~~~~~~~~~~~~~~~~~~~~[0m


[33m▲ [43;33m[[43;30mWARNING[43;33m][0m [1mNG8011: Node matches the "mat-error, [matError]" slot of the "MatFormField" component, but will not be projected into the specific slot because the surrounding @if has more than one node at its root. To project the node in the right slot, you can:

1. Wrap the content of the @if block in an <ng-container/> that matches the "mat-error, [matError]" selector.
2. Split the content of the @if block across multiple @if blocks such that each one only has a single projectable node at its root.
3. Remove all content from the @if block, except for the node being projected.

This check can be disabled using the `extendedDiagnostics.checks.controlFlowPreventingContentProjection = "suppress" compiler option.`[0m [1m[35m[plugin angular-compiler][0m

    projects/platform/src/app/settings/account/professional/professional.component.html:187:14:
[37m      187 │               [32m<mat-error>[37m
          ╵               [32m~~~~~~~~~~~[0m

  Warning occurs in the template of component ProfessionalInfoComponent.

    projects/platform/src/app/settings/account/professional/professional.component.ts:55:15:
[37m      55 │   templateUrl: [32m'./professional.component.html'[37m,
         ╵                [32m~~~~~~~~~~~~~~~~~~~~~~~~~~~~~~~[0m


[33m▲ [43;33m[[43;30mWARNING[43;33m][0m [1mNG8113: ProductManagementComponent is not used within the template of MarketerStoreDashboardComponent[0m [1m[35m[plugin angular-compiler][0m

    projects/platform/src/app/store/marketer/dashboard/store-dashboard/store-dashboard.component.ts:71:4:
[37m      71 │     [32mProductManagementComponent[37m,
         ╵     [32m~~~~~~~~~~~~~~~~~~~~~~~~~~[0m


[33m▲ [43;33m[[43;30mWARNING[43;33m][0m [1mNG8113: StoreAnalyticsComponent is not used within the template of MarketerStoreDashboardComponent[0m [1m[35m[plugin angular-compiler][0m

    projects/platform/src/app/store/marketer/dashboard/store-dashboard/store-dashboard.component.ts:72:4:
[37m      72 │     [32mStoreAnalyticsComponent[37m,
         ╵     [32m~~~~~~~~~~~~~~~~~~~~~~~[0m


[33m▲ [43;33m[[43;30mWARNING[43;33m][0m [1mNG8113: StorePromotionsComponent is not used within the template of MarketerStoreDashboardComponent[0m [1m[35m[plugin angular-compiler][0m

    projects/platform/src/app/store/marketer/dashboard/store-dashboard/store-dashboard.component.ts:73:4:
[37m      73 │     [32mStorePromotionsComponent[37m,
         ╵     [32m~~~~~~~~~~~~~~~~~~~~~~~~[0m


[33m▲ [43;33m[[43;30mWARNING[43;33m][0m [1mNG8113: RealTimeStatsComponent is not used within the template of MarketerStoreDashboardComponent[0m [1m[35m[plugin angular-compiler][0m

    projects/platform/src/app/store/marketer/dashboard/store-dashboard/store-dashboard.component.ts:74:4:
[37m      74 │     [32mRealTimeStatsComponent[37m,
         ╵     [32m~~~~~~~~~~~~~~~~~~~~~~[0m


[33m▲ [43;33m[[43;30mWARNING[43;33m][0m [1mNG8113: StoreAnalyticsComponent is not used within the template of MarketerStoreDashboardComponent[0m [1m[35m[plugin angular-compiler][0m

    projects/platform/src/app/store/marketer/dashboard/store-dashboard/store-dashboard.component.ts:81:4:
[37m      81 │     [32mStoreAnalyticsComponent[37m
         ╵     [32m~~~~~~~~~~~~~~~~~~~~~~~[0m


[33m▲ [43;33m[[43;30mWARNING[43;33m][0m [1mNG8011: Node matches the ".material-icons:not([iconPositionEnd]), mat-icon:not([iconPositionEnd]), [matButtonIcon]:not([iconPositionEnd])" slot of the "MatButton" component, but will not be projected into the specific slot because the surrounding @else has more than one node at its root. To project the node in the right slot, you can:

1. Wrap the content of the @else block in an <ng-container/> that matches the ".material-icons:not([iconPositionEnd]), mat-icon:not([iconPositionEnd]), [matButtonIcon]:not([iconPositionEnd])" selector.
2. Split the content of the @else block across multiple @else blocks such that each one only has a single projectable node at its root.
3. Remove all content from the @else block, except for the node being projected.

This check can be disabled using the `extendedDiagnostics.checks.controlFlowPreventingContentProjection = "suppress" compiler option.`[0m [1m[35m[plugin angular-compiler][0m

    projects/platform/src/app/store/marketer/products/add-products/components/product-stepper/product-stepper.component.html:71:8:
[37m      71 │         [32m<mat-icon class="button-icon">[37msave</mat-icon>
         ╵         [32m~~~~~~~~~~~~~~~~~~~~~~~~~~~~~~[0m

  Warning occurs in the template of component ProductStepperComponent.

    projects/platform/src/app/store/marketer/products/add-products/components/product-stepper/product-stepper.component.ts:21:15:
[37m      21 │   templateUrl: [32m'./product-stepper.component.html'[37m,
         ╵                [32m~~~~~~~~~~~~~~~~~~~~~~~~~~~~~~~~~~[0m


[33m▲ [43;33m[[43;30mWARNING[43;33m][0m [1mNG8107: The left side of this optional chain operation does not include 'null' or 'undefined' in its type, therefore the '?.' operator can be replaced with the '.' operator.[0m [1m[35m[plugin angular-compiler][0m

    projects/platform/src/app/store/marketer/products/product-detail/marketer-product-detail.component.html:211:63:
[37m      211 │ ...          } @else if (product.images && product.images[0]?.[32murl[37m) {
          ╵                                                               [32m~~~[0m

  Warning occurs in the template of component MarketerProductDetailComponent.

    projects/platform/src/app/store/marketer/products/product-detail/marketer-product-detail.component.ts:61:15:
[37m      61 │   templateUrl: [32m'./marketer-product-detail.component.html'[37m,
         ╵                [32m~~~~~~~~~~~~~~~~~~~~~~~~~~~~~~~~~~~~~~~~~~[0m


[33m▲ [43;33m[[43;30mWARNING[43;33m][0m [1mNG8107: The left side of this optional chain operation does not include 'null' or 'undefined' in its type, therefore the '?.' operator can be replaced with the '.' operator.[0m [1m[35m[plugin angular-compiler][0m

    projects/platform/src/app/store/promoter/product-detail/components/related-products/related-products.component.html:29:54:
[37m      29 │             @if (product.images && product.images[0]?.[32murl[37m) {
         ╵                                                       [32m~~~[0m

  Warning occurs in the template of component RelatedProductsComponent.

    projects/platform/src/app/store/promoter/product-detail/components/related-products/related-products.component.ts:31:15:
[37m      31 │   templateUrl: [32m'./related-products.component.html'[37m,
         ╵                [32m~~~~~~~~~~~~~~~~~~~~~~~~~~~~~~~~~~~[0m


[33m▲ [43;33m[[43;30mWARNING[43;33m][0m [1mNG8113: CurrencyUtilsPipe is not used within the template of PromoterProductDetailsComponent[0m [1m[35m[plugin angular-compiler][0m

    projects/platform/src/app/store/promoter/product-detail/promoter-product-details.component.ts:64:4:
[37m      64 │     [32mCurrencyUtilsPipe[37m,
         ╵     [32m~~~~~~~~~~~~~~~~~[0m


[33m▲ [43;33m[[43;30mWARNING[43;33m][0m [1mNG8113: ProductLoaderComponent is not used within the template of PromoterProductDetailsComponent[0m [1m[35m[plugin angular-compiler][0m

    projects/platform/src/app/store/promoter/product-detail/promoter-product-details.component.ts:74:4:
[37m      74 │     [32mProductLoaderComponent[37m,
         ╵     [32m~~~~~~~~~~~~~~~~~~~~~~[0m


[33m▲ [43;33m[[43;30mWARNING[43;33m][0m [1mNG8107: The left side of this optional chain operation does not include 'null' or 'undefined' in its type, therefore the '?.' operator can be replaced with the '.' operator.[0m [1m[35m[plugin angular-compiler][0m

    projects/platform/src/app/store/promoter/products-list/components/products-content-view/products-content-view.component.html:93:54:
[37m      93 │             @if (product.images && product.images[0]?.[32murl[37m) {
         ╵                                                       [32m~~~[0m

  Warning occurs in the template of component ProductsContentViewComponent.

    projects/platform/src/app/store/promoter/products-list/components/products-content-view/products-content-view.component.ts:43:15:
[37m      43 │   templateUrl: [32m'./products-content-view.component.html'[37m,
         ╵                [32m~~~~~~~~~~~~~~~~~~~~~~~~~~~~~~~~~~~~~~~~[0m


[33m▲ [43;33m[[43;30mWARNING[43;33m][0m [1mNG8107: The left side of this optional chain operation does not include 'null' or 'undefined' in its type, therefore the '?.' operator can be safely removed.[0m [1m[35m[plugin angular-compiler][0m

    projects/platform/src/app/store/promoter/store-products-list/store-products-list.component.html:210:21:
[37m      210 │                 @if ([32mproduct.images?.[0][37m?.url) {
          ╵                      [32m~~~~~~~~~~~~~~~~~~~[0m

  Warning occurs in the template of component StoreProductsListComponent.

    projects/platform/src/app/store/promoter/store-products-list/store-products-list.component.ts:83:15:
[37m      83 │   templateUrl: [32m'./store-products-list.component.html'[37m,
         ╵                [32m~~~~~~~~~~~~~~~~~~~~~~~~~~~~~~~~~~~~~~[0m


[33m▲ [43;33m[[43;30mWARNING[43;33m][0m [1mNG8107: The left side of this optional chain operation does not include 'null' or 'undefined' in its type, therefore the '?.' operator can be replaced with the '.' operator.[0m [1m[35m[plugin angular-compiler][0m

    projects/platform/src/app/storefront/cart/storefront-cart.component.html:47:73:
[37m      47 │ ...s.active]="selectedGroup()?.[32mstoreId[37m === group.storeId" appearan...
         ╵                                [32m~~~~~~~[0m

  Warning occurs in the template of component StorefrontCartComponent.

    projects/platform/src/app/storefront/cart/storefront-cart.component.ts:40:15:
[37m      40 │   templateUrl: [32m'./storefront-cart.component.html'[37m,
         ╵                [32m~~~~~~~~~~~~~~~~~~~~~~~~~~~~~~~~~~[0m


[33m▲ [43;33m[[43;30mWARNING[43;33m][0m [1mNG8113: LazyImageDirective is not used within the template of ProductGalleryComponent[0m [1m[35m[plugin angular-compiler][0m

    projects/platform/src/app/storefront/product-details/main/components/product-gallery/product-gallery.component.ts:15:58:
[37m      15 │ ...CommonModule, MatIconModule, MatButtonModule, [32mLazyImageDirective[37m],
         ╵                                                  [32m~~~~~~~~~~~~~~~~~~[0m

[39m[22m
[1m[33m[33m▲ [43;33m[[43;30mWARNING[43;33m][0m [1mDeprecation[0m [1m[35m[plugin angular-sass][0m

    projects/platform/src/styles.scss:1:8:
[37m      1 │ @import [32m[37m'@angular/material';
        ╵         [32m^[0m


  Sass @import rules are deprecated and will be removed in Dart Sass 3.0.0.
  
  More info and automated migrator: [4mhttps://sass-lang.com/d/import[0m

  The plugin "angular-sass" was triggered by this import

    angular:styles/global:styles:1:8:
[37m      1 │ @import [32m'projects/platform/src/styles.scss'[37m;
        ╵         [32m~~~~~~~~~~~~~~~~~~~~~~~~~~~~~~~~~~~[0m


[33m▲ [43;33m[[43;30mWARNING[43;33m][0m [1mDeprecation[0m [1m[35m[plugin angular-sass][0m

    projects/platform/src/styles.scss:2:8:
[37m      2 │ @import [32m[37m'./styles/variables';
        ╵         [32m^[0m


  Sass @import rules are deprecated and will be removed in Dart Sass 3.0.0.
  
  More info and automated migrator: [4mhttps://sass-lang.com/d/import[0m

  The plugin "angular-sass" was triggered by this import

    angular:styles/global:styles:1:8:
[37m      1 │ @import [32m'projects/platform/src/styles.scss'[37m;
        ╵         [32m~~~~~~~~~~~~~~~~~~~~~~~~~~~~~~~~~~~[0m


[33m▲ [43;33m[[43;30mWARNING[43;33m][0m [1mNG8107: The left side of this optional chain operation does not include 'null' or 'undefined' in its type, therefore the '?.' operator can be replaced with the '.' operator.[0m [1m[35m[plugin angular-compiler][0m

    projects/platform/src/app/admin/ppc-analytics/ppc-analytics.component.ts:411:38:
[37m      411 │           @for (ip of (data.patterns?.[32mips[37m || []); track ip.ip) {
          ╵                                       [32m~~~[0m


[33m▲ [43;33m[[43;30mWARNING[43;33m][0m [1mNG8107: The left side of this optional chain operation does not include 'null' or 'undefined' in its type, therefore the '?.' operator can be replaced with the '.' operator.[0m [1m[35m[plugin angular-compiler][0m

    projects/platform/src/app/admin/ppc-analytics/ppc-analytics.component.ts:417:32:
[37m      417 │           @if (!(data.patterns?.[32mips[37m || []).length) {
          ╵                                 [32m~~~[0m


[33m▲ [43;33m[[43;30mWARNING[43;33m][0m [1mNG8107: The left side of this optional chain operation does not include 'null' or 'undefined' in its type, therefore the '?.' operator can be replaced with the '.' operator.[0m [1m[35m[plugin angular-compiler][0m

    projects/platform/src/app/admin/ppc-analytics/ppc-analytics.component.ts:426:37:
[37m      426 │ ... @for (d of (data.patterns?.[32mdevices[37m || []); track d.deviceType) {
          ╵                                [32m~~~~~~~[0m


[33m▲ [43;33m[[43;30mWARNING[43;33m][0m [1mNG8107: The left side of this optional chain operation does not include 'null' or 'undefined' in its type, therefore the '?.' operator can be replaced with the '.' operator.[0m [1m[35m[plugin angular-compiler][0m

    projects/platform/src/app/admin/ppc-analytics/ppc-analytics.component.ts:429:32:
[37m      429 │           @if (!(data.patterns?.[32mdevices[37m || []).length) {
          ╵                                 [32m~~~~~~~[0m


[33m▲ [43;33m[[43;30mWARNING[43;33m][0m [1mNG8107: The left side of this optional chain operation does not include 'null' or 'undefined' in its type, therefore the '?.' operator can be replaced with the '.' operator.[0m [1m[35m[plugin angular-compiler][0m

    projects/platform/src/app/admin/ppc-analytics/ppc-analytics.component.ts:438:37:
[37m      438 │ ...  @for (c of (data.patterns?.[32mcountries[37m || []); track c.country) {
          ╵                                 [32m~~~~~~~~~[0m


[33m▲ [43;33m[[43;30mWARNING[43;33m][0m [1mNG8107: The left side of this optional chain operation does not include 'null' or 'undefined' in its type, therefore the '?.' operator can be replaced with the '.' operator.[0m [1m[35m[plugin angular-compiler][0m

    projects/platform/src/app/admin/ppc-analytics/ppc-analytics.component.ts:441:32:
[37m      441 │           @if (!(data.patterns?.[32mcountries[37m || []).length) {
          ╵                                 [32m~~~~~~~~~[0m


[33m▲ [43;33m[[43;30mWARNING[43;33m][0m [1mNG8107: The left side of this optional chain operation does not include 'null' or 'undefined' in its type, therefore the '?.' operator can be replaced with the '.' operator.[0m [1m[35m[plugin angular-compiler][0m

    projects/platform/src/app/community/feeds/feed-page.component.html:106:39:
[37m      106 │                 @if (thread.topicTags?.[32mlength[37m) {
          ╵                                        [32m~~~~~~[0m

  Warning occurs in the template of component DesktopFeedPageComponent.

    projects/platform/src/app/community/feeds/feed-page.component.ts:62:15:
[37m      62 │   templateUrl: [32m'./feed-page.component.html'[37m,
         ╵                [32m~~~~~~~~~~~~~~~~~~~~~~~~~~~~[0m


[33m▲ [43;33m[[43;30mWARNING[43;33m][0m [1mNG8107: The left side of this optional chain operation does not include 'null' or 'undefined' in its type, therefore the '?.' operator can be replaced with the '.' operator.[0m [1m[35m[plugin angular-compiler][0m

    projects/platform/src/app/dashboard/search/global-search-bar.component.html:79:36:
[37m      79 │                 @if (result.region?.[32mlabel[37m) {
         ╵                                     [32m~~~~~[0m

  Warning occurs in the template of component GlobalSearchBarComponent.

    projects/platform/src/app/dashboard/search/global-search-bar.component.ts:32:15:
[37m      32 │   templateUrl: [32m'./global-search-bar.component.html'[37m,
         ╵                [32m~~~~~~~~~~~~~~~~~~~~~~~~~~~~~~~~~~~~[0m


[33m▲ [43;33m[[43;30mWARNING[43;33m][0m [1mNG8107: The left side of this optional chain operation does not include 'null' or 'undefined' in its type, therefore the '?.' operator can be replaced with the '.' operator.[0m [1m[35m[plugin angular-compiler][0m

    projects/platform/src/app/dashboard/search/global-search-page.component.html:230:34:
[37m      230 │               @if (result.region?.[32mlabel[37m) {
          ╵                                   [32m~~~~~[0m

  Warning occurs in the template of component GlobalSearchPageComponent.

    projects/platform/src/app/dashboard/search/global-search-page.component.ts:52:15:
[37m      52 │   templateUrl: [32m'./global-search-page.component.html'[37m,
         ╵                [32m~~~~~~~~~~~~~~~~~~~~~~~~~~~~~~~~~~~~~[0m


[33m▲ [43;33m[[43;30mWARNING[43;33m][0m [1mNG8113: CurrencyUtilsPipe is not used within the template of GlobalSearchPageComponent[0m [1m[35m[plugin angular-compiler][0m

    projects/platform/src/app/dashboard/search/global-search-page.component.ts:50:4:
[37m      50 │     [32mCurrencyUtilsPipe[37m,
         ╵     [32m~~~~~~~~~~~~~~~~~[0m


[33m▲ [43;33m[[43;30mWARNING[43;33m][0m [1mNG8113: QuickStatsComponent is not used within the template of GetStartedComponent[0m [1m[35m[plugin angular-compiler][0m

    projects/platform/src/app/get-started/onboarding/get-started.component.ts:44:4:
[37m      44 │     [32mQuickStatsComponent[37m,
         ╵     [32m~~~~~~~~~~~~~~~~~~~[0m


[33m▲ [43;33m[[43;30mWARNING[43;33m][0m [1mNG8107: The left side of this optional chain operation does not include 'null' or 'undefined' in its type, therefore the '?.' operator can be replaced with the '.' operator.[0m [1m[35m[plugin angular-compiler][0m

    projects/platform/src/app/promoter/promotion/ad-template-builder/ad-template-builder.component.html:47:39:
[37m      47 │                         {{ p.campaign?.[32mtitle[37m || 'Promotion' }}
         ╵                                        [32m~~~~~[0m

  Warning occurs in the template of component AdTemplateBuilderComponent.

    projects/platform/src/app/promoter/promotion/ad-template-builder/ad-template-builder.component.ts:73:15:
[37m      73 │   templateUrl: [32m'./ad-template-builder.component.html'[37m,
         ╵                [32m~~~~~~~~~~~~~~~~~~~~~~~~~~~~~~~~~~~~~~[0m


[33m▲ [43;33m[[43;30mWARNING[43;33m][0m [1mNG8107: The left side of this optional chain operation does not include 'null' or 'undefined' in its type, therefore the '?.' operator can be replaced with the '.' operator.[0m [1m[35m[plugin angular-compiler][0m

    projects/platform/src/app/promoter/promotion/ad-template-builder/ad-template-builder.component.html:173:48:
[37m      173 │                 @if (platformGuidelines().tips?.[32mlength[37m) {
          ╵                                                 [32m~~~~~~[0m

  Warning occurs in the template of component AdTemplateBuilderComponent.

    projects/platform/src/app/promoter/promotion/ad-template-builder/ad-template-builder.component.ts:73:15:
[37m      73 │   templateUrl: [32m'./ad-template-builder.component.html'[37m,
         ╵                [32m~~~~~~~~~~~~~~~~~~~~~~~~~~~~~~~~~~~~~~[0m


[33m▲ [43;33m[[43;30mWARNING[43;33m][0m [1mNG8107: The left side of this optional chain operation does not include 'null' or 'undefined' in its type, therefore the '?.' operator can be safely removed.[0m [1m[35m[plugin angular-compiler][0m

    projects/platform/src/app/promoter/promotion/compliance/promotion-compliance.component.html:258:35:
[37m      258 │ ...             <strong>{{ [32mc.reasons?.[0][37m?.label || c.promotion?....
          ╵                            [32m~~~~~~~~~~~~~~[0m

  Warning occurs in the template of component PromotionComplianceComponent.

    projects/platform/src/app/promoter/promotion/compliance/promotion-compliance.component.ts:64:15:
[37m      64 │   templateUrl: [32m'./promotion-compliance.component.html'[37m,
         ╵                [32m~~~~~~~~~~~~~~~~~~~~~~~~~~~~~~~~~~~~~~~[0m


[33m▲ [43;33m[[43;30mWARNING[43;33m][0m [1mNG8107: The left side of this optional chain operation does not include 'null' or 'undefined' in its type, therefore the '?.' operator can be replaced with the '.' operator.[0m [1m[35m[plugin angular-compiler][0m

    projects/platform/src/app/promoter/promotion/compliance/promotion-compliance.component.html:259:41:
[37m      259 │                         @if ((c.reasons?.[32mlength[37m || 0) > 1) {
          ╵                                          [32m~~~~~~[0m

  Warning occurs in the template of component PromotionComplianceComponent.

    projects/platform/src/app/promoter/promotion/compliance/promotion-compliance.component.ts:64:15:
[37m      64 │   templateUrl: [32m'./promotion-compliance.component.html'[37m,
         ╵                [32m~~~~~~~~~~~~~~~~~~~~~~~~~~~~~~~~~~~~~~~[0m


[33m▲ [43;33m[[43;30mWARNING[43;33m][0m [1mNG8107: The left side of this optional chain operation does not include 'null' or 'undefined' in its type, therefore the '?.' operator can be replaced with the '.' operator.[0m [1m[35m[plugin angular-compiler][0m

    projects/platform/src/app/promoter/promotion/compliance/promotion-compliance.component.html:289:36:
[37m      289 │                     @if (c.reasons?.[32mlength[37m) {
          ╵                                     [32m~~~~~~[0m

  Warning occurs in the template of component PromotionComplianceComponent.

    projects/platform/src/app/promoter/promotion/compliance/promotion-compliance.component.ts:64:15:
[37m      64 │   templateUrl: [32m'./promotion-compliance.component.html'[37m,
         ╵                [32m~~~~~~~~~~~~~~~~~~~~~~~~~~~~~~~~~~~~~~~[0m


[33m▲ [43;33m[[43;30mWARNING[43;33m][0m [1mNG8113: TestimonialsComponent is not used within the template of FeaturesComponent[0m [1m[35m[plugin angular-compiler][0m

    projects/platform/src/app/resources/features/features.component.ts:63:4:
[37m      63 │     [32mTestimonialsComponent[37m
         ╵     [32m~~~~~~~~~~~~~~~~~~~~~[0m


[33m▲ [43;33m[[43;30mWARNING[43;33m][0m [1mNG8011: Node matches the "mat-error, [matError]" slot of the "MatFormField" component, but will not be projected into the specific slot because the surrounding @if has more than one node at its root. To project the node in the right slot, you can:

1. Wrap the content of the @if block in an <ng-container/> that matches the "mat-error, [matError]" selector.
2. Split the content of the @if block across multiple @if blocks such that each one only has a single projectable node at its root.
3. Remove all content from the @if block, except for the node being projected.

This check can be disabled using the `extendedDiagnostics.checks.controlFlowPreventingContentProjection = "suppress" compiler option.`[0m [1m[35m[plugin angular-compiler][0m

    projects/platform/src/app/settings/account/professional/professional.component.html:151:14:
[37m      151 │               [32m<mat-error>[37m
          ╵               [32m~~~~~~~~~~~[0m

  Warning occurs in the template of component ProfessionalInfoComponent.

    projects/platform/src/app/settings/account/professional/professional.component.ts:55:15:
[37m      55 │   templateUrl: [32m'./professional.component.html'[37m,
         ╵                [32m~~~~~~~~~~~~~~~~~~~~~~~~~~~~~~~[0m


[33m▲ [43;33m[[43;30mWARNING[43;33m][0m [1mNG8011: Node matches the "mat-error, [matError]" slot of the "MatFormField" component, but will not be projected into the specific slot because the surrounding @if has more than one node at its root. To project the node in the right slot, you can:

1. Wrap the content of the @if block in an <ng-container/> that matches the "mat-error, [matError]" selector.
2. Split the content of the @if block across multiple @if blocks such that each one only has a single projectable node at its root.
3. Remove all content from the @if block, except for the node being projected.

This check can be disabled using the `extendedDiagnostics.checks.controlFlowPreventingContentProjection = "suppress" compiler option.`[0m [1m[35m[plugin angular-compiler][0m

    projects/platform/src/app/settings/account/professional/professional.component.html:187:14:
[37m      187 │               [32m<mat-error>[37m
          ╵               [32m~~~~~~~~~~~[0m

  Warning occurs in the template of component ProfessionalInfoComponent.

    projects/platform/src/app/settings/account/professional/professional.component.ts:55:15:
[37m      55 │   templateUrl: [32m'./professional.component.html'[37m,
         ╵                [32m~~~~~~~~~~~~~~~~~~~~~~~~~~~~~~~[0m


[33m▲ [43;33m[[43;30mWARNING[43;33m][0m [1mNG8113: ProductManagementComponent is not used within the template of MarketerStoreDashboardComponent[0m [1m[35m[plugin angular-compiler][0m

    projects/platform/src/app/store/marketer/dashboard/store-dashboard/store-dashboard.component.ts:71:4:
[37m      71 │     [32mProductManagementComponent[37m,
         ╵     [32m~~~~~~~~~~~~~~~~~~~~~~~~~~[0m


[33m▲ [43;33m[[43;30mWARNING[43;33m][0m [1mNG8113: StoreAnalyticsComponent is not used within the template of MarketerStoreDashboardComponent[0m [1m[35m[plugin angular-compiler][0m

    projects/platform/src/app/store/marketer/dashboard/store-dashboard/store-dashboard.component.ts:72:4:
[37m      72 │     [32mStoreAnalyticsComponent[37m,
         ╵     [32m~~~~~~~~~~~~~~~~~~~~~~~[0m


[33m▲ [43;33m[[43;30mWARNING[43;33m][0m [1mNG8113: StorePromotionsComponent is not used within the template of MarketerStoreDashboardComponent[0m [1m[35m[plugin angular-compiler][0m

    projects/platform/src/app/store/marketer/dashboard/store-dashboard/store-dashboard.component.ts:73:4:
[37m      73 │     [32mStorePromotionsComponent[37m,
         ╵     [32m~~~~~~~~~~~~~~~~~~~~~~~~[0m


[33m▲ [43;33m[[43;30mWARNING[43;33m][0m [1mNG8113: RealTimeStatsComponent is not used within the template of MarketerStoreDashboardComponent[0m [1m[35m[plugin angular-compiler][0m

    projects/platform/src/app/store/marketer/dashboard/store-dashboard/store-dashboard.component.ts:74:4:
[37m      74 │     [32mRealTimeStatsComponent[37m,
         ╵     [32m~~~~~~~~~~~~~~~~~~~~~~[0m


[33m▲ [43;33m[[43;30mWARNING[43;33m][0m [1mNG8113: StoreAnalyticsComponent is not used within the template of MarketerStoreDashboardComponent[0m [1m[35m[plugin angular-compiler][0m

    projects/platform/src/app/store/marketer/dashboard/store-dashboard/store-dashboard.component.ts:81:4:
[37m      81 │     [32mStoreAnalyticsComponent[37m
         ╵     [32m~~~~~~~~~~~~~~~~~~~~~~~[0m


[33m▲ [43;33m[[43;30mWARNING[43;33m][0m [1mNG8011: Node matches the ".material-icons:not([iconPositionEnd]), mat-icon:not([iconPositionEnd]), [matButtonIcon]:not([iconPositionEnd])" slot of the "MatButton" component, but will not be projected into the specific slot because the surrounding @else has more than one node at its root. To project the node in the right slot, you can:

1. Wrap the content of the @else block in an <ng-container/> that matches the ".material-icons:not([iconPositionEnd]), mat-icon:not([iconPositionEnd]), [matButtonIcon]:not([iconPositionEnd])" selector.
2. Split the content of the @else block across multiple @else blocks such that each one only has a single projectable node at its root.
3. Remove all content from the @else block, except for the node being projected.

This check can be disabled using the `extendedDiagnostics.checks.controlFlowPreventingContentProjection = "suppress" compiler option.`[0m [1m[35m[plugin angular-compiler][0m

    projects/platform/src/app/store/marketer/products/add-products/components/product-stepper/product-stepper.component.html:71:8:
[37m      71 │         [32m<mat-icon class="button-icon">[37msave</mat-icon>
         ╵         [32m~~~~~~~~~~~~~~~~~~~~~~~~~~~~~~[0m

  Warning occurs in the template of component ProductStepperComponent.

    projects/platform/src/app/store/marketer/products/add-products/components/product-stepper/product-stepper.component.ts:21:15:
[37m      21 │   templateUrl: [32m'./product-stepper.component.html'[37m,
         ╵                [32m~~~~~~~~~~~~~~~~~~~~~~~~~~~~~~~~~~[0m


[33m▲ [43;33m[[43;30mWARNING[43;33m][0m [1mNG8107: The left side of this optional chain operation does not include 'null' or 'undefined' in its type, therefore the '?.' operator can be replaced with the '.' operator.[0m [1m[35m[plugin angular-compiler][0m

    projects/platform/src/app/store/marketer/products/product-detail/marketer-product-detail.component.html:211:63:
[37m      211 │ ...          } @else if (product.images && product.images[0]?.[32murl[37m) {
          ╵                                                               [32m~~~[0m

  Warning occurs in the template of component MarketerProductDetailComponent.

    projects/platform/src/app/store/marketer/products/product-detail/marketer-product-detail.component.ts:61:15:
[37m      61 │   templateUrl: [32m'./marketer-product-detail.component.html'[37m,
         ╵                [32m~~~~~~~~~~~~~~~~~~~~~~~~~~~~~~~~~~~~~~~~~~[0m


[33m▲ [43;33m[[43;30mWARNING[43;33m][0m [1mDeprecation[0m [1m[35m[plugin angular-sass][0m

    projects/platform/src/app/store/marketer/subscribers/store-subscribers.component.scss:1:8:
[37m      1 │ @import [32m[37m'../../../../styles/variables';
        ╵         [32m^[0m


  Sass @import rules are deprecated and will be removed in Dart Sass 3.0.0.
  
  More info and automated migrator: [4mhttps://sass-lang.com/d/import[0m


[33m▲ [43;33m[[43;30mWARNING[43;33m][0m [1mDeprecation[0m [1m[35m[plugin angular-sass][0m

    projects/platform/src/app/store/marketer/subscribers/store-subscribers.component.scss:2:8:
[37m      2 │ @import [32m[37m'../../../../styles/mixins';
        ╵         [32m^[0m


  Sass @import rules are deprecated and will be removed in Dart Sass 3.0.0.
  
  More info and automated migrator: [4mhttps://sass-lang.com/d/import[0m


[33m▲ [43;33m[[43;30mWARNING[43;33m][0m [1mNG8107: The left side of this optional chain operation does not include 'null' or 'undefined' in its type, therefore the '?.' operator can be replaced with the '.' operator.[0m [1m[35m[plugin angular-compiler][0m

    projects/platform/src/app/store/promoter/product-detail/components/related-products/related-products.component.html:29:54:
[37m      29 │             @if (product.images && product.images[0]?.[32murl[37m) {
         ╵                                                       [32m~~~[0m

  Warning occurs in the template of component RelatedProductsComponent.

    projects/platform/src/app/store/promoter/product-detail/components/related-products/related-products.component.ts:31:15:
[37m      31 │   templateUrl: [32m'./related-products.component.html'[37m,
         ╵                [32m~~~~~~~~~~~~~~~~~~~~~~~~~~~~~~~~~~~[0m


[33m▲ [43;33m[[43;30mWARNING[43;33m][0m [1mNG8113: CurrencyUtilsPipe is not used within the template of PromoterProductDetailsComponent[0m [1m[35m[plugin angular-compiler][0m

    projects/platform/src/app/store/promoter/product-detail/promoter-product-details.component.ts:64:4:
[37m      64 │     [32mCurrencyUtilsPipe[37m,
         ╵     [32m~~~~~~~~~~~~~~~~~[0m


[33m▲ [43;33m[[43;30mWARNING[43;33m][0m [1mNG8113: ProductLoaderComponent is not used within the template of PromoterProductDetailsComponent[0m [1m[35m[plugin angular-compiler][0m

    projects/platform/src/app/store/promoter/product-detail/promoter-product-details.component.ts:74:4:
[37m      74 │     [32mProductLoaderComponent[37m,
         ╵     [32m~~~~~~~~~~~~~~~~~~~~~~[0m


[33m▲ [43;33m[[43;30mWARNING[43;33m][0m [1mNG8107: The left side of this optional chain operation does not include 'null' or 'undefined' in its type, therefore the '?.' operator can be replaced with the '.' operator.[0m [1m[35m[plugin angular-compiler][0m

    projects/platform/src/app/store/promoter/products-list/components/products-content-view/products-content-view.component.html:93:54:
[37m      93 │             @if (product.images && product.images[0]?.[32murl[37m) {
         ╵                                                       [32m~~~[0m

  Warning occurs in the template of component ProductsContentViewComponent.

    projects/platform/src/app/store/promoter/products-list/components/products-content-view/products-content-view.component.ts:43:15:
[37m      43 │   templateUrl: [32m'./products-content-view.component.html'[37m,
         ╵                [32m~~~~~~~~~~~~~~~~~~~~~~~~~~~~~~~~~~~~~~~~[0m


[33m▲ [43;33m[[43;30mWARNING[43;33m][0m [1mNG8107: The left side of this optional chain operation does not include 'null' or 'undefined' in its type, therefore the '?.' operator can be safely removed.[0m [1m[35m[plugin angular-compiler][0m

    projects/platform/src/app/store/promoter/store-products-list/store-products-list.component.html:210:21:
[37m      210 │                 @if ([32mproduct.images?.[0][37m?.url) {
          ╵                      [32m~~~~~~~~~~~~~~~~~~~[0m

  Warning occurs in the template of component StoreProductsListComponent.

    projects/platform/src/app/store/promoter/store-products-list/store-products-list.component.ts:83:15:
[37m      83 │   templateUrl: [32m'./store-products-list.component.html'[37m,
         ╵                [32m~~~~~~~~~~~~~~~~~~~~~~~~~~~~~~~~~~~~~~[0m


[33m▲ [43;33m[[43;30mWARNING[43;33m][0m [1mNG8107: The left side of this optional chain operation does not include 'null' or 'undefined' in its type, therefore the '?.' operator can be replaced with the '.' operator.[0m [1m[35m[plugin angular-compiler][0m

    projects/platform/src/app/storefront/cart/storefront-cart.component.html:47:73:
[37m      47 │ ...s.active]="selectedGroup()?.[32mstoreId[37m === group.storeId" appearan...
         ╵                                [32m~~~~~~~[0m

  Warning occurs in the template of component StorefrontCartComponent.

    projects/platform/src/app/storefront/cart/storefront-cart.component.ts:40:15:
[37m      40 │   templateUrl: [32m'./storefront-cart.component.html'[37m,
         ╵                [32m~~~~~~~~~~~~~~~~~~~~~~~~~~~~~~~~~~[0m


[33m▲ [43;33m[[43;30mWARNING[43;33m][0m [1mNG8113: LazyImageDirective is not used within the template of ProductGalleryComponent[0m [1m[35m[plugin angular-compiler][0m

    projects/platform/src/app/storefront/product-details/main/components/product-gallery/product-gallery.component.ts:15:58:
[37m      15 │ ...CommonModule, MatIconModule, MatButtonModule, [32mLazyImageDirective[37m],
         ╵                                                  [32m~~~~~~~~~~~~~~~~~~[0m

[39m[22m
[1m[33m[33m▲ [43;33m[[43;30mWARNING[43;33m][0m [1mDeprecation[0m [1m[35m[plugin angular-sass][0m

    projects/platform/src/styles.scss:1:8:
[37m      1 │ @import [32m[37m'@angular/material';
        ╵         [32m^[0m


  Sass @import rules are deprecated and will be removed in Dart Sass 3.0.0.
  
  More info and automated migrator: [4mhttps://sass-lang.com/d/import[0m

  The plugin "angular-sass" was triggered by this import

    angular:styles/global:styles:1:8:
[37m      1 │ @import [32m'projects/platform/src/styles.scss'[37m;
        ╵         [32m~~~~~~~~~~~~~~~~~~~~~~~~~~~~~~~~~~~[0m


[33m▲ [43;33m[[43;30mWARNING[43;33m][0m [1mDeprecation[0m [1m[35m[plugin angular-sass][0m

    projects/platform/src/styles.scss:2:8:
[37m      2 │ @import [32m[37m'./styles/variables';
        ╵         [32m^[0m


  Sass @import rules are deprecated and will be removed in Dart Sass 3.0.0.
  
  More info and automated migrator: [4mhttps://sass-lang.com/d/import[0m

  The plugin "angular-sass" was triggered by this import

    angular:styles/global:styles:1:8:
[37m      1 │ @import [32m'projects/platform/src/styles.scss'[37m;
        ╵         [32m~~~~~~~~~~~~~~~~~~~~~~~~~~~~~~~~~~~[0m


[33m▲ [43;33m[[43;30mWARNING[43;33m][0m [1mNG8107: The left side of this optional chain operation does not include 'null' or 'undefined' in its type, therefore the '?.' operator can be replaced with the '.' operator.[0m [1m[35m[plugin angular-compiler][0m

    projects/platform/src/app/admin/ppc-analytics/ppc-analytics.component.ts:411:38:
[37m      411 │           @for (ip of (data.patterns?.[32mips[37m || []); track ip.ip) {
          ╵                                       [32m~~~[0m


[33m▲ [43;33m[[43;30mWARNING[43;33m][0m [1mNG8107: The left side of this optional chain operation does not include 'null' or 'undefined' in its type, therefore the '?.' operator can be replaced with the '.' operator.[0m [1m[35m[plugin angular-compiler][0m

    projects/platform/src/app/admin/ppc-analytics/ppc-analytics.component.ts:417:32:
[37m      417 │           @if (!(data.patterns?.[32mips[37m || []).length) {
          ╵                                 [32m~~~[0m


[33m▲ [43;33m[[43;30mWARNING[43;33m][0m [1mNG8107: The left side of this optional chain operation does not include 'null' or 'undefined' in its type, therefore the '?.' operator can be replaced with the '.' operator.[0m [1m[35m[plugin angular-compiler][0m

    projects/platform/src/app/admin/ppc-analytics/ppc-analytics.component.ts:426:37:
[37m      426 │ ... @for (d of (data.patterns?.[32mdevices[37m || []); track d.deviceType) {
          ╵                                [32m~~~~~~~[0m


[33m▲ [43;33m[[43;30mWARNING[43;33m][0m [1mNG8107: The left side of this optional chain operation does not include 'null' or 'undefined' in its type, therefore the '?.' operator can be replaced with the '.' operator.[0m [1m[35m[plugin angular-compiler][0m

    projects/platform/src/app/admin/ppc-analytics/ppc-analytics.component.ts:429:32:
[37m      429 │           @if (!(data.patterns?.[32mdevices[37m || []).length) {
          ╵                                 [32m~~~~~~~[0m


[33m▲ [43;33m[[43;30mWARNING[43;33m][0m [1mNG8107: The left side of this optional chain operation does not include 'null' or 'undefined' in its type, therefore the '?.' operator can be replaced with the '.' operator.[0m [1m[35m[plugin angular-compiler][0m

    projects/platform/src/app/admin/ppc-analytics/ppc-analytics.component.ts:438:37:
[37m      438 │ ...  @for (c of (data.patterns?.[32mcountries[37m || []); track c.country) {
          ╵                                 [32m~~~~~~~~~[0m


[33m▲ [43;33m[[43;30mWARNING[43;33m][0m [1mNG8107: The left side of this optional chain operation does not include 'null' or 'undefined' in its type, therefore the '?.' operator can be replaced with the '.' operator.[0m [1m[35m[plugin angular-compiler][0m

    projects/platform/src/app/admin/ppc-analytics/ppc-analytics.component.ts:441:32:
[37m      441 │           @if (!(data.patterns?.[32mcountries[37m || []).length) {
          ╵                                 [32m~~~~~~~~~[0m


[33m▲ [43;33m[[43;30mWARNING[43;33m][0m [1mNG8107: The left side of this optional chain operation does not include 'null' or 'undefined' in its type, therefore the '?.' operator can be replaced with the '.' operator.[0m [1m[35m[plugin angular-compiler][0m

    projects/platform/src/app/community/feeds/feed-page.component.html:106:39:
[37m      106 │                 @if (thread.topicTags?.[32mlength[37m) {
          ╵                                        [32m~~~~~~[0m

  Warning occurs in the template of component DesktopFeedPageComponent.

    projects/platform/src/app/community/feeds/feed-page.component.ts:62:15:
[37m      62 │   templateUrl: [32m'./feed-page.component.html'[37m,
         ╵                [32m~~~~~~~~~~~~~~~~~~~~~~~~~~~~[0m


[33m▲ [43;33m[[43;30mWARNING[43;33m][0m [1mNG8107: The left side of this optional chain operation does not include 'null' or 'undefined' in its type, therefore the '?.' operator can be replaced with the '.' operator.[0m [1m[35m[plugin angular-compiler][0m

    projects/platform/src/app/dashboard/search/global-search-bar.component.html:79:36:
[37m      79 │                 @if (result.region?.[32mlabel[37m) {
         ╵                                     [32m~~~~~[0m

  Warning occurs in the template of component GlobalSearchBarComponent.

    projects/platform/src/app/dashboard/search/global-search-bar.component.ts:32:15:
[37m      32 │   templateUrl: [32m'./global-search-bar.component.html'[37m,
         ╵                [32m~~~~~~~~~~~~~~~~~~~~~~~~~~~~~~~~~~~~[0m


[33m▲ [43;33m[[43;30mWARNING[43;33m][0m [1mNG8107: The left side of this optional chain operation does not include 'null' or 'undefined' in its type, therefore the '?.' operator can be replaced with the '.' operator.[0m [1m[35m[plugin angular-compiler][0m

    projects/platform/src/app/dashboard/search/global-search-page.component.html:230:34:
[37m      230 │               @if (result.region?.[32mlabel[37m) {
          ╵                                   [32m~~~~~[0m

  Warning occurs in the template of component GlobalSearchPageComponent.

    projects/platform/src/app/dashboard/search/global-search-page.component.ts:52:15:
[37m      52 │   templateUrl: [32m'./global-search-page.component.html'[37m,
         ╵                [32m~~~~~~~~~~~~~~~~~~~~~~~~~~~~~~~~~~~~~[0m


[33m▲ [43;33m[[43;30mWARNING[43;33m][0m [1mNG8113: CurrencyUtilsPipe is not used within the template of GlobalSearchPageComponent[0m [1m[35m[plugin angular-compiler][0m

    projects/platform/src/app/dashboard/search/global-search-page.component.ts:50:4:
[37m      50 │     [32mCurrencyUtilsPipe[37m,
         ╵     [32m~~~~~~~~~~~~~~~~~[0m


[33m▲ [43;33m[[43;30mWARNING[43;33m][0m [1mNG8113: QuickStatsComponent is not used within the template of GetStartedComponent[0m [1m[35m[plugin angular-compiler][0m

    projects/platform/src/app/get-started/onboarding/get-started.component.ts:44:4:
[37m      44 │     [32mQuickStatsComponent[37m,
         ╵     [32m~~~~~~~~~~~~~~~~~~~[0m


[33m▲ [43;33m[[43;30mWARNING[43;33m][0m [1mNG8107: The left side of this optional chain operation does not include 'null' or 'undefined' in its type, therefore the '?.' operator can be replaced with the '.' operator.[0m [1m[35m[plugin angular-compiler][0m

    projects/platform/src/app/promoter/promotion/ad-template-builder/ad-template-builder.component.html:47:39:
[37m      47 │                         {{ p.campaign?.[32mtitle[37m || 'Promotion' }}
         ╵                                        [32m~~~~~[0m

  Warning occurs in the template of component AdTemplateBuilderComponent.

    projects/platform/src/app/promoter/promotion/ad-template-builder/ad-template-builder.component.ts:73:15:
[37m      73 │   templateUrl: [32m'./ad-template-builder.component.html'[37m,
         ╵                [32m~~~~~~~~~~~~~~~~~~~~~~~~~~~~~~~~~~~~~~[0m


[33m▲ [43;33m[[43;30mWARNING[43;33m][0m [1mNG8107: The left side of this optional chain operation does not include 'null' or 'undefined' in its type, therefore the '?.' operator can be replaced with the '.' operator.[0m [1m[35m[plugin angular-compiler][0m

    projects/platform/src/app/promoter/promotion/ad-template-builder/ad-template-builder.component.html:173:48:
[37m      173 │                 @if (platformGuidelines().tips?.[32mlength[37m) {
          ╵                                                 [32m~~~~~~[0m

  Warning occurs in the template of component AdTemplateBuilderComponent.

    projects/platform/src/app/promoter/promotion/ad-template-builder/ad-template-builder.component.ts:73:15:
[37m      73 │   templateUrl: [32m'./ad-template-builder.component.html'[37m,
         ╵                [32m~~~~~~~~~~~~~~~~~~~~~~~~~~~~~~~~~~~~~~[0m


[33m▲ [43;33m[[43;30mWARNING[43;33m][0m [1mNG8107: The left side of this optional chain operation does not include 'null' or 'undefined' in its type, therefore the '?.' operator can be safely removed.[0m [1m[35m[plugin angular-compiler][0m

    projects/platform/src/app/promoter/promotion/compliance/promotion-compliance.component.html:258:35:
[37m      258 │ ...             <strong>{{ [32mc.reasons?.[0][37m?.label || c.promotion?....
          ╵                            [32m~~~~~~~~~~~~~~[0m

  Warning occurs in the template of component PromotionComplianceComponent.

    projects/platform/src/app/promoter/promotion/compliance/promotion-compliance.component.ts:64:15:
[37m      64 │   templateUrl: [32m'./promotion-compliance.component.html'[37m,
         ╵                [32m~~~~~~~~~~~~~~~~~~~~~~~~~~~~~~~~~~~~~~~[0m


[33m▲ [43;33m[[43;30mWARNING[43;33m][0m [1mNG8107: The left side of this optional chain operation does not include 'null' or 'undefined' in its type, therefore the '?.' operator can be replaced with the '.' operator.[0m [1m[35m[plugin angular-compiler][0m

    projects/platform/src/app/promoter/promotion/compliance/promotion-compliance.component.html:259:41:
[37m      259 │                         @if ((c.reasons?.[32mlength[37m || 0) > 1) {
          ╵                                          [32m~~~~~~[0m

  Warning occurs in the template of component PromotionComplianceComponent.

    projects/platform/src/app/promoter/promotion/compliance/promotion-compliance.component.ts:64:15:
[37m      64 │   templateUrl: [32m'./promotion-compliance.component.html'[37m,
         ╵                [32m~~~~~~~~~~~~~~~~~~~~~~~~~~~~~~~~~~~~~~~[0m


[33m▲ [43;33m[[43;30mWARNING[43;33m][0m [1mNG8107: The left side of this optional chain operation does not include 'null' or 'undefined' in its type, therefore the '?.' operator can be replaced with the '.' operator.[0m [1m[35m[plugin angular-compiler][0m

    projects/platform/src/app/promoter/promotion/compliance/promotion-compliance.component.html:289:36:
[37m      289 │                     @if (c.reasons?.[32mlength[37m) {
          ╵                                     [32m~~~~~~[0m

  Warning occurs in the template of component PromotionComplianceComponent.

    projects/platform/src/app/promoter/promotion/compliance/promotion-compliance.component.ts:64:15:
[37m      64 │   templateUrl: [32m'./promotion-compliance.component.html'[37m,
         ╵                [32m~~~~~~~~~~~~~~~~~~~~~~~~~~~~~~~~~~~~~~~[0m


[33m▲ [43;33m[[43;30mWARNING[43;33m][0m [1mNG8113: TestimonialsComponent is not used within the template of FeaturesComponent[0m [1m[35m[plugin angular-compiler][0m

    projects/platform/src/app/resources/features/features.component.ts:63:4:
[37m      63 │     [32mTestimonialsComponent[37m
         ╵     [32m~~~~~~~~~~~~~~~~~~~~~[0m


[33m▲ [43;33m[[43;30mWARNING[43;33m][0m [1mNG8011: Node matches the "mat-error, [matError]" slot of the "MatFormField" component, but will not be projected into the specific slot because the surrounding @if has more than one node at its root. To project the node in the right slot, you can:

1. Wrap the content of the @if block in an <ng-container/> that matches the "mat-error, [matError]" selector.
2. Split the content of the @if block across multiple @if blocks such that each one only has a single projectable node at its root.
3. Remove all content from the @if block, except for the node being projected.

This check can be disabled using the `extendedDiagnostics.checks.controlFlowPreventingContentProjection = "suppress" compiler option.`[0m [1m[35m[plugin angular-compiler][0m

    projects/platform/src/app/settings/account/professional/professional.component.html:151:14:
[37m      151 │               [32m<mat-error>[37m
          ╵               [32m~~~~~~~~~~~[0m

  Warning occurs in the template of component ProfessionalInfoComponent.

    projects/platform/src/app/settings/account/professional/professional.component.ts:55:15:
[37m      55 │   templateUrl: [32m'./professional.component.html'[37m,
         ╵                [32m~~~~~~~~~~~~~~~~~~~~~~~~~~~~~~~[0m


[33m▲ [43;33m[[43;30mWARNING[43;33m][0m [1mNG8011: Node matches the "mat-error, [matError]" slot of the "MatFormField" component, but will not be projected into the specific slot because the surrounding @if has more than one node at its root. To project the node in the right slot, you can:

1. Wrap the content of the @if block in an <ng-container/> that matches the "mat-error, [matError]" selector.
2. Split the content of the @if block across multiple @if blocks such that each one only has a single projectable node at its root.
3. Remove all content from the @if block, except for the node being projected.

This check can be disabled using the `extendedDiagnostics.checks.controlFlowPreventingContentProjection = "suppress" compiler option.`[0m [1m[35m[plugin angular-compiler][0m

    projects/platform/src/app/settings/account/professional/professional.component.html:187:14:
[37m      187 │               [32m<mat-error>[37m
          ╵               [32m~~~~~~~~~~~[0m

  Warning occurs in the template of component ProfessionalInfoComponent.

    projects/platform/src/app/settings/account/professional/professional.component.ts:55:15:
[37m      55 │   templateUrl: [32m'./professional.component.html'[37m,
         ╵                [32m~~~~~~~~~~~~~~~~~~~~~~~~~~~~~~~[0m


[33m▲ [43;33m[[43;30mWARNING[43;33m][0m [1mNG8113: ProductManagementComponent is not used within the template of MarketerStoreDashboardComponent[0m [1m[35m[plugin angular-compiler][0m

    projects/platform/src/app/store/marketer/dashboard/store-dashboard/store-dashboard.component.ts:71:4:
[37m      71 │     [32mProductManagementComponent[37m,
         ╵     [32m~~~~~~~~~~~~~~~~~~~~~~~~~~[0m


[33m▲ [43;33m[[43;30mWARNING[43;33m][0m [1mNG8113: StoreAnalyticsComponent is not used within the template of MarketerStoreDashboardComponent[0m [1m[35m[plugin angular-compiler][0m

    projects/platform/src/app/store/marketer/dashboard/store-dashboard/store-dashboard.component.ts:72:4:
[37m      72 │     [32mStoreAnalyticsComponent[37m,
         ╵     [32m~~~~~~~~~~~~~~~~~~~~~~~[0m


[33m▲ [43;33m[[43;30mWARNING[43;33m][0m [1mNG8113: StorePromotionsComponent is not used within the template of MarketerStoreDashboardComponent[0m [1m[35m[plugin angular-compiler][0m

    projects/platform/src/app/store/marketer/dashboard/store-dashboard/store-dashboard.component.ts:73:4:
[37m      73 │     [32mStorePromotionsComponent[37m,
         ╵     [32m~~~~~~~~~~~~~~~~~~~~~~~~[0m


[33m▲ [43;33m[[43;30mWARNING[43;33m][0m [1mNG8113: RealTimeStatsComponent is not used within the template of MarketerStoreDashboardComponent[0m [1m[35m[plugin angular-compiler][0m

    projects/platform/src/app/store/marketer/dashboard/store-dashboard/store-dashboard.component.ts:74:4:
[37m      74 │     [32mRealTimeStatsComponent[37m,
         ╵     [32m~~~~~~~~~~~~~~~~~~~~~~[0m


[33m▲ [43;33m[[43;30mWARNING[43;33m][0m [1mNG8113: StoreAnalyticsComponent is not used within the template of MarketerStoreDashboardComponent[0m [1m[35m[plugin angular-compiler][0m

    projects/platform/src/app/store/marketer/dashboard/store-dashboard/store-dashboard.component.ts:81:4:
[37m      81 │     [32mStoreAnalyticsComponent[37m
         ╵     [32m~~~~~~~~~~~~~~~~~~~~~~~[0m


[33m▲ [43;33m[[43;30mWARNING[43;33m][0m [1mNG8011: Node matches the ".material-icons:not([iconPositionEnd]), mat-icon:not([iconPositionEnd]), [matButtonIcon]:not([iconPositionEnd])" slot of the "MatButton" component, but will not be projected into the specific slot because the surrounding @else has more than one node at its root. To project the node in the right slot, you can:

1. Wrap the content of the @else block in an <ng-container/> that matches the ".material-icons:not([iconPositionEnd]), mat-icon:not([iconPositionEnd]), [matButtonIcon]:not([iconPositionEnd])" selector.
2. Split the content of the @else block across multiple @else blocks such that each one only has a single projectable node at its root.
3. Remove all content from the @else block, except for the node being projected.

This check can be disabled using the `extendedDiagnostics.checks.controlFlowPreventingContentProjection = "suppress" compiler option.`[0m [1m[35m[plugin angular-compiler][0m

    projects/platform/src/app/store/marketer/products/add-products/components/product-stepper/product-stepper.component.html:71:8:
[37m      71 │         [32m<mat-icon class="button-icon">[37msave</mat-icon>
         ╵         [32m~~~~~~~~~~~~~~~~~~~~~~~~~~~~~~[0m

  Warning occurs in the template of component ProductStepperComponent.

    projects/platform/src/app/store/marketer/products/add-products/components/product-stepper/product-stepper.component.ts:21:15:
[37m      21 │   templateUrl: [32m'./product-stepper.component.html'[37m,
         ╵                [32m~~~~~~~~~~~~~~~~~~~~~~~~~~~~~~~~~~[0m


[33m▲ [43;33m[[43;30mWARNING[43;33m][0m [1mNG8107: The left side of this optional chain operation does not include 'null' or 'undefined' in its type, therefore the '?.' operator can be replaced with the '.' operator.[0m [1m[35m[plugin angular-compiler][0m

    projects/platform/src/app/store/marketer/products/product-detail/marketer-product-detail.component.html:211:63:
[37m      211 │ ...          } @else if (product.images && product.images[0]?.[32murl[37m) {
          ╵                                                               [32m~~~[0m

  Warning occurs in the template of component MarketerProductDetailComponent.

    projects/platform/src/app/store/marketer/products/product-detail/marketer-product-detail.component.ts:61:15:
[37m      61 │   templateUrl: [32m'./marketer-product-detail.component.html'[37m,
         ╵                [32m~~~~~~~~~~~~~~~~~~~~~~~~~~~~~~~~~~~~~~~~~~[0m


[33m▲ [43;33m[[43;30mWARNING[43;33m][0m [1mDeprecation[0m [1m[35m[plugin angular-sass][0m

    projects/platform/src/app/store/marketer/subscribers/store-subscribers.component.scss:1:8:
[37m      1 │ @import [32m[37m'../../../../styles/variables';
        ╵         [32m^[0m


  Sass @import rules are deprecated and will be removed in Dart Sass 3.0.0.
  
  More info and automated migrator: [4mhttps://sass-lang.com/d/import[0m


[33m▲ [43;33m[[43;30mWARNING[43;33m][0m [1mDeprecation[0m [1m[35m[plugin angular-sass][0m

    projects/platform/src/app/store/marketer/subscribers/store-subscribers.component.scss:2:8:
[37m      2 │ @import [32m[37m'../../../../styles/mixins';
        ╵         [32m^[0m


  Sass @import rules are deprecated and will be removed in Dart Sass 3.0.0.
  
  More info and automated migrator: [4mhttps://sass-lang.com/d/import[0m


[33m▲ [43;33m[[43;30mWARNING[43;33m][0m [1mNG8107: The left side of this optional chain operation does not include 'null' or 'undefined' in its type, therefore the '?.' operator can be replaced with the '.' operator.[0m [1m[35m[plugin angular-compiler][0m

    projects/platform/src/app/store/promoter/product-detail/components/related-products/related-products.component.html:29:54:
[37m      29 │             @if (product.images && product.images[0]?.[32murl[37m) {
         ╵                                                       [32m~~~[0m

  Warning occurs in the template of component RelatedProductsComponent.

    projects/platform/src/app/store/promoter/product-detail/components/related-products/related-products.component.ts:31:15:
[37m      31 │   templateUrl: [32m'./related-products.component.html'[37m,
         ╵                [32m~~~~~~~~~~~~~~~~~~~~~~~~~~~~~~~~~~~[0m


[33m▲ [43;33m[[43;30mWARNING[43;33m][0m [1mNG8113: CurrencyUtilsPipe is not used within the template of PromoterProductDetailsComponent[0m [1m[35m[plugin angular-compiler][0m

    projects/platform/src/app/store/promoter/product-detail/promoter-product-details.component.ts:64:4:
[37m      64 │     [32mCurrencyUtilsPipe[37m,
         ╵     [32m~~~~~~~~~~~~~~~~~[0m


[33m▲ [43;33m[[43;30mWARNING[43;33m][0m [1mNG8113: ProductLoaderComponent is not used within the template of PromoterProductDetailsComponent[0m [1m[35m[plugin angular-compiler][0m

    projects/platform/src/app/store/promoter/product-detail/promoter-product-details.component.ts:74:4:
[37m      74 │     [32mProductLoaderComponent[37m,
         ╵     [32m~~~~~~~~~~~~~~~~~~~~~~[0m


[33m▲ [43;33m[[43;30mWARNING[43;33m][0m [1mNG8107: The left side of this optional chain operation does not include 'null' or 'undefined' in its type, therefore the '?.' operator can be replaced with the '.' operator.[0m [1m[35m[plugin angular-compiler][0m

    projects/platform/src/app/store/promoter/products-list/components/products-content-view/products-content-view.component.html:93:54:
[37m      93 │             @if (product.images && product.images[0]?.[32murl[37m) {
         ╵                                                       [32m~~~[0m

  Warning occurs in the template of component ProductsContentViewComponent.

    projects/platform/src/app/store/promoter/products-list/components/products-content-view/products-content-view.component.ts:43:15:
[37m      43 │   templateUrl: [32m'./products-content-view.component.html'[37m,
         ╵                [32m~~~~~~~~~~~~~~~~~~~~~~~~~~~~~~~~~~~~~~~~[0m


[33m▲ [43;33m[[43;30mWARNING[43;33m][0m [1mNG8107: The left side of this optional chain operation does not include 'null' or 'undefined' in its type, therefore the '?.' operator can be safely removed.[0m [1m[35m[plugin angular-compiler][0m

    projects/platform/src/app/store/promoter/store-products-list/store-products-list.component.html:210:21:
[37m      210 │                 @if ([32mproduct.images?.[0][37m?.url) {
          ╵                      [32m~~~~~~~~~~~~~~~~~~~[0m

  Warning occurs in the template of component StoreProductsListComponent.

    projects/platform/src/app/store/promoter/store-products-list/store-products-list.component.ts:83:15:
[37m      83 │   templateUrl: [32m'./store-products-list.component.html'[37m,
         ╵                [32m~~~~~~~~~~~~~~~~~~~~~~~~~~~~~~~~~~~~~~[0m


[33m▲ [43;33m[[43;30mWARNING[43;33m][0m [1mNG8107: The left side of this optional chain operation does not include 'null' or 'undefined' in its type, therefore the '?.' operator can be replaced with the '.' operator.[0m [1m[35m[plugin angular-compiler][0m

    projects/platform/src/app/storefront/cart/storefront-cart.component.html:47:73:
[37m      47 │ ...s.active]="selectedGroup()?.[32mstoreId[37m === group.storeId" appearan...
         ╵                                [32m~~~~~~~[0m

  Warning occurs in the template of component StorefrontCartComponent.

    projects/platform/src/app/storefront/cart/storefront-cart.component.ts:40:15:
[37m      40 │   templateUrl: [32m'./storefront-cart.component.html'[37m,
         ╵                [32m~~~~~~~~~~~~~~~~~~~~~~~~~~~~~~~~~~[0m


[33m▲ [43;33m[[43;30mWARNING[43;33m][0m [1mNG8113: LazyImageDirective is not used within the template of ProductGalleryComponent[0m [1m[35m[plugin angular-compiler][0m

    projects/platform/src/app/storefront/product-details/main/components/product-gallery/product-gallery.component.ts:15:58:
[37m      15 │ ...CommonModule, MatIconModule, MatButtonModule, [32mLazyImageDirective[37m],
         ╵                                                  [32m~~~~~~~~~~~~~~~~~~[0m

[39m[22m
[1m[31m[31mX [41;31m[[41;97mERROR[41;31m][0m [1mThere is no module with the namespace "vars".
  ╷
5 │   padding: vars.$spacing-6 vars.$spacing-4 vars.$spacing-8;
  │            ^^^^^^^^^^^^^^^
  ╵
  projects\platform\src\app\store\marketer\subscribers\store-subscribers.component.scss 5:12  root stylesheet[0m [1m[35m[plugin angular-sass][0m

[39m[22m
