[33m>[39m Building...
[32m√[39m Building...
[1mInitial chunk files[22m[2m | [22m[1mNames[22m                                [2m | [22m [1mRaw size[22m
[32mstyles.css[39m         [2m | [22m[2mstyles[22m                               [2m | [22m [36m92.80 kB[39m[2m | [22m
[32mmain.js[39m            [2m | [22m[2mmain[22m                                 [2m | [22m  [36m5.83 kB[39m[2m | [22m
[32mchunk-PH6ZXBVE.js[39m  [2m | [22m[2m-[22m                                    [2m | [22m  [36m3.88 kB[39m[2m | [22m
[32mchunk-CZJLB7T5.js[39m  [2m | [22m[2m-[22m                                    [2m | [22m  [36m1.08 kB[39m[2m | [22m

[1m [22m                  [2m | [22m[1mInitial total[22m                        [2m | [22m[1m103.59 kB[22m

[1mLazy chunk files[22m   [2m | [22m[1mNames[22m                                [2m | [22m [1mRaw size[22m
[32mchunk-GT3YRZMP.js[39m  [2m | [22m[2mdashboard-routes[22m                     [2m | [22m  [36m1.17 MB[39m[2m | [22m
[32mchunk-R3LWBMBD.js[39m  [2m | [22m[2mindex[22m                                [2m | [22m[36m853.43 kB[39m[2m | [22m
[32mchunk-YPJUF4PE.js[39m  [2m | [22m[2mindex[22m                                [2m | [22m[36m791.65 kB[39m[2m | [22m
[32mchunk-7WN6277E.js[39m  [2m | [22m[2mstorefront-component[22m                 [2m | [22m[36m556.24 kB[39m[2m | [22m
[32mchunk-EEXA6VSC.js[39m  [2m | [22m[2mproduct-details-component[22m            [2m | [22m[36m456.56 kB[39m[2m | [22m
[32mchunk-KXYHKVVQ.js[39m  [2m | [22m[2mpromoter-product-details-component[22m   [2m | [22m[36m318.67 kB[39m[2m | [22m
[32mchunk-MSYMN676.js[39m  [2m | [22m[2mget-started-component[22m                [2m | [22m[36m311.55 kB[39m[2m | [22m
[32mchunk-AA6BAZAQ.js[39m  [2m | [22m[2mmarketer-product-detail-component[22m    [2m | [22m[36m302.00 kB[39m[2m | [22m
[32mchunk-MLQYV54O.js[39m  [2m | [22m[2m-[22m                                    [2m | [22m[36m299.41 kB[39m[2m | [22m
[32mchunk-PATUAGN7.js[39m  [2m | [22m[2mcreate-campaign-component[22m            [2m | [22m[36m271.30 kB[39m[2m | [22m
[32mchunk-I4LQA2AY.js[39m  [2m | [22m[2mpromotion-component[22m                  [2m | [22m[36m260.12 kB[39m[2m | [22m
[32mchunk-ZRETRW5Z.js[39m  [2m | [22m[2mprofile-page-component[22m               [2m | [22m[36m257.81 kB[39m[2m | [22m
[32mchunk-SCXFRAQU.js[39m  [2m | [22m[2maccount-component[22m                    [2m | [22m[36m256.39 kB[39m[2m | [22m
[32mchunk-SYNBHRNJ.js[39m  [2m | [22m[2mmarketer-product-list-index-component[22m[2m | [22m[36m253.01 kB[39m[2m | [22m
[32mchunk-Y6KAFXOM.js[39m  [2m | [22m[2mpromoter-products-list-component[22m     [2m | [22m[36m237.01 kB[39m[2m | [22m
[2m...and 110 more lazy chunks files. Use "--verbose" to show all the files.[22m

Application bundle generation complete. [59.110 seconds]

Watch mode enabled. Watching for file changes...
NOTE: Raw file sizes do not reflect development server per-request transformations.
  [32m➜[39m  [1mLocal[22m:   [36mhttp://localhost:[1m4301[22m/[39m
[33m>[39m Changes detected. Rebuilding...
[32m√[39m Changes detected. Rebuilding...
[1mInitial chunk files[22m[2m | [22m[1mNames[22m           [2m | [22m [1mRaw size[22m
[32mmain.js[39m            [2m | [22m[2mmain[22m            [2m | [22m  [36m5.83 kB[39m[2m | [22m

[1mLazy chunk files[22m   [2m | [22m[1mNames[22m           [2m | [22m [1mRaw size[22m
[32mchunk-HIPL3YLI.js[39m  [2m | [22m[2mdashboard-routes[22m[2m | [22m  [36m1.17 MB[39m[2m | [22m
[32mchunk-WDTVOHRC.js[39m  [2m | [22m[2mindex[22m           [2m | [22m [36m13.21 kB[39m[2m | [22m
[32mchunk-ZGONVA3Y.js[39m  [2m | [22m[2mfeeds-routes[22m    [2m | [22m[36m743 bytes[39m[2m | [22m
[32mchunk-WXPPT3DD.js[39m  [2m | [22m[2mcommunity-routes[22m[2m | [22m[36m530 bytes[39m[2m | [22m

Application bundle generation complete. [79.673 seconds]

Page reload sent to client(s).
[33m>[39m Changes detected. Rebuilding...
[32m√[39m Changes detected. Rebuilding...
[1mInitial chunk files[22m[2m | [22m[1mNames[22m              [2m | [22m [1mRaw size[22m
[32mmain.js[39m            [2m | [22m[2mmain[22m               [2m | [22m  [36m5.83 kB[39m[2m | [22m

[1mLazy chunk files[22m   [2m | [22m[1mNames[22m              [2m | [22m [1mRaw size[22m
[32mchunk-PKTJ7JOK.js[39m  [2m | [22m[2mdashboard-routes[22m   [2m | [22m  [36m1.17 MB[39m[2m | [22m
[32mchunk-TMZBTVZZ.js[39m  [2m | [22m[2mfeed-page-component[22m[2m | [22m[36m127.75 kB[39m[2m | [22m
[32mchunk-YAXOCUBC.js[39m  [2m | [22m[2mindex[22m              [2m | [22m [36m13.21 kB[39m[2m | [22m
[32mchunk-7T7DSUME.js[39m  [2m | [22m[2mfeeds-routes[22m       [2m | [22m[36m743 bytes[39m[2m | [22m
[32mchunk-5LESAPJK.js[39m  [2m | [22m[2mcommunity-routes[22m   [2m | [22m[36m530 bytes[39m[2m | [22m

Application bundle generation complete. [6.967 seconds]

Component update sent to client(s).
[33m>[39m Changes detected. Rebuilding...
[32m√[39m Changes detected. Rebuilding...
[1mInitial chunk files[22m[2m | [22m[1mNames[22m           [2m | [22m [1mRaw size[22m
[32mmain.js[39m            [2m | [22m[2mmain[22m            [2m | [22m  [36m5.83 kB[39m[2m | [22m

[1mLazy chunk files[22m   [2m | [22m[1mNames[22m           [2m | [22m [1mRaw size[22m
[32mchunk-4VKVKQCP.js[39m  [2m | [22m[2mdashboard-routes[22m[2m | [22m  [36m1.17 MB[39m[2m | [22m
[32mchunk-TNOVYJ3B.js[39m  [2m | [22m[2mindex[22m           [2m | [22m [36m13.43 kB[39m[2m | [22m
[32mchunk-LX635ZWU.js[39m  [2m | [22m[2mfeeds-routes[22m    [2m | [22m[36m743 bytes[39m[2m | [22m
[32mchunk-NTDQA3II.js[39m  [2m | [22m[2mcommunity-routes[22m[2m | [22m[36m530 bytes[39m[2m | [22m

Application bundle generation complete. [5.568 seconds]

Component update sent to client(s).
[33m>[39m Changes detected. Rebuilding...
[32m√[39m Changes detected. Rebuilding...
[1mInitial chunk files[22m[2m | [22m[1mNames[22m              [2m | [22m [1mRaw size[22m
[32mmain.js[39m            [2m | [22m[2mmain[22m               [2m | [22m  [36m5.83 kB[39m[2m | [22m

[1mLazy chunk files[22m   [2m | [22m[1mNames[22m              [2m | [22m [1mRaw size[22m
[32mchunk-VI6YXZDB.js[39m  [2m | [22m[2mdashboard-routes[22m   [2m | [22m  [36m1.17 MB[39m[2m | [22m
[32mchunk-TBSIRT7K.js[39m  [2m | [22m[2mfeed-page-component[22m[2m | [22m[36m128.06 kB[39m[2m | [22m
[32mchunk-Q74FHRR4.js[39m  [2m | [22m[2mindex[22m              [2m | [22m [36m13.43 kB[39m[2m | [22m
[32mchunk-V73HSRJT.js[39m  [2m | [22m[2mfeeds-routes[22m       [2m | [22m[36m743 bytes[39m[2m | [22m
[32mchunk-REIM4HA5.js[39m  [2m | [22m[2mcommunity-routes[22m   [2m | [22m[36m530 bytes[39m[2m | [22m

Application bundle generation complete. [12.772 seconds]

Component update sent to client(s).
[33m>[39m Changes detected. Rebuilding...
[32m√[39m Changes detected. Rebuilding...
[1mInitial chunk files[22m[2m | [22m[1mNames[22m                     [2m | [22m [1mRaw size[22m
[32mmain.js[39m            [2m | [22m[2mmain[22m                      [2m | [22m  [36m5.83 kB[39m[2m | [22m

[1mLazy chunk files[22m   [2m | [22m[1mNames[22m                     [2m | [22m [1mRaw size[22m
[32mchunk-MIAZ6LDH.js[39m  [2m | [22m[2mdashboard-routes[22m          [2m | [22m  [36m1.17 MB[39m[2m | [22m
[32mchunk-W5O3G6FV.js[39m  [2m | [22m[2mprofile-page-component[22m    [2m | [22m[36m257.81 kB[39m[2m | [22m
[32mchunk-AYRP7RQT.js[39m  [2m | [22m[2mcreate-feed-component[22m     [2m | [22m[36m184.95 kB[39m[2m | [22m
[32mchunk-CVRCOG75.js[39m  [2m | [22m[2mfeed-page-component[22m       [2m | [22m[36m128.06 kB[39m[2m | [22m
[32mchunk-MIJL7GCF.js[39m  [2m | [22m[2m-[22m                         [2m | [22m[36m124.68 kB[39m[2m | [22m
[32mchunk-CQR32WKM.js[39m  [2m | [22m[2mpublic-feed-post-component[22m[2m | [22m [36m17.41 kB[39m[2m | [22m
[32mchunk-RCZES747.js[39m  [2m | [22m[2mindex[22m                     [2m | [22m [36m13.43 kB[39m[2m | [22m
[32mchunk-JLGYGPEY.js[39m  [2m | [22m[2mfeeds-routes[22m              [2m | [22m[36m743 bytes[39m[2m | [22m
[32mchunk-WWGD76KK.js[39m  [2m | [22m[2mcommunity-routes[22m          [2m | [22m[36m530 bytes[39m[2m | [22m
[32mchunk-RRQ3D3P4.js[39m  [2m | [22m[2mprofile-routes[22m            [2m | [22m[36m522 bytes[39m[2m | [22m

Application bundle generation complete. [7.888 seconds]

Component update sent to client(s).
[33m>[39m Changes detected. Rebuilding...
[32m√[39m Changes detected. Rebuilding...
[1mInitial chunk files[22m[2m | [22m[1mNames[22m                     [2m | [22m [1mRaw size[22m
[32mmain.js[39m            [2m | [22m[2mmain[22m                      [2m | [22m  [36m5.83 kB[39m[2m | [22m

[1mLazy chunk files[22m   [2m | [22m[1mNames[22m                     [2m | [22m [1mRaw size[22m
[32mchunk-6CGESRFD.js[39m  [2m | [22m[2mdashboard-routes[22m          [2m | [22m  [36m1.17 MB[39m[2m | [22m
[32mchunk-NGN4TITW.js[39m  [2m | [22m[2mfeed-page-mobile-component[22m[2m | [22m [36m74.87 kB[39m[2m | [22m
[32mchunk-EHYLNRZ4.js[39m  [2m | [22m[2mindex[22m                     [2m | [22m [36m13.43 kB[39m[2m | [22m
[32mchunk-2KT6UUAH.js[39m  [2m | [22m[2mfeeds-routes[22m              [2m | [22m[36m743 bytes[39m[2m | [22m
[32mchunk-I6JSPRPO.js[39m  [2m | [22m[2mcommunity-routes[22m          [2m | [22m[36m530 bytes[39m[2m | [22m

Application bundle generation complete. [6.879 seconds]

Component update sent to client(s).
[33m>[39m Changes detected. Rebuilding...
[32m√[39m Changes detected. Rebuilding...
[1mInitial chunk files[22m[2m | [22m[1mNames[22m              [2m | [22m [1mRaw size[22m
[32mmain.js[39m            [2m | [22m[2mmain[22m               [2m | [22m  [36m5.83 kB[39m[2m | [22m

[1mLazy chunk files[22m   [2m | [22m[1mNames[22m              [2m | [22m [1mRaw size[22m
[32mchunk-L3JB4HYO.js[39m  [2m | [22m[2mdashboard-routes[22m   [2m | [22m  [36m1.17 MB[39m[2m | [22m
[32mchunk-5R2MZVBB.js[39m  [2m | [22m[2mfeed-page-component[22m[2m | [22m[36m129.72 kB[39m[2m | [22m
[32mchunk-DBOMT4NG.js[39m  [2m | [22m[2mindex[22m              [2m | [22m [36m13.43 kB[39m[2m | [22m
[32mchunk-YKA7I2OK.js[39m  [2m | [22m[2mfeeds-routes[22m       [2m | [22m[36m743 bytes[39m[2m | [22m
[32mchunk-62GOAFYI.js[39m  [2m | [22m[2mcommunity-routes[22m   [2m | [22m[36m530 bytes[39m[2m | [22m

Application bundle generation complete. [21.440 seconds]

Component update sent to client(s).
[33m>[39m Changes detected. Rebuilding...
[32m√[39m Changes detected. Rebuilding...
[1mInitial chunk files[22m[2m | [22m[1mNames[22m                     [2m | [22m [1mRaw size[22m
[32mmain.js[39m            [2m | [22m[2mmain[22m                      [2m | [22m  [36m5.83 kB[39m[2m | [22m

[1mLazy chunk files[22m   [2m | [22m[1mNames[22m                     [2m | [22m [1mRaw size[22m
[32mchunk-YN5DTA5O.js[39m  [2m | [22m[2mdashboard-routes[22m          [2m | [22m  [36m1.17 MB[39m[2m | [22m
[32mchunk-54HP35ZP.js[39m  [2m | [22m[2mprofile-page-component[22m    [2m | [22m[36m257.81 kB[39m[2m | [22m
[32mchunk-XDWTSHKL.js[39m  [2m | [22m[2mcreate-feed-component[22m     [2m | [22m[36m184.95 kB[39m[2m | [22m
[32mchunk-C5KHY2KC.js[39m  [2m | [22m[2mfeed-page-component[22m       [2m | [22m[36m129.72 kB[39m[2m | [22m
[32mchunk-3AVSUOXR.js[39m  [2m | [22m[2m-[22m                         [2m | [22m[36m124.99 kB[39m[2m | [22m
[32mchunk-ANIF3G3A.js[39m  [2m | [22m[2mpublic-feed-post-component[22m[2m | [22m [36m17.41 kB[39m[2m | [22m
[32mchunk-54ZNRDR3.js[39m  [2m | [22m[2mindex[22m                     [2m | [22m [36m13.43 kB[39m[2m | [22m
[32mchunk-APADK6NZ.js[39m  [2m | [22m[2mfeeds-routes[22m              [2m | [22m[36m743 bytes[39m[2m | [22m
[32mchunk-ZP42BQHV.js[39m  [2m | [22m[2mcommunity-routes[22m          [2m | [22m[36m530 bytes[39m[2m | [22m
[32mchunk-X66JJRV4.js[39m  [2m | [22m[2mprofile-routes[22m            [2m | [22m[36m522 bytes[39m[2m | [22m

Application bundle generation complete. [18.785 seconds]

Component update sent to client(s).
[33m>[39m Changes detected. Rebuilding...
[32m√[39m Changes detected. Rebuilding...
[1mInitial chunk files[22m[2m | [22m[1mNames[22m                     [2m | [22m [1mRaw size[22m
[32mmain.js[39m            [2m | [22m[2mmain[22m                      [2m | [22m  [36m5.83 kB[39m[2m | [22m

[1mLazy chunk files[22m   [2m | [22m[1mNames[22m                     [2m | [22m [1mRaw size[22m
[32mchunk-QONIZ2ZN.js[39m  [2m | [22m[2mdashboard-routes[22m          [2m | [22m  [36m1.17 MB[39m[2m | [22m
[32mchunk-32IJGR7X.js[39m  [2m | [22m[2mfeed-page-mobile-component[22m[2m | [22m [36m75.87 kB[39m[2m | [22m
[32mchunk-BZDEZZYW.js[39m  [2m | [22m[2mindex[22m                     [2m | [22m [36m13.43 kB[39m[2m | [22m
[32mchunk-5W56TMOA.js[39m  [2m | [22m[2mfeeds-routes[22m              [2m | [22m[36m743 bytes[39m[2m | [22m
[32mchunk-4JWIDPIL.js[39m  [2m | [22m[2mcommunity-routes[22m          [2m | [22m[36m530 bytes[39m[2m | [22m

Application bundle generation complete. [7.207 seconds]

Component update sent to client(s).
[33m>[39m Changes detected. Rebuilding...
[32m√[39m Changes detected. Rebuilding...
[1mInitial chunk files[22m[2m | [22m[1mNames[22m                                [2m | [22m [1mRaw size[22m
[32mmain.js[39m            [2m | [22m[2mmain[22m                                 [2m | [22m  [36m5.83 kB[39m[2m | [22m

[1mLazy chunk files[22m   [2m | [22m[1mNames[22m                                [2m | [22m [1mRaw size[22m
[32mchunk-VZ2WIGIP.js[39m  [2m | [22m[2mdashboard-routes[22m                     [2m | [22m  [36m1.17 MB[39m[2m | [22m
[32mchunk-ULWXHI4L.js[39m  [2m | [22m[2mindex[22m                                [2m | [22m[36m853.43 kB[39m[2m | [22m
[32mchunk-S3H3CEIM.js[39m  [2m | [22m[2mindex[22m                                [2m | [22m[36m791.65 kB[39m[2m | [22m
[32mchunk-YR5WGMDO.js[39m  [2m | [22m[2mstorefront-component[22m                 [2m | [22m[36m556.24 kB[39m[2m | [22m
[32mchunk-3GDCMYJS.js[39m  [2m | [22m[2mproduct-details-component[22m            [2m | [22m[36m456.56 kB[39m[2m | [22m
[32mchunk-PCRFJRWM.js[39m  [2m | [22m[2mpromoter-product-details-component[22m   [2m | [22m[36m318.67 kB[39m[2m | [22m
[32mchunk-O5FQGBWV.js[39m  [2m | [22m[2mget-started-component[22m                [2m | [22m[36m311.55 kB[39m[2m | [22m
[32mchunk-52GLG3EG.js[39m  [2m | [22m[2mmarketer-product-detail-component[22m    [2m | [22m[36m302.00 kB[39m[2m | [22m
[32mchunk-AAXHQGJQ.js[39m  [2m | [22m[2mcreate-campaign-component[22m            [2m | [22m[36m271.30 kB[39m[2m | [22m
[32mchunk-S2MP7NEB.js[39m  [2m | [22m[2mpromotion-component[22m                  [2m | [22m[36m260.12 kB[39m[2m | [22m
[32mchunk-OMGHYQ5O.js[39m  [2m | [22m[2mprofile-page-component[22m               [2m | [22m[36m257.81 kB[39m[2m | [22m
[32mchunk-UYRQXCFI.js[39m  [2m | [22m[2maccount-component[22m                    [2m | [22m[36m256.39 kB[39m[2m | [22m
[32mchunk-VPU2VOXI.js[39m  [2m | [22m[2mmarketer-product-list-index-component[22m[2m | [22m[36m253.01 kB[39m[2m | [22m
[32mchunk-RU3XZ2PD.js[39m  [2m | [22m[2mpromoter-products-list-component[22m     [2m | [22m[36m237.01 kB[39m[2m | [22m
[32mchunk-A2Q5VMOJ.js[39m  [2m | [22m[2m-[22m                                    [2m | [22m[36m226.38 kB[39m[2m | [22m
[2m...and 80 more lazy chunks files. Use "--verbose" to show all the files.[22m

Application bundle generation complete. [6.448 seconds]

Page reload sent to client(s).
[33m>[39m Changes detected. Rebuilding...
[32m√[39m Changes detected. Rebuilding...

No output file changes.

Application bundle generation complete. [6.462 seconds]

[33m>[39m Changes detected. Rebuilding...
[32m√[39m Changes detected. Rebuilding...
[1mInitial chunk files[22m[2m | [22m[1mNames[22m           [2m | [22m[1mRaw size[22m
[32mmain.js[39m            [2m | [22m[2mmain[22m            [2m | [22m [36m5.83 kB[39m[2m | [22m

[1mLazy chunk files[22m   [2m | [22m[1mNames[22m           [2m | [22m[1mRaw size[22m
[32mchunk-WSZCGM4N.js[39m  [2m | [22m[2mdashboard-routes[22m[2m | [22m [36m1.17 MB[39m[2m | [22m

Application bundle generation complete. [5.896 seconds]

Page reload sent to client(s).
[33m>[39m Changes detected. Rebuilding...
[32m√[39m Changes detected. Rebuilding...
[1mInitial chunk files[22m[2m | [22m[1mNames[22m           [2m | [22m[1mRaw size[22m
[32mmain.js[39m            [2m | [22m[2mmain[22m            [2m | [22m [36m5.83 kB[39m[2m | [22m

[1mLazy chunk files[22m   [2m | [22m[1mNames[22m           [2m | [22m[1mRaw size[22m
[32mchunk-3MQPEZL5.js[39m  [2m | [22m[2mdashboard-routes[22m[2m | [22m [36m1.18 MB[39m[2m | [22m

Application bundle generation complete. [2.723 seconds]

Component update sent to client(s).
[33m>[39m Changes detected. Rebuilding...
[32m√[39m Changes detected. Rebuilding...
[1mInitial chunk files[22m[2m | [22m[1mNames[22m           [2m | [22m[1mRaw size[22m
[32mmain.js[39m            [2m | [22m[2mmain[22m            [2m | [22m [36m5.83 kB[39m[2m | [22m

[1mLazy chunk files[22m   [2m | [22m[1mNames[22m           [2m | [22m[1mRaw size[22m
[32mchunk-ONEZJOEZ.js[39m  [2m | [22m[2mdashboard-routes[22m[2m | [22m [36m1.19 MB[39m[2m | [22m

Application bundle generation complete. [4.177 seconds]

Component update sent to client(s).
[33m>[39m Changes detected. Rebuilding...
[32m√[39m Changes detected. Rebuilding...
[1mInitial chunk files[22m[2m | [22m[1mNames[22m           [2m | [22m[1mRaw size[22m
[32mmain.js[39m            [2m | [22m[2mmain[22m            [2m | [22m [36m5.83 kB[39m[2m | [22m

[1mLazy chunk files[22m   [2m | [22m[1mNames[22m           [2m | [22m[1mRaw size[22m
[32mchunk-VP4VJH72.js[39m  [2m | [22m[2mdashboard-routes[22m[2m | [22m [36m1.19 MB[39m[2m | [22m

Application bundle generation complete. [4.175 seconds]

Page reload sent to client(s).
[33m>[39m Changes detected. Rebuilding...
[32m√[39m Changes detected. Rebuilding...
[1mInitial chunk files[22m[2m | [22m[1mNames[22m           [2m | [22m[1mRaw size[22m
[32mmain.js[39m            [2m | [22m[2mmain[22m            [2m | [22m [36m5.83 kB[39m[2m | [22m

[1mLazy chunk files[22m   [2m | [22m[1mNames[22m           [2m | [22m[1mRaw size[22m
[32mchunk-QCRMU2TE.js[39m  [2m | [22m[2mdashboard-routes[22m[2m | [22m [36m1.19 MB[39m[2m | [22m

Application bundle generation complete. [8.146 seconds]

Component update sent to client(s).
[33m>[39m Changes detected. Rebuilding...
[32m√[39m Changes detected. Rebuilding...
[1mInitial chunk files[22m[2m | [22m[1mNames[22m           [2m | [22m[1mRaw size[22m
[32mmain.js[39m            [2m | [22m[2mmain[22m            [2m | [22m [36m5.83 kB[39m[2m | [22m

[1mLazy chunk files[22m   [2m | [22m[1mNames[22m           [2m | [22m[1mRaw size[22m
[32mchunk-OXD46KEK.js[39m  [2m | [22m[2mdashboard-routes[22m[2m | [22m [36m1.19 MB[39m[2m | [22m

Application bundle generation complete. [5.622 seconds]

Page reload sent to client(s).
[33m>[39m Changes detected. Rebuilding...
[32m√[39m Changes detected. Rebuilding...
[1mInitial chunk files[22m[2m | [22m[1mNames[22m                     [2m | [22m[1mRaw size[22m
[32mmain.js[39m            [2m | [22m[2mmain[22m                      [2m | [22m [36m5.83 kB[39m[2m | [22m

[1mLazy chunk files[22m   [2m | [22m[1mNames[22m                     [2m | [22m[1mRaw size[22m
[32mchunk-IYF7ULBR.js[39m  [2m | [22m[2mpublic-feed-post-component[22m[2m | [22m[36m18.72 kB[39m[2m | [22m

Application bundle generation complete. [5.288 seconds]

Page reload sent to client(s).
[33m>[39m Changes detected. Rebuilding...
[32m√[39m Changes detected. Rebuilding...
[1mInitial chunk files[22m[2m | [22m[1mNames[22m           [2m | [22m[1mRaw size[22m
[32mmain.js[39m            [2m | [22m[2mmain[22m            [2m | [22m [36m5.83 kB[39m[2m | [22m

[1mLazy chunk files[22m   [2m | [22m[1mNames[22m           [2m | [22m[1mRaw size[22m
[32mchunk-AQKSMESC.js[39m  [2m | [22m[2mdashboard-routes[22m[2m | [22m [36m1.19 MB[39m[2m | [22m

Application bundle generation complete. [8.779 seconds]

Component update sent to client(s).
[33m>[39m Changes detected. Rebuilding...
[32m√[39m Changes detected. Rebuilding...
[1mInitial chunk files[22m[2m | [22m[1mNames[22m           [2m | [22m[1mRaw size[22m
[32mmain.js[39m            [2m | [22m[2mmain[22m            [2m | [22m [36m5.83 kB[39m[2m | [22m

[1mLazy chunk files[22m   [2m | [22m[1mNames[22m           [2m | [22m[1mRaw size[22m
[32mchunk-LYTGJH5L.js[39m  [2m | [22m[2mdashboard-routes[22m[2m | [22m [36m1.19 MB[39m[2m | [22m

Application bundle generation complete. [20.907 seconds]

Component update sent to client(s).
[33m>[39m Changes detected. Rebuilding...
[32m√[39m Changes detected. Rebuilding...
[1mInitial chunk files[22m[2m | [22m[1mNames[22m           [2m | [22m[1mRaw size[22m
[32mmain.js[39m            [2m | [22m[2mmain[22m            [2m | [22m [36m5.83 kB[39m[2m | [22m

[1mLazy chunk files[22m   [2m | [22m[1mNames[22m           [2m | [22m[1mRaw size[22m
[32mchunk-LI6P2NHK.js[39m  [2m | [22m[2mdashboard-routes[22m[2m | [22m [36m1.19 MB[39m[2m | [22m

Application bundle generation complete. [9.153 seconds]

Component update sent to client(s).
[33m>[39m Changes detected. Rebuilding...
[32m√[39m Changes detected. Rebuilding...
[1mInitial chunk files[22m[2m | [22m[1mNames[22m           [2m | [22m[1mRaw size[22m
[32mmain.js[39m            [2m | [22m[2mmain[22m            [2m | [22m [36m5.83 kB[39m[2m | [22m

[1mLazy chunk files[22m   [2m | [22m[1mNames[22m           [2m | [22m[1mRaw size[22m
[32mchunk-LYTGJH5L.js[39m  [2m | [22m[2mdashboard-routes[22m[2m | [22m [36m1.19 MB[39m[2m | [22m

Application bundle generation complete. [6.673 seconds]

Component update sent to client(s).
[33m>[39m Changes detected. Rebuilding...
[32m√[39m Changes detected. Rebuilding...
[1mInitial chunk files[22m[2m | [22m[1mNames[22m           [2m | [22m[1mRaw size[22m
[32mmain.js[39m            [2m | [22m[2mmain[22m            [2m | [22m [36m5.83 kB[39m[2m | [22m

[1mLazy chunk files[22m   [2m | [22m[1mNames[22m           [2m | [22m[1mRaw size[22m
[32mchunk-XBY22NSF.js[39m  [2m | [22m[2mdashboard-routes[22m[2m | [22m [36m1.19 MB[39m[2m | [22m

Application bundle generation complete. [7.632 seconds]

Component update sent to client(s).
[33m>[39m Changes detected. Rebuilding...
[32m√[39m Changes detected. Rebuilding...
[1mInitial chunk files[22m[2m | [22m[1mNames[22m           [2m | [22m[1mRaw size[22m
[32mmain.js[39m            [2m | [22m[2mmain[22m            [2m | [22m [36m5.83 kB[39m[2m | [22m

[1mLazy chunk files[22m   [2m | [22m[1mNames[22m           [2m | [22m[1mRaw size[22m
[32mchunk-LYTGJH5L.js[39m  [2m | [22m[2mdashboard-routes[22m[2m | [22m [36m1.19 MB[39m[2m | [22m

Application bundle generation complete. [5.599 seconds]

Component update sent to client(s).
[33m>[39m Changes detected. Rebuilding...
[32m√[39m Changes detected. Rebuilding...
[1mInitial chunk files[22m[2m | [22m[1mNames[22m                [2m | [22m[1mRaw size[22m
[32mmain.js[39m            [2m | [22m[2mmain[22m                 [2m | [22m [36m5.83 kB[39m[2m | [22m

[1mLazy chunk files[22m   [2m | [22m[1mNames[22m                [2m | [22m[1mRaw size[22m
[32mchunk-MBN4W47P.js[39m  [2m | [22m[2mdashboard-routes[22m     [2m | [22m [36m1.19 MB[39m[2m | [22m
[32mchunk-4L5PYVNK.js[39m  [2m | [22m[2mleaderboard-component[22m[2m | [22m[36m69.15 kB[39m[2m | [22m

Application bundle generation complete. [20.004 seconds]

Page reload sent to client(s).
[33m>[39m Changes detected. Rebuilding...
[32m√[39m Changes detected. Rebuilding...
[1mInitial chunk files[22m[2m | [22m[1mNames[22m                [2m | [22m[1mRaw size[22m
[32mmain.js[39m            [2m | [22m[2mmain[22m                 [2m | [22m [36m5.83 kB[39m[2m | [22m

[1mLazy chunk files[22m   [2m | [22m[1mNames[22m                [2m | [22m[1mRaw size[22m
[32mchunk-VY7FRHNH.js[39m  [2m | [22m[2mdashboard-routes[22m     [2m | [22m [36m1.19 MB[39m[2m | [22m
[32mchunk-QE525LUS.js[39m  [2m | [22m[2mleaderboard-component[22m[2m | [22m[36m69.61 kB[39m[2m | [22m

Application bundle generation complete. [4.698 seconds]

Component update sent to client(s).
[33m>[39m Changes detected. Rebuilding...
[32m√[39m Changes detected. Rebuilding...
[1mInitial chunk files[22m[2m | [22m[1mNames[22m                [2m | [22m[1mRaw size[22m
[32mmain.js[39m            [2m | [22m[2mmain[22m                 [2m | [22m [36m5.83 kB[39m[2m | [22m

[1mLazy chunk files[22m   [2m | [22m[1mNames[22m                [2m | [22m[1mRaw size[22m
[32mchunk-4KTOJUNH.js[39m  [2m | [22m[2mdashboard-routes[22m     [2m | [22m [36m1.19 MB[39m[2m | [22m
[32mchunk-WWKLNFCH.js[39m  [2m | [22m[2mleaderboard-component[22m[2m | [22m[36m69.65 kB[39m[2m | [22m

Application bundle generation complete. [9.333 seconds]

Component update sent to client(s).
[33m>[39m Changes detected. Rebuilding...
[32m√[39m Changes detected. Rebuilding...
[1mInitial chunk files[22m[2m | [22m[1mNames[22m           [2m | [22m[1mRaw size[22m
[32mmain.js[39m            [2m | [22m[2mmain[22m            [2m | [22m [36m5.83 kB[39m[2m | [22m

[1mLazy chunk files[22m   [2m | [22m[1mNames[22m           [2m | [22m[1mRaw size[22m
[32mchunk-SIC6EWKX.js[39m  [2m | [22m[2mdashboard-routes[22m[2m | [22m [36m1.19 MB[39m[2m | [22m

Application bundle generation complete. [9.602 seconds]

Component update sent to client(s).
[33m>[39m Changes detected. Rebuilding...
[32m√[39m Changes detected. Rebuilding...
[1mInitial chunk files[22m[2m | [22m[1mNames[22m           [2m | [22m[1mRaw size[22m
[32mmain.js[39m            [2m | [22m[2mmain[22m            [2m | [22m [36m5.83 kB[39m[2m | [22m

[1mLazy chunk files[22m   [2m | [22m[1mNames[22m           [2m | [22m[1mRaw size[22m
[32mchunk-4KTOJUNH.js[39m  [2m | [22m[2mdashboard-routes[22m[2m | [22m [36m1.19 MB[39m[2m | [22m

Application bundle generation complete. [6.271 seconds]

Component update sent to client(s).
[33m>[39m Changes detected. Rebuilding...
[32m√[39m Changes detected. Rebuilding...
[1mInitial chunk files[22m[2m | [22m[1mNames[22m           [2m | [22m[1mRaw size[22m
[32mmain.js[39m            [2m | [22m[2mmain[22m            [2m | [22m [36m5.83 kB[39m[2m | [22m

[1mLazy chunk files[22m   [2m | [22m[1mNames[22m           [2m | [22m[1mRaw size[22m
[32mchunk-ZFFFAIQO.js[39m  [2m | [22m[2mdashboard-routes[22m[2m | [22m [36m1.19 MB[39m[2m | [22m

Application bundle generation complete. [8.779 seconds]

Component update sent to client(s).
[33m>[39m Changes detected. Rebuilding...
[32m√[39m Changes detected. Rebuilding...

No output file changes.

Application bundle generation complete. [9.287 seconds]

Component update sent to client(s).
[33m>[39m Changes detected. Rebuilding...
[32m√[39m Changes detected. Rebuilding...
[1mInitial chunk files[22m[2m | [22m[1mNames[22m                     [2m | [22m [1mRaw size[22m
[32mmain.js[39m            [2m | [22m[2mmain[22m                      [2m | [22m  [36m5.83 kB[39m[2m | [22m

[1mLazy chunk files[22m   [2m | [22m[1mNames[22m                     [2m | [22m [1mRaw size[22m
[32mchunk-C4TO3SHD.js[39m  [2m | [22m[2mdashboard-routes[22m          [2m | [22m  [36m1.19 MB[39m[2m | [22m
[32mchunk-VFKFCB5Q.js[39m  [2m | [22m[2mprofile-page-component[22m    [2m | [22m[36m257.81 kB[39m[2m | [22m
[32mchunk-7LFZ3YZR.js[39m  [2m | [22m[2mfeed-page-component[22m       [2m | [22m[36m129.72 kB[39m[2m | [22m
[32mchunk-MH7WDTMN.js[39m  [2m | [22m[2mfeed-page-mobile-component[22m[2m | [22m [36m75.87 kB[39m[2m | [22m
[32mchunk-XYF6H6G2.js[39m  [2m | [22m[2mindex[22m                     [2m | [22m [36m13.43 kB[39m[2m | [22m
[32mchunk-G5EPHEYH.js[39m  [2m | [22m[2m-[22m                         [2m | [22m  [36m2.65 kB[39m[2m | [22m
[32mchunk-PREHI7ER.js[39m  [2m | [22m[2mfeeds-routes[22m              [2m | [22m[36m743 bytes[39m[2m | [22m
[32mchunk-QHUO6KDR.js[39m  [2m | [22m[2mcommunity-routes[22m          [2m | [22m[36m530 bytes[39m[2m | [22m
[32mchunk-LGTI2CCJ.js[39m  [2m | [22m[2mprofile-routes[22m            [2m | [22m[36m522 bytes[39m[2m | [22m

Application bundle generation complete. [16.489 seconds]

Page reload sent to client(s).
[33m>[39m Changes detected. Rebuilding...
[32m√[39m Changes detected. Rebuilding...
[1mInitial chunk files[22m[2m | [22m[1mNames[22m                     [2m | [22m [1mRaw size[22m
[32mmain.js[39m            [2m | [22m[2mmain[22m                      [2m | [22m  [36m5.83 kB[39m[2m | [22m

[1mLazy chunk files[22m   [2m | [22m[1mNames[22m                     [2m | [22m [1mRaw size[22m
[32mchunk-QPJSSRV2.js[39m  [2m | [22m[2mdashboard-routes[22m          [2m | [22m  [36m1.19 MB[39m[2m | [22m
[32mchunk-IFND6I2T.js[39m  [2m | [22m[2mprofile-page-component[22m    [2m | [22m[36m257.81 kB[39m[2m | [22m
[32mchunk-WQNETXGB.js[39m  [2m | [22m[2mcreate-feed-component[22m     [2m | [22m[36m184.95 kB[39m[2m | [22m
[32mchunk-LABKUN4Q.js[39m  [2m | [22m[2mfeed-page-component[22m       [2m | [22m[36m129.72 kB[39m[2m | [22m
[32mchunk-WABKCBUU.js[39m  [2m | [22m[2m-[22m                         [2m | [22m[36m124.99 kB[39m[2m | [22m
[32mchunk-4DLIQAVZ.js[39m  [2m | [22m[2mfeed-page-mobile-component[22m[2m | [22m [36m75.87 kB[39m[2m | [22m
[32mchunk-HZOEI5YS.js[39m  [2m | [22m[2m-[22m                         [2m | [22m [36m64.11 kB[39m[2m | [22m
[32mchunk-TVRDQTJ4.js[39m  [2m | [22m[2mpublic-feed-post-component[22m[2m | [22m [36m18.72 kB[39m[2m | [22m
[32mchunk-WVOC2WJL.js[39m  [2m | [22m[2m-[22m                         [2m | [22m [36m17.82 kB[39m[2m | [22m
[32mchunk-WDHEPPVB.js[39m  [2m | [22m[2mindex[22m                     [2m | [22m [36m13.43 kB[39m[2m | [22m
[32mchunk-ZKONXQTX.js[39m  [2m | [22m[2mfeeds-routes[22m              [2m | [22m[36m743 bytes[39m[2m | [22m
[32mchunk-BMPQOXRB.js[39m  [2m | [22m[2mcommunity-routes[22m          [2m | [22m[36m530 bytes[39m[2m | [22m
[32mchunk-MKJG2IQN.js[39m  [2m | [22m[2mprofile-routes[22m            [2m | [22m[36m522 bytes[39m[2m | [22m

Application bundle generation complete. [7.811 seconds]

Page reload sent to client(s).
[33m>[39m Changes detected. Rebuilding...
[32m√[39m Changes detected. Rebuilding...
[1mInitial chunk files[22m[2m | [22m[1mNames[22m           [2m | [22m[1mRaw size[22m
[32mmain.js[39m            [2m | [22m[2mmain[22m            [2m | [22m [36m5.83 kB[39m[2m | [22m

[1mLazy chunk files[22m   [2m | [22m[1mNames[22m           [2m | [22m[1mRaw size[22m
[32mchunk-D2ZCBZ7R.js[39m  [2m | [22m[2mdashboard-routes[22m[2m | [22m [36m1.20 MB[39m[2m | [22m

Application bundle generation complete. [6.133 seconds]

Page reload sent to client(s).
[33m>[39m Changes detected. Rebuilding...
[32m√[39m Changes detected. Rebuilding...
[1mInitial chunk files[22m[2m | [22m[1mNames[22m           [2m | [22m[1mRaw size[22m
[32mmain.js[39m            [2m | [22m[2mmain[22m            [2m | [22m [36m5.83 kB[39m[2m | [22m

[1mLazy chunk files[22m   [2m | [22m[1mNames[22m           [2m | [22m[1mRaw size[22m
[32mchunk-JWG5REUB.js[39m  [2m | [22m[2mdashboard-routes[22m[2m | [22m [36m1.20 MB[39m[2m | [22m

Application bundle generation complete. [7.989 seconds]

Page reload sent to client(s).
[33m>[39m Changes detected. Rebuilding...
[32m√[39m Changes detected. Rebuilding...
[1mInitial chunk files[22m[2m | [22m[1mNames[22m                 [2m | [22m[1mRaw size[22m
[32mmain.js[39m            [2m | [22m[2mmain[22m                  [2m | [22m [36m5.83 kB[39m[2m | [22m

[1mLazy chunk files[22m   [2m | [22m[1mNames[22m                 [2m | [22m[1mRaw size[22m
[32mchunk-J7WEVWKX.js[39m  [2m | [22m[2mdashboard-routes[22m      [2m | [22m [36m1.20 MB[39m[2m | [22m
[32mchunk-EWZJ6VO7.js[39m  [2m | [22m[2mgamification-component[22m[2m | [22m[36m60.21 kB[39m[2m | [22m

Application bundle generation complete. [4.588 seconds]

Page reload sent to client(s).
[33m>[39m Changes detected. Rebuilding...
[32m√[39m Changes detected. Rebuilding...
[1mInitial chunk files[22m[2m | [22m[1mNames[22m                 [2m | [22m[1mRaw size[22m
[32mmain.js[39m            [2m | [22m[2mmain[22m                  [2m | [22m [36m5.83 kB[39m[2m | [22m

[1mLazy chunk files[22m   [2m | [22m[1mNames[22m                 [2m | [22m[1mRaw size[22m
[32mchunk-K7KYIMGY.js[39m  [2m | [22m[2mdashboard-routes[22m      [2m | [22m [36m1.20 MB[39m[2m | [22m
[32mchunk-OSSWCFXH.js[39m  [2m | [22m[2mgamification-component[22m[2m | [22m [36m3.46 kB[39m[2m | [22m

Application bundle generation complete. [3.476 seconds]

Page reload sent to client(s).
[33m>[39m Changes detected. Rebuilding...
[32m√[39m Changes detected. Rebuilding...

No output file changes.

Application bundle generation complete. [0.022 seconds]

[33m>[39m Changes detected. Rebuilding...
[32m√[39m Changes detected. Rebuilding...
[1mInitial chunk files[22m[2m | [22m[1mNames[22m                 [2m | [22m[1mRaw size[22m
[32mmain.js[39m            [2m | [22m[2mmain[22m                  [2m | [22m [36m5.83 kB[39m[2m | [22m

[1mLazy chunk files[22m   [2m | [22m[1mNames[22m                 [2m | [22m[1mRaw size[22m
[32mchunk-FMOSTU22.js[39m  [2m | [22m[2mdashboard-routes[22m      [2m | [22m [36m1.20 MB[39m[2m | [22m
[32mchunk-CYE2RO3P.js[39m  [2m | [22m[2mgamification-component[22m[2m | [22m[36m81.70 kB[39m[2m | [22m

Application bundle generation complete. [5.572 seconds]

Component update sent to client(s).
[33m>[39m Changes detected. Rebuilding...
[32m√[39m Changes detected. Rebuilding...
[1mInitial chunk files[22m[2m | [22m[1mNames[22m                     [2m | [22m [1mRaw size[22m
[32mmain.js[39m            [2m | [22m[2mmain[22m                      [2m | [22m  [36m5.83 kB[39m[2m | [22m

[1mLazy chunk files[22m   [2m | [22m[1mNames[22m                     [2m | [22m [1mRaw size[22m
[32mchunk-CMHAIDVV.js[39m  [2m | [22m[2mdashboard-routes[22m          [2m | [22m  [36m1.20 MB[39m[2m | [22m
[32mchunk-CNWFPYLN.js[39m  [2m | [22m[2mpromotion-component[22m       [2m | [22m[36m260.12 kB[39m[2m | [22m
[32mchunk-NWM2IEBG.js[39m  [2m | [22m[2mpromotion-detail-component[22m[2m | [22m[36m209.89 kB[39m[2m | [22m
[32mchunk-BV64YNPX.js[39m  [2m | [22m[2m-[22m                         [2m | [22m  [36m8.81 kB[39m[2m | [22m
[32mchunk-34VXWTSS.js[39m  [2m | [22m[2mcampaign-routes[22m           [2m | [22m  [36m1.57 kB[39m[2m | [22m

Application bundle generation complete. [4.301 seconds]

Page reload sent to client(s).
[33m>[39m Changes detected. Rebuilding...
[32m√[39m Changes detected. Rebuilding...
[1mInitial chunk files[22m[2m | [22m[1mNames[22m              [2m | [22m [1mRaw size[22m
[32mmain.js[39m            [2m | [22m[2mmain[22m               [2m | [22m  [36m5.83 kB[39m[2m | [22m

[1mLazy chunk files[22m   [2m | [22m[1mNames[22m              [2m | [22m [1mRaw size[22m
[32mchunk-ZLKEEF47.js[39m  [2m | [22m[2mdashboard-routes[22m   [2m | [22m  [36m1.20 MB[39m[2m | [22m
[32mchunk-R6U56RA4.js[39m  [2m | [22m[2mpromotion-component[22m[2m | [22m[36m260.01 kB[39m[2m | [22m
[32mchunk-7XXB3ROW.js[39m  [2m | [22m[2mcampaign-routes[22m    [2m | [22m  [36m1.57 kB[39m[2m | [22m

Application bundle generation complete. [7.908 seconds]

Page reload sent to client(s).
[33m>[39m Changes detected. Rebuilding...
[32m√[39m Changes detected. Rebuilding...
[1mInitial chunk files[22m[2m | [22m[1mNames[22m                     [2m | [22m [1mRaw size[22m
[32mmain.js[39m            [2m | [22m[2mmain[22m                      [2m | [22m  [36m5.83 kB[39m[2m | [22m

[1mLazy chunk files[22m   [2m | [22m[1mNames[22m                     [2m | [22m [1mRaw size[22m
[32mchunk-OM4RXYYK.js[39m  [2m | [22m[2mdashboard-routes[22m          [2m | [22m  [36m1.20 MB[39m[2m | [22m
[32mchunk-C7YMROOF.js[39m  [2m | [22m[2mpromotion-detail-component[22m[2m | [22m[36m209.78 kB[39m[2m | [22m
[32mchunk-37RVHKAL.js[39m  [2m | [22m[2mcampaign-routes[22m           [2m | [22m  [36m1.57 kB[39m[2m | [22m

Application bundle generation complete. [2.355 seconds]

Page reload sent to client(s).
[33m>[39m Changes detected. Rebuilding...
[32m√[39m Changes detected. Rebuilding...

No output file changes.

Application bundle generation complete. [2.698 seconds]

[33m>[39m Changes detected. Rebuilding...
[32m√[39m Changes detected. Rebuilding...
[1mInitial chunk files[22m[2m | [22m[1mNames[22m              [2m | [22m [1mRaw size[22m
[32mmain.js[39m            [2m | [22m[2mmain[22m               [2m | [22m  [36m5.83 kB[39m[2m | [22m

[1mLazy chunk files[22m   [2m | [22m[1mNames[22m              [2m | [22m [1mRaw size[22m
[32mchunk-B4AYSBZP.js[39m  [2m | [22m[2mdashboard-routes[22m   [2m | [22m  [36m1.20 MB[39m[2m | [22m
[32mchunk-MIGPN2HE.js[39m  [2m | [22m[2mpromotion-component[22m[2m | [22m[36m260.15 kB[39m[2m | [22m
[32mchunk-AKVFWDWC.js[39m  [2m | [22m[2mcampaign-routes[22m    [2m | [22m  [36m1.57 kB[39m[2m | [22m

Application bundle generation complete. [3.463 seconds]

Page reload sent to client(s).
[33m>[39m Changes detected. Rebuilding...
[32m√[39m Changes detected. Rebuilding...
[1mInitial chunk files[22m[2m | [22m[1mNames[22m              [2m | [22m [1mRaw size[22m
[32mmain.js[39m            [2m | [22m[2mmain[22m               [2m | [22m  [36m5.83 kB[39m[2m | [22m

[1mLazy chunk files[22m   [2m | [22m[1mNames[22m              [2m | [22m [1mRaw size[22m
[32mchunk-6W6SWZZ6.js[39m  [2m | [22m[2mdashboard-routes[22m   [2m | [22m  [36m1.20 MB[39m[2m | [22m
[32mchunk-IPNM6TEE.js[39m  [2m | [22m[2mpromotion-component[22m[2m | [22m[36m260.34 kB[39m[2m | [22m
[32mchunk-767DCPUH.js[39m  [2m | [22m[2mcampaign-routes[22m    [2m | [22m  [36m1.57 kB[39m[2m | [22m

Application bundle generation complete. [5.154 seconds]

Component update sent to client(s).
[33m>[39m Changes detected. Rebuilding...
[32m√[39m Changes detected. Rebuilding...
[1mInitial chunk files[22m[2m | [22m[1mNames[22m                 [2m | [22m [1mRaw size[22m
[32mmain.js[39m            [2m | [22m[2mmain[22m                  [2m | [22m  [36m5.83 kB[39m[2m | [22m

[1mLazy chunk files[22m   [2m | [22m[1mNames[22m                 [2m | [22m [1mRaw size[22m
[32mchunk-VGP6ONNB.js[39m  [2m | [22m[2mdashboard-routes[22m      [2m | [22m  [36m1.20 MB[39m[2m | [22m
[32mchunk-BLKBWPY5.js[39m  [2m | [22m[2mprofile-page-component[22m[2m | [22m[36m258.62 kB[39m[2m | [22m
[32mchunk-2OCQ4KXV.js[39m  [2m | [22m[2mprofile-routes[22m        [2m | [22m[36m522 bytes[39m[2m | [22m

Application bundle generation complete. [5.105 seconds]

Page reload sent to client(s).
[33m>[39m Changes detected. Rebuilding...
[32m√[39m Changes detected. Rebuilding...
[1mInitial chunk files[22m[2m | [22m[1mNames[22m                 [2m | [22m [1mRaw size[22m
[32mmain.js[39m            [2m | [22m[2mmain[22m                  [2m | [22m  [36m5.83 kB[39m[2m | [22m

[1mLazy chunk files[22m   [2m | [22m[1mNames[22m                 [2m | [22m [1mRaw size[22m
[32mchunk-FNS5ETVR.js[39m  [2m | [22m[2mdashboard-routes[22m      [2m | [22m  [36m1.20 MB[39m[2m | [22m
[32mchunk-LTKMOVWJ.js[39m  [2m | [22m[2mprofile-page-component[22m[2m | [22m[36m258.95 kB[39m[2m | [22m
[32mchunk-UHSGX5CA.js[39m  [2m | [22m[2mprofile-routes[22m        [2m | [22m[36m522 bytes[39m[2m | [22m

Application bundle generation complete. [4.671 seconds]

Component update sent to client(s).
[33m>[39m Changes detected. Rebuilding...
[32m√[39m Changes detected. Rebuilding...
[1mInitial chunk files[22m[2m | [22m[1mNames[22m                  [2m | [22m [1mRaw size[22m
[32mmain.js[39m            [2m | [22m[2mmain[22m                   [2m | [22m  [36m5.83 kB[39m[2m | [22m

[1mLazy chunk files[22m   [2m | [22m[1mNames[22m                  [2m | [22m [1mRaw size[22m
[32mchunk-5F75Z5FH.js[39m  [2m | [22m[2mdashboard-routes[22m       [2m | [22m  [36m1.20 MB[39m[2m | [22m
[32mchunk-IPIYSLPS.js[39m  [2m | [22m[2mforum-page-component[22m   [2m | [22m[36m213.46 kB[39m[2m | [22m
[32mchunk-PNNJEWSE.js[39m  [2m | [22m[2m-[22m                      [2m | [22m [36m72.54 kB[39m[2m | [22m
[32mchunk-O422I3CA.js[39m  [2m | [22m[2mforum-routes[22m           [2m | [22m  [36m1.52 kB[39m[2m | [22m
[32mchunk-JUIYQS4H.js[39m  [2m | [22m[2mcommunity-routes[22m       [2m | [22m[36m530 bytes[39m[2m | [22m
[32mchunk-JY4MYFIU.js[39m  [2m | [22m[2mcreate-thread-component[22m[2m | [22m[36m262 bytes[39m[2m | [22m

Application bundle generation complete. [7.190 seconds]

Page reload sent to client(s).
[33m>[39m Changes detected. Rebuilding...
[32m√[39m Changes detected. Rebuilding...
[1mInitial chunk files[22m[2m | [22m[1mNames[22m                  [2m | [22m [1mRaw size[22m
[32mmain.js[39m            [2m | [22m[2mmain[22m                   [2m | [22m  [36m5.83 kB[39m[2m | [22m

[1mLazy chunk files[22m   [2m | [22m[1mNames[22m                  [2m | [22m [1mRaw size[22m
[32mchunk-53GY7RWN.js[39m  [2m | [22m[2mdashboard-routes[22m       [2m | [22m  [36m1.20 MB[39m[2m | [22m
[32mchunk-Q72XDCJY.js[39m  [2m | [22m[2mforum-page-component[22m   [2m | [22m[36m213.46 kB[39m[2m | [22m
[32mchunk-AGG7XKML.js[39m  [2m | [22m[2m-[22m                      [2m | [22m [36m72.50 kB[39m[2m | [22m
[32mchunk-HZ74CIVO.js[39m  [2m | [22m[2mforum-routes[22m           [2m | [22m  [36m1.52 kB[39m[2m | [22m
[32mchunk-WWEEBYXQ.js[39m  [2m | [22m[2mcommunity-routes[22m       [2m | [22m[36m530 bytes[39m[2m | [22m
[32mchunk-SVN65JW4.js[39m  [2m | [22m[2mcreate-thread-component[22m[2m | [22m[36m262 bytes[39m[2m | [22m

Application bundle generation complete. [13.642 seconds]

Component update sent to client(s).
[33m>[39m Changes detected. Rebuilding...
[32m√[39m Changes detected. Rebuilding...

No output file changes.

Application bundle generation complete. [12.673 seconds]

[33m>[39m Changes detected. Rebuilding...
[32m√[39m Changes detected. Rebuilding...
[1mInitial chunk files[22m[2m | [22m[1mNames[22m                                [2m | [22m [1mRaw size[22m
[32mmain.js[39m            [2m | [22m[2mmain[22m                                 [2m | [22m  [36m5.83 kB[39m[2m | [22m

[1mLazy chunk files[22m   [2m | [22m[1mNames[22m                                [2m | [22m [1mRaw size[22m
[32mchunk-3CZTGMOX.js[39m  [2m | [22m[2mdashboard-routes[22m                     [2m | [22m  [36m1.20 MB[39m[2m | [22m
[32mchunk-DRDBPUAR.js[39m  [2m | [22m[2mindex[22m                                [2m | [22m[36m853.43 kB[39m[2m | [22m
[32mchunk-T33OLNX5.js[39m  [2m | [22m[2mindex[22m                                [2m | [22m[36m791.65 kB[39m[2m | [22m
[32mchunk-G25L4Z6Y.js[39m  [2m | [22m[2mstorefront-component[22m                 [2m | [22m[36m556.24 kB[39m[2m | [22m
[32mchunk-6OZ2L2T4.js[39m  [2m | [22m[2mproduct-details-component[22m            [2m | [22m[36m456.56 kB[39m[2m | [22m
[32mchunk-4SQGECXQ.js[39m  [2m | [22m[2mpromoter-product-details-component[22m   [2m | [22m[36m318.67 kB[39m[2m | [22m
[32mchunk-VQZXQFVN.js[39m  [2m | [22m[2mget-started-component[22m                [2m | [22m[36m311.55 kB[39m[2m | [22m
[32mchunk-PA5K6SVC.js[39m  [2m | [22m[2mmarketer-product-detail-component[22m    [2m | [22m[36m302.00 kB[39m[2m | [22m
[32mchunk-WTD7VFIS.js[39m  [2m | [22m[2mcreate-campaign-component[22m            [2m | [22m[36m271.30 kB[39m[2m | [22m
[32mchunk-VA65D4EG.js[39m  [2m | [22m[2mpromotion-component[22m                  [2m | [22m[36m260.34 kB[39m[2m | [22m
[32mchunk-B7K6WJBF.js[39m  [2m | [22m[2mprofile-page-component[22m               [2m | [22m[36m258.95 kB[39m[2m | [22m
[32mchunk-LYZPGDLX.js[39m  [2m | [22m[2maccount-component[22m                    [2m | [22m[36m256.39 kB[39m[2m | [22m
[32mchunk-F4J5NO35.js[39m  [2m | [22m[2mmarketer-product-list-index-component[22m[2m | [22m[36m253.01 kB[39m[2m | [22m
[32mchunk-KZBKZDJ7.js[39m  [2m | [22m[2mpromoter-products-list-component[22m     [2m | [22m[36m237.01 kB[39m[2m | [22m
[32mchunk-3WWCBFLK.js[39m  [2m | [22m[2m-[22m                                    [2m | [22m[36m226.38 kB[39m[2m | [22m
[2m...and 80 more lazy chunks files. Use "--verbose" to show all the files.[22m

Application bundle generation complete. [12.485 seconds]

Page reload sent to client(s).
[33m>[39m Changes detected. Rebuilding...
[32m√[39m Changes detected. Rebuilding...
Application bundle generation failed. [2.847 seconds]

[33m>[39m Changes detected. Rebuilding...
[32m√[39m Changes detected. Rebuilding...
[1mInitial chunk files[22m[2m | [22m[1mNames[22m                                [2m | [22m [1mRaw size[22m
[32mstyles.css[39m         [2m | [22m[2mstyles[22m                               [2m | [22m [36m92.80 kB[39m[2m | [22m
[32mmain.js[39m            [2m | [22m[2mmain[22m                                 [2m | [22m  [36m5.83 kB[39m[2m | [22m
[32mchunk-PH6ZXBVE.js[39m  [2m | [22m[2m-[22m                                    [2m | [22m  [36m3.88 kB[39m[2m | [22m
[32mchunk-CZJLB7T5.js[39m  [2m | [22m[2m-[22m                                    [2m | [22m  [36m1.08 kB[39m[2m | [22m

[1m [22m                  [2m | [22m[1mInitial total[22m                        [2m | [22m[1m103.59 kB[22m

[1mLazy chunk files[22m   [2m | [22m[1mNames[22m                                [2m | [22m [1mRaw size[22m
[32mchunk-AQS5EV4W.js[39m  [2m | [22m[2mdashboard-routes[22m                     [2m | [22m  [36m1.20 MB[39m[2m | [22m
[32mchunk-DRDBPUAR.js[39m  [2m | [22m[2mindex[22m                                [2m | [22m[36m853.43 kB[39m[2m | [22m
[32mchunk-CFOVBXB6.js[39m  [2m | [22m[2mindex[22m                                [2m | [22m[36m791.68 kB[39m[2m | [22m
[32mchunk-G25L4Z6Y.js[39m  [2m | [22m[2mstorefront-component[22m                 [2m | [22m[36m556.24 kB[39m[2m | [22m
[32mchunk-6OZ2L2T4.js[39m  [2m | [22m[2mproduct-details-component[22m            [2m | [22m[36m456.56 kB[39m[2m | [22m
[32mchunk-4SQGECXQ.js[39m  [2m | [22m[2mpromoter-product-details-component[22m   [2m | [22m[36m318.67 kB[39m[2m | [22m
[32mchunk-VQZXQFVN.js[39m  [2m | [22m[2mget-started-component[22m                [2m | [22m[36m311.55 kB[39m[2m | [22m
[32mchunk-PA5K6SVC.js[39m  [2m | [22m[2mmarketer-product-detail-component[22m    [2m | [22m[36m302.00 kB[39m[2m | [22m
[32mchunk-MLQYV54O.js[39m  [2m | [22m[2m-[22m                                    [2m | [22m[36m299.41 kB[39m[2m | [22m
[32mchunk-WTD7VFIS.js[39m  [2m | [22m[2mcreate-campaign-component[22m            [2m | [22m[36m271.30 kB[39m[2m | [22m
[32mchunk-VA65D4EG.js[39m  [2m | [22m[2mpromotion-component[22m                  [2m | [22m[36m260.34 kB[39m[2m | [22m
[32mchunk-B7K6WJBF.js[39m  [2m | [22m[2mprofile-page-component[22m               [2m | [22m[36m258.95 kB[39m[2m | [22m
[32mchunk-LYZPGDLX.js[39m  [2m | [22m[2maccount-component[22m                    [2m | [22m[36m256.39 kB[39m[2m | [22m
[32mchunk-F4J5NO35.js[39m  [2m | [22m[2mmarketer-product-list-index-component[22m[2m | [22m[36m253.01 kB[39m[2m | [22m
[32mchunk-KZBKZDJ7.js[39m  [2m | [22m[2mpromoter-products-list-component[22m     [2m | [22m[36m237.01 kB[39m[2m | [22m
[2m...and 111 more lazy chunks files. Use "--verbose" to show all the files.[22m

Application bundle generation complete. [2.986 seconds]

Page reload sent to client(s).
[33m>[39m Changes detected. Rebuilding...
[32m√[39m Changes detected. Rebuilding...
[1mInitial chunk files[22m[2m | [22m[1mNames[22m                     [2m | [22m [1mRaw size[22m
[32mmain.js[39m            [2m | [22m[2mmain[22m                      [2m | [22m  [36m5.83 kB[39m[2m | [22m

[1mLazy chunk files[22m   [2m | [22m[1mNames[22m                     [2m | [22m [1mRaw size[22m
[32mchunk-PE3ALXYF.js[39m  [2m | [22m[2mdashboard-routes[22m          [2m | [22m  [36m1.20 MB[39m[2m | [22m
[32mchunk-6Q47ACC2.js[39m  [2m | [22m[2mcampaign-details-component[22m[2m | [22m[36m232.99 kB[39m[2m | [22m
[32mchunk-RES4FSC2.js[39m  [2m | [22m[2mcampaign-routes[22m           [2m | [22m  [36m1.57 kB[39m[2m | [22m

Application bundle generation complete. [4.053 seconds]

Page reload sent to client(s).
[33m>[39m Changes detected. Rebuilding...
[32m√[39m Changes detected. Rebuilding...
[1mInitial chunk files[22m[2m | [22m[1mNames[22m                     [2m | [22m [1mRaw size[22m
[32mmain.js[39m            [2m | [22m[2mmain[22m                      [2m | [22m  [36m5.83 kB[39m[2m | [22m

[1mLazy chunk files[22m   [2m | [22m[1mNames[22m                     [2m | [22m [1mRaw size[22m
[32mchunk-DXMJMQG5.js[39m  [2m | [22m[2mdashboard-routes[22m          [2m | [22m  [36m1.20 MB[39m[2m | [22m
[32mchunk-6LQF4RPD.js[39m  [2m | [22m[2mcampaign-details-component[22m[2m | [22m[36m233.01 kB[39m[2m | [22m
[32mchunk-KEPHY6C7.js[39m  [2m | [22m[2mcampaign-routes[22m           [2m | [22m  [36m1.57 kB[39m[2m | [22m

Application bundle generation complete. [3.938 seconds]

Component update sent to client(s).
[33m>[39m Changes detected. Rebuilding...
[32m√[39m Changes detected. Rebuilding...
[1mInitial chunk files[22m[2m | [22m[1mNames[22m                     [2m | [22m [1mRaw size[22m
[32mmain.js[39m            [2m | [22m[2mmain[22m                      [2m | [22m  [36m5.83 kB[39m[2m | [22m

[1mLazy chunk files[22m   [2m | [22m[1mNames[22m                     [2m | [22m [1mRaw size[22m
[32mchunk-44RD3KUE.js[39m  [2m | [22m[2mdashboard-routes[22m          [2m | [22m  [36m1.20 MB[39m[2m | [22m
[32mchunk-CVYV6G4F.js[39m  [2m | [22m[2mcampaign-details-component[22m[2m | [22m[36m238.23 kB[39m[2m | [22m
[32mchunk-NZAEIVG5.js[39m  [2m | [22m[2mcampaign-routes[22m           [2m | [22m  [36m1.57 kB[39m[2m | [22m

Application bundle generation complete. [3.610 seconds]

Component update sent to client(s).
[33m>[39m Changes detected. Rebuilding...
[32m√[39m Changes detected. Rebuilding...
Application bundle generation failed. [3.392 seconds]

[33m>[39m Changes detected. Rebuilding...
[32m√[39m Changes detected. Rebuilding...
[1mInitial chunk files[22m[2m | [22m[1mNames[22m                                [2m | [22m [1mRaw size[22m
[32mstyles.css[39m         [2m | [22m[2mstyles[22m                               [2m | [22m [36m92.80 kB[39m[2m | [22m
[32mmain.js[39m            [2m | [22m[2mmain[22m                                 [2m | [22m  [36m5.83 kB[39m[2m | [22m
[32mchunk-PH6ZXBVE.js[39m  [2m | [22m[2m-[22m                                    [2m | [22m  [36m3.88 kB[39m[2m | [22m
[32mchunk-CZJLB7T5.js[39m  [2m | [22m[2m-[22m                                    [2m | [22m  [36m1.08 kB[39m[2m | [22m

[1m [22m                  [2m | [22m[1mInitial total[22m                        [2m | [22m[1m103.59 kB[22m

[1mLazy chunk files[22m   [2m | [22m[1mNames[22m                                [2m | [22m [1mRaw size[22m
[32mchunk-GUTSG2B2.js[39m  [2m | [22m[2mdashboard-routes[22m                     [2m | [22m  [36m1.20 MB[39m[2m | [22m
[32mchunk-DRDBPUAR.js[39m  [2m | [22m[2mindex[22m                                [2m | [22m[36m853.43 kB[39m[2m | [22m
[32mchunk-CFOVBXB6.js[39m  [2m | [22m[2mindex[22m                                [2m | [22m[36m791.68 kB[39m[2m | [22m
[32mchunk-G25L4Z6Y.js[39m  [2m | [22m[2mstorefront-component[22m                 [2m | [22m[36m556.24 kB[39m[2m | [22m
[32mchunk-6OZ2L2T4.js[39m  [2m | [22m[2mproduct-details-component[22m            [2m | [22m[36m456.56 kB[39m[2m | [22m
[32mchunk-4SQGECXQ.js[39m  [2m | [22m[2mpromoter-product-details-component[22m   [2m | [22m[36m318.67 kB[39m[2m | [22m
[32mchunk-PA5K6SVC.js[39m  [2m | [22m[2mmarketer-product-detail-component[22m    [2m | [22m[36m302.00 kB[39m[2m | [22m
[32mchunk-MLQYV54O.js[39m  [2m | [22m[2m-[22m                                    [2m | [22m[36m299.41 kB[39m[2m | [22m
[32mchunk-WTD7VFIS.js[39m  [2m | [22m[2mcreate-campaign-component[22m            [2m | [22m[36m271.30 kB[39m[2m | [22m
[32mchunk-VA65D4EG.js[39m  [2m | [22m[2mpromotion-component[22m                  [2m | [22m[36m260.34 kB[39m[2m | [22m
[32mchunk-B7K6WJBF.js[39m  [2m | [22m[2mprofile-page-component[22m               [2m | [22m[36m258.95 kB[39m[2m | [22m
[32mchunk-LYZPGDLX.js[39m  [2m | [22m[2maccount-component[22m                    [2m | [22m[36m256.39 kB[39m[2m | [22m
[32mchunk-F4J5NO35.js[39m  [2m | [22m[2mmarketer-product-list-index-component[22m[2m | [22m[36m253.01 kB[39m[2m | [22m
[32mchunk-CVYV6G4F.js[39m  [2m | [22m[2mcampaign-details-component[22m           [2m | [22m[36m238.23 kB[39m[2m | [22m
[32mchunk-KZBKZDJ7.js[39m  [2m | [22m[2mpromoter-products-list-component[22m     [2m | [22m[36m237.01 kB[39m[2m | [22m
[2m...and 111 more lazy chunks files. Use "--verbose" to show all the files.[22m

Application bundle generation complete. [4.170 seconds]

Page reload sent to client(s).
[33m>[39m Changes detected. Rebuilding...
[32m√[39m Changes detected. Rebuilding...
Application bundle generation failed. [6.005 seconds]

[33m>[39m Changes detected. Rebuilding...
[32m√[39m Changes detected. Rebuilding...
Application bundle generation failed. [1.794 seconds]

[33m>[39m Changes detected. Rebuilding...
[32m√[39m Changes detected. Rebuilding...
[1mInitial chunk files[22m[2m | [22m[1mNames[22m                                [2m | [22m [1mRaw size[22m
[32mstyles.css[39m         [2m | [22m[2mstyles[22m                               [2m | [22m [36m92.80 kB[39m[2m | [22m
[32mmain.js[39m            [2m | [22m[2mmain[22m                                 [2m | [22m  [36m5.83 kB[39m[2m | [22m
[32mchunk-PH6ZXBVE.js[39m  [2m | [22m[2m-[22m                                    [2m | [22m  [36m3.88 kB[39m[2m | [22m
[32mchunk-CZJLB7T5.js[39m  [2m | [22m[2m-[22m                                    [2m | [22m  [36m1.08 kB[39m[2m | [22m

[1m [22m                  [2m | [22m[1mInitial total[22m                        [2m | [22m[1m103.59 kB[22m

[1mLazy chunk files[22m   [2m | [22m[1mNames[22m                                [2m | [22m [1mRaw size[22m
[32mchunk-DSRX2OS5.js[39m  [2m | [22m[2mdashboard-routes[22m                     [2m | [22m  [36m1.20 MB[39m[2m | [22m
[32mchunk-DRDBPUAR.js[39m  [2m | [22m[2mindex[22m                                [2m | [22m[36m853.43 kB[39m[2m | [22m
[32mchunk-CFOVBXB6.js[39m  [2m | [22m[2mindex[22m                                [2m | [22m[36m791.68 kB[39m[2m | [22m
[32mchunk-G25L4Z6Y.js[39m  [2m | [22m[2mstorefront-component[22m                 [2m | [22m[36m556.24 kB[39m[2m | [22m
[32mchunk-6OZ2L2T4.js[39m  [2m | [22m[2mproduct-details-component[22m            [2m | [22m[36m456.56 kB[39m[2m | [22m
[32mchunk-4SQGECXQ.js[39m  [2m | [22m[2mpromoter-product-details-component[22m   [2m | [22m[36m318.67 kB[39m[2m | [22m
[32mchunk-PA5K6SVC.js[39m  [2m | [22m[2mmarketer-product-detail-component[22m    [2m | [22m[36m302.00 kB[39m[2m | [22m
[32mchunk-MLQYV54O.js[39m  [2m | [22m[2m-[22m                                    [2m | [22m[36m299.41 kB[39m[2m | [22m
[32mchunk-WTD7VFIS.js[39m  [2m | [22m[2mcreate-campaign-component[22m            [2m | [22m[36m271.30 kB[39m[2m | [22m
[32mchunk-VA65D4EG.js[39m  [2m | [22m[2mpromotion-component[22m                  [2m | [22m[36m260.34 kB[39m[2m | [22m
[32mchunk-B7K6WJBF.js[39m  [2m | [22m[2mprofile-page-component[22m               [2m | [22m[36m258.95 kB[39m[2m | [22m
[32mchunk-LYZPGDLX.js[39m  [2m | [22m[2maccount-component[22m                    [2m | [22m[36m256.39 kB[39m[2m | [22m
[32mchunk-F4J5NO35.js[39m  [2m | [22m[2mmarketer-product-list-index-component[22m[2m | [22m[36m253.01 kB[39m[2m | [22m
[32mchunk-CVYV6G4F.js[39m  [2m | [22m[2mcampaign-details-component[22m           [2m | [22m[36m238.23 kB[39m[2m | [22m
[32mchunk-KZBKZDJ7.js[39m  [2m | [22m[2mpromoter-products-list-component[22m     [2m | [22m[36m237.01 kB[39m[2m | [22m
[2m...and 111 more lazy chunks files. Use "--verbose" to show all the files.[22m

Application bundle generation complete. [4.087 seconds]

Page reload sent to client(s).
[33m>[39m Changes detected. Rebuilding...
[32m√[39m Changes detected. Rebuilding...
[1mInitial chunk files[22m[2m | [22m[1mNames[22m                [2m | [22m [1mRaw size[22m
[32mmain.js[39m            [2m | [22m[2mmain[22m                 [2m | [22m  [36m5.83 kB[39m[2m | [22m

[1mLazy chunk files[22m   [2m | [22m[1mNames[22m                [2m | [22m [1mRaw size[22m
[32mchunk-DNQNBDCI.js[39m  [2m | [22m[2mdashboard-routes[22m     [2m | [22m  [36m1.20 MB[39m[2m | [22m
[32mchunk-HFHDCHEP.js[39m  [2m | [22m[2mget-started-component[22m[2m | [22m[36m197.65 kB[39m[2m | [22m
[32mchunk-53O3DUP6.js[39m  [2m | [22m[2mget-started-routes[22m   [2m | [22m[36m646 bytes[39m[2m | [22m

Application bundle generation complete. [4.395 seconds]

Component update sent to client(s).
[33m>[39m Changes detected. Rebuilding...
[32m√[39m Changes detected. Rebuilding...
[1mInitial chunk files[22m[2m | [22m[1mNames[22m                [2m | [22m [1mRaw size[22m
[32mmain.js[39m            [2m | [22m[2mmain[22m                 [2m | [22m  [36m5.83 kB[39m[2m | [22m

[1mLazy chunk files[22m   [2m | [22m[1mNames[22m                [2m | [22m [1mRaw size[22m
[32mchunk-RLX2ORUO.js[39m  [2m | [22m[2mdashboard-routes[22m     [2m | [22m  [36m1.20 MB[39m[2m | [22m
[32mchunk-TLQM7NCG.js[39m  [2m | [22m[2mget-started-component[22m[2m | [22m[36m226.55 kB[39m[2m | [22m
[32mchunk-YJMIVS5K.js[39m  [2m | [22m[2mget-started-routes[22m   [2m | [22m[36m646 bytes[39m[2m | [22m

Application bundle generation complete. [4.603 seconds]

Page reload sent to client(s).
[33m>[39m Changes detected. Rebuilding...
[32m√[39m Changes detected. Rebuilding...
[1mInitial chunk files[22m[2m | [22m[1mNames[22m                [2m | [22m [1mRaw size[22m
[32mmain.js[39m            [2m | [22m[2mmain[22m                 [2m | [22m  [36m5.83 kB[39m[2m | [22m

[1mLazy chunk files[22m   [2m | [22m[1mNames[22m                [2m | [22m [1mRaw size[22m
[32mchunk-XZX76K7D.js[39m  [2m | [22m[2mdashboard-routes[22m     [2m | [22m  [36m1.20 MB[39m[2m | [22m
[32mchunk-6JB7HAEV.js[39m  [2m | [22m[2mget-started-component[22m[2m | [22m[36m226.60 kB[39m[2m | [22m
[32mchunk-PTR4HNVD.js[39m  [2m | [22m[2mget-started-routes[22m   [2m | [22m[36m646 bytes[39m[2m | [22m

Application bundle generation complete. [8.697 seconds]

Page reload sent to client(s).
[33m>[39m Changes detected. Rebuilding...
[32m√[39m Changes detected. Rebuilding...
[1mInitial chunk files[22m[2m | [22m[1mNames[22m                [2m | [22m [1mRaw size[22m
[32mmain.js[39m            [2m | [22m[2mmain[22m                 [2m | [22m  [36m5.83 kB[39m[2m | [22m

[1mLazy chunk files[22m   [2m | [22m[1mNames[22m                [2m | [22m [1mRaw size[22m
[32mchunk-LKJ74CMP.js[39m  [2m | [22m[2mdashboard-routes[22m     [2m | [22m  [36m1.20 MB[39m[2m | [22m
[32mchunk-64JRLSYK.js[39m  [2m | [22m[2mget-started-component[22m[2m | [22m[36m226.63 kB[39m[2m | [22m
[32mchunk-MOBHRPC2.js[39m  [2m | [22m[2mget-started-routes[22m   [2m | [22m[36m646 bytes[39m[2m | [22m

Application bundle generation complete. [8.112 seconds]

Page reload sent to client(s).
[33m>[39m Changes detected. Rebuilding...
[32m√[39m Changes detected. Rebuilding...

No output file changes.

Application bundle generation complete. [21.734 seconds]

[33m>[39m Changes detected. Rebuilding...
[32m√[39m Changes detected. Rebuilding...

No output file changes.

Application bundle generation complete. [21.146 seconds]

[33m>[39m Changes detected. Rebuilding...
[32m√[39m Changes detected. Rebuilding...
[1mInitial chunk files[22m[2m | [22m[1mNames[22m              [2m | [22m [1mRaw size[22m
[32mmain.js[39m            [2m | [22m[2mmain[22m               [2m | [22m  [36m5.83 kB[39m[2m | [22m

[1mLazy chunk files[22m   [2m | [22m[1mNames[22m              [2m | [22m [1mRaw size[22m
[32mchunk-VSDO427V.js[39m  [2m | [22m[2mdashboard-routes[22m   [2m | [22m  [36m1.20 MB[39m[2m | [22m
[32mchunk-JPYAM4TS.js[39m  [2m | [22m[2mpromotion-component[22m[2m | [22m[36m261.56 kB[39m[2m | [22m
[32mchunk-TU5ZWBSP.js[39m  [2m | [22m[2mcampaign-routes[22m    [2m | [22m  [36m1.57 kB[39m[2m | [22m

Application bundle generation complete. [7.168 seconds]

Page reload sent to client(s).
[33m>[39m Changes detected. Rebuilding...
[32m√[39m Changes detected. Rebuilding...
[1mInitial chunk files[22m[2m | [22m[1mNames[22m              [2m | [22m [1mRaw size[22m
[32mmain.js[39m            [2m | [22m[2mmain[22m               [2m | [22m  [36m5.83 kB[39m[2m | [22m

[1mLazy chunk files[22m   [2m | [22m[1mNames[22m              [2m | [22m [1mRaw size[22m
[32mchunk-6564FVAC.js[39m  [2m | [22m[2mdashboard-routes[22m   [2m | [22m  [36m1.20 MB[39m[2m | [22m
[32mchunk-CRQVRWI3.js[39m  [2m | [22m[2mpromotion-component[22m[2m | [22m[36m264.43 kB[39m[2m | [22m
[32mchunk-JZSWO3Q7.js[39m  [2m | [22m[2mcampaign-routes[22m    [2m | [22m  [36m1.57 kB[39m[2m | [22m

Application bundle generation complete. [6.499 seconds]

Component update sent to client(s).
[33m>[39m Changes detected. Rebuilding...
[32m√[39m Changes detected. Rebuilding...
[1mInitial chunk files[22m[2m | [22m[1mNames[22m              [2m | [22m [1mRaw size[22m
[32mmain.js[39m            [2m | [22m[2mmain[22m               [2m | [22m  [36m5.83 kB[39m[2m | [22m

[1mLazy chunk files[22m   [2m | [22m[1mNames[22m              [2m | [22m [1mRaw size[22m
[32mchunk-G634GDYR.js[39m  [2m | [22m[2mdashboard-routes[22m   [2m | [22m  [36m1.20 MB[39m[2m | [22m
[32mchunk-62IOQKIH.js[39m  [2m | [22m[2mpromotion-component[22m[2m | [22m[36m266.08 kB[39m[2m | [22m
[32mchunk-2DSR3VBY.js[39m  [2m | [22m[2mcampaign-routes[22m    [2m | [22m  [36m1.57 kB[39m[2m | [22m

Application bundle generation complete. [15.424 seconds]

Component update sent to client(s).
[33m>[39m Changes detected. Rebuilding...
[32m√[39m Changes detected. Rebuilding...
[1mInitial chunk files[22m[2m | [22m[1mNames[22m                     [2m | [22m [1mRaw size[22m
[32mmain.js[39m            [2m | [22m[2mmain[22m                      [2m | [22m  [36m5.83 kB[39m[2m | [22m

[1mLazy chunk files[22m   [2m | [22m[1mNames[22m                     [2m | [22m [1mRaw size[22m
[32mchunk-FMDIXN72.js[39m  [2m | [22m[2mdashboard-routes[22m          [2m | [22m  [36m1.20 MB[39m[2m | [22m
[32mchunk-7YJ7BVKM.js[39m  [2m | [22m[2mpromotion-detail-component[22m[2m | [22m[36m210.75 kB[39m[2m | [22m
[32mchunk-3TQ7JXDU.js[39m  [2m | [22m[2mcampaign-routes[22m           [2m | [22m  [36m1.57 kB[39m[2m | [22m

Application bundle generation complete. [7.370 seconds]

Page reload sent to client(s).
[33m>[39m Changes detected. Rebuilding...
[32m√[39m Changes detected. Rebuilding...
Application bundle generation failed. [5.361 seconds]

[33m>[39m Changes detected. Rebuilding...
[32m√[39m Changes detected. Rebuilding...
Application bundle generation failed. [5.488 seconds]

[33m>[39m Changes detected. Rebuilding...
[32m√[39m Changes detected. Rebuilding...
Application bundle generation failed. [4.604 seconds]

[33m>[39m Changes detected. Rebuilding...
[32m√[39m Changes detected. Rebuilding...
Application bundle generation failed. [3.986 seconds]

[33m>[39m Changes detected. Rebuilding...
[32m√[39m Changes detected. Rebuilding...
[1mInitial chunk files[22m[2m | [22m[1mNames[22m                                [2m | [22m [1mRaw size[22m
[32mstyles.css[39m         [2m | [22m[2mstyles[22m                               [2m | [22m [36m92.80 kB[39m[2m | [22m
[32mmain.js[39m            [2m | [22m[2mmain[22m                                 [2m | [22m  [36m5.83 kB[39m[2m | [22m
[32mchunk-PH6ZXBVE.js[39m  [2m | [22m[2m-[22m                                    [2m | [22m  [36m3.88 kB[39m[2m | [22m
[32mchunk-CZJLB7T5.js[39m  [2m | [22m[2m-[22m                                    [2m | [22m  [36m1.08 kB[39m[2m | [22m

[1m [22m                  [2m | [22m[1mInitial total[22m                        [2m | [22m[1m103.59 kB[22m

[1mLazy chunk files[22m   [2m | [22m[1mNames[22m                                [2m | [22m [1mRaw size[22m
[32mchunk-ZBCGA5BD.js[39m  [2m | [22m[2mdashboard-routes[22m                     [2m | [22m  [36m1.20 MB[39m[2m | [22m
[32mchunk-LI6572BP.js[39m  [2m | [22m[2mindex[22m                                [2m | [22m[36m853.43 kB[39m[2m | [22m
[32mchunk-BBL4ID6O.js[39m  [2m | [22m[2mindex[22m                                [2m | [22m[36m791.68 kB[39m[2m | [22m
[32mchunk-33N5ADYW.js[39m  [2m | [22m[2mstorefront-component[22m                 [2m | [22m[36m556.24 kB[39m[2m | [22m
[32mchunk-K6RRIPHH.js[39m  [2m | [22m[2mproduct-details-component[22m            [2m | [22m[36m456.56 kB[39m[2m | [22m
[32mchunk-EPBKS36O.js[39m  [2m | [22m[2mpromoter-product-details-component[22m   [2m | [22m[36m318.67 kB[39m[2m | [22m
[32mchunk-VAUI4XXG.js[39m  [2m | [22m[2mmarketer-product-detail-component[22m    [2m | [22m[36m302.00 kB[39m[2m | [22m
[32mchunk-MLQYV54O.js[39m  [2m | [22m[2m-[22m                                    [2m | [22m[36m299.41 kB[39m[2m | [22m
[32mchunk-7SAYDC5B.js[39m  [2m | [22m[2mcreate-campaign-component[22m            [2m | [22m[36m271.30 kB[39m[2m | [22m
[32mchunk-MUYMQRQD.js[39m  [2m | [22m[2mpromotion-component[22m                  [2m | [22m[36m266.08 kB[39m[2m | [22m
[32mchunk-RVTYPNZW.js[39m  [2m | [22m[2mprofile-page-component[22m               [2m | [22m[36m258.95 kB[39m[2m | [22m
[32mchunk-TM4QA7TZ.js[39m  [2m | [22m[2maccount-component[22m                    [2m | [22m[36m256.39 kB[39m[2m | [22m
[32mchunk-SGEIDARM.js[39m  [2m | [22m[2mmarketer-product-list-index-component[22m[2m | [22m[36m253.01 kB[39m[2m | [22m
[32mchunk-7TUWH4AQ.js[39m  [2m | [22m[2mcampaign-details-component[22m           [2m | [22m[36m238.23 kB[39m[2m | [22m
[32mchunk-6ZYWFRID.js[39m  [2m | [22m[2mpromoter-products-list-component[22m     [2m | [22m[36m237.01 kB[39m[2m | [22m
[2m...and 111 more lazy chunks files. Use "--verbose" to show all the files.[22m

Application bundle generation complete. [15.793 seconds]

Page reload sent to client(s).
[33m>[39m Changes detected. Rebuilding...
[32m√[39m Changes detected. Rebuilding...
[1mInitial chunk files[22m[2m | [22m[1mNames[22m           [2m | [22m[1mRaw size[22m
[32mmain.js[39m            [2m | [22m[2mmain[22m            [2m | [22m [36m5.83 kB[39m[2m | [22m

[1mLazy chunk files[22m   [2m | [22m[1mNames[22m           [2m | [22m[1mRaw size[22m
[32mchunk-5NS7SPSQ.js[39m  [2m | [22m[2mdashboard-routes[22m[2m | [22m [36m1.20 MB[39m[2m | [22m

Application bundle generation complete. [14.702 seconds]

Page reload sent to client(s).
[33m>[39m Changes detected. Rebuilding...
[32m√[39m Changes detected. Rebuilding...
[1mInitial chunk files[22m[2m | [22m[1mNames[22m           [2m | [22m[1mRaw size[22m
[32mmain.js[39m            [2m | [22m[2mmain[22m            [2m | [22m [36m5.83 kB[39m[2m | [22m

[1mLazy chunk files[22m   [2m | [22m[1mNames[22m           [2m | [22m[1mRaw size[22m
[32mchunk-QWPRF46P.js[39m  [2m | [22m[2mdashboard-routes[22m[2m | [22m [36m1.20 MB[39m[2m | [22m

Application bundle generation complete. [5.564 seconds]

Page reload sent to client(s).
[33m>[39m Changes detected. Rebuilding...
[32m√[39m Changes detected. Rebuilding...
[1mInitial chunk files[22m[2m | [22m[1mNames[22m           [2m | [22m[1mRaw size[22m
[32mmain.js[39m            [2m | [22m[2mmain[22m            [2m | [22m [36m5.83 kB[39m[2m | [22m

[1mLazy chunk files[22m   [2m | [22m[1mNames[22m           [2m | [22m[1mRaw size[22m
[32mchunk-THCALEMK.js[39m  [2m | [22m[2mdashboard-routes[22m[2m | [22m [36m1.20 MB[39m[2m | [22m

Application bundle generation complete. [10.112 seconds]

Page reload sent to client(s).
[33m>[39m Changes detected. Rebuilding...
[32m√[39m Changes detected. Rebuilding...
Application bundle generation failed. [6.816 seconds]

[33m>[39m Changes detected. Rebuilding...
[32m√[39m Changes detected. Rebuilding...
Application bundle generation failed. [3.872 seconds]

[33m>[39m Changes detected. Rebuilding...
[32m√[39m Changes detected. Rebuilding...
Application bundle generation failed. [7.714 seconds]

[33m>[39m Changes detected. Rebuilding...
[32m√[39m Changes detected. Rebuilding...
[1mInitial chunk files[22m[2m | [22m[1mNames[22m                                [2m | [22m [1mRaw size[22m
[32mstyles.css[39m         [2m | [22m[2mstyles[22m                               [2m | [22m [36m92.80 kB[39m[2m | [22m
[32mmain.js[39m            [2m | [22m[2mmain[22m                                 [2m | [22m  [36m5.83 kB[39m[2m | [22m
[32mchunk-PH6ZXBVE.js[39m  [2m | [22m[2m-[22m                                    [2m | [22m  [36m3.88 kB[39m[2m | [22m
[32mchunk-CZJLB7T5.js[39m  [2m | [22m[2m-[22m                                    [2m | [22m  [36m1.08 kB[39m[2m | [22m

[1m [22m                  [2m | [22m[1mInitial total[22m                        [2m | [22m[1m103.59 kB[22m

[1mLazy chunk files[22m   [2m | [22m[1mNames[22m                                [2m | [22m [1mRaw size[22m
[32mchunk-5PJHN5ZT.js[39m  [2m | [22m[2mdashboard-routes[22m                     [2m | [22m  [36m1.20 MB[39m[2m | [22m
[32mchunk-LI6572BP.js[39m  [2m | [22m[2mindex[22m                                [2m | [22m[36m853.43 kB[39m[2m | [22m
[32mchunk-BBL4ID6O.js[39m  [2m | [22m[2mindex[22m                                [2m | [22m[36m791.68 kB[39m[2m | [22m
[32mchunk-33N5ADYW.js[39m  [2m | [22m[2mstorefront-component[22m                 [2m | [22m[36m556.24 kB[39m[2m | [22m
[32mchunk-K6RRIPHH.js[39m  [2m | [22m[2mproduct-details-component[22m            [2m | [22m[36m456.56 kB[39m[2m | [22m
[32mchunk-EPBKS36O.js[39m  [2m | [22m[2mpromoter-product-details-component[22m   [2m | [22m[36m318.67 kB[39m[2m | [22m
[32mchunk-VAUI4XXG.js[39m  [2m | [22m[2mmarketer-product-detail-component[22m    [2m | [22m[36m302.00 kB[39m[2m | [22m
[32mchunk-MLQYV54O.js[39m  [2m | [22m[2m-[22m                                    [2m | [22m[36m299.41 kB[39m[2m | [22m
[32mchunk-7SAYDC5B.js[39m  [2m | [22m[2mcreate-campaign-component[22m            [2m | [22m[36m271.30 kB[39m[2m | [22m
[32mchunk-MUYMQRQD.js[39m  [2m | [22m[2mpromotion-component[22m                  [2m | [22m[36m266.08 kB[39m[2m | [22m
[32mchunk-O4HMOW7Y.js[39m  [2m | [22m[2mprofile-page-component[22m               [2m | [22m[36m258.95 kB[39m[2m | [22m
[32mchunk-TM4QA7TZ.js[39m  [2m | [22m[2maccount-component[22m                    [2m | [22m[36m256.39 kB[39m[2m | [22m
[32mchunk-SGEIDARM.js[39m  [2m | [22m[2mmarketer-product-list-index-component[22m[2m | [22m[36m253.01 kB[39m[2m | [22m
[32mchunk-7TUWH4AQ.js[39m  [2m | [22m[2mcampaign-details-component[22m           [2m | [22m[36m238.23 kB[39m[2m | [22m
[32mchunk-6ZYWFRID.js[39m  [2m | [22m[2mpromoter-products-list-component[22m     [2m | [22m[36m237.01 kB[39m[2m | [22m
[2m...and 112 more lazy chunks files. Use "--verbose" to show all the files.[22m

Application bundle generation complete. [9.334 seconds]

Page reload sent to client(s).
[33m>[39m Changes detected. Rebuilding...
[32m√[39m Changes detected. Rebuilding...
[1mInitial chunk files[22m[2m | [22m[1mNames[22m                     [2m | [22m [1mRaw size[22m
[32mmain.js[39m            [2m | [22m[2mmain[22m                      [2m | [22m  [36m5.83 kB[39m[2m | [22m

[1mLazy chunk files[22m   [2m | [22m[1mNames[22m                     [2m | [22m [1mRaw size[22m
[32mchunk-F2YJJR5C.js[39m  [2m | [22m[2mdashboard-routes[22m          [2m | [22m  [36m1.20 MB[39m[2m | [22m
[32mchunk-EMAYSGOO.js[39m  [2m | [22m[2mcustomer-support-component[22m[2m | [22m[36m133.23 kB[39m[2m | [22m
[32mchunk-SGAJG5OA.js[39m  [2m | [22m[2mstore-routes[22m              [2m | [22m  [36m2.73 kB[39m[2m | [22m

Application bundle generation complete. [11.573 seconds]

Page reload sent to client(s).
[33m>[39m Changes detected. Rebuilding...
[32m√[39m Changes detected. Rebuilding...
[1mInitial chunk files[22m[2m | [22m[1mNames[22m                     [2m | [22m [1mRaw size[22m
[32mmain.js[39m            [2m | [22m[2mmain[22m                      [2m | [22m  [36m5.83 kB[39m[2m | [22m

[1mLazy chunk files[22m   [2m | [22m[1mNames[22m                     [2m | [22m [1mRaw size[22m
[32mchunk-6IVEB5MP.js[39m  [2m | [22m[2mdashboard-routes[22m          [2m | [22m  [36m1.20 MB[39m[2m | [22m
[32mchunk-BBUWFJUU.js[39m  [2m | [22m[2mindex[22m                     [2m | [22m[36m791.68 kB[39m[2m | [22m
[32mchunk-N6JITXK4.js[39m  [2m | [22m[2mcampaign-details-component[22m[2m | [22m[36m238.23 kB[39m[2m | [22m
[32mchunk-LAS2DY7H.js[39m  [2m | [22m[2mpromotion-detail-component[22m[2m | [22m[36m214.28 kB[39m[2m | [22m
[32mchunk-OGYYLEGS.js[39m  [2m | [22m[2m-[22m                         [2m | [22m  [36m8.12 kB[39m[2m | [22m
[32mchunk-QT4DOZDZ.js[39m  [2m | [22m[2mcampaign-routes[22m           [2m | [22m  [36m1.57 kB[39m[2m | [22m

Application bundle generation complete. [7.303 seconds]

Page reload sent to client(s).
[33m>[39m Changes detected. Rebuilding...
[32m√[39m Changes detected. Rebuilding...
[1mInitial chunk files[22m[2m | [22m[1mNames[22m                                [2m | [22m[1mRaw size[22m
[32mmain.js[39m            [2m | [22m[2mmain[22m                                 [2m | [22m [36m5.96 kB[39m[2m | [22m

[1mLazy chunk files[22m   [2m | [22m[1mNames[22m                                [2m | [22m[1mRaw size[22m
[32mchunk-H3NFFKQS.js[39m  [2m | [22m[2mpublic-campaign-unavailable-component[22m[2m | [22m[36m19.89 kB[39m[2m | [22m

Application bundle generation complete. [11.403 seconds]

Page reload sent to client(s).
[33m>[39m Changes detected. Rebuilding...
[32m√[39m Changes detected. Rebuilding...

No output file changes.

Application bundle generation complete. [28.962 seconds]

[33m>[39m Changes detected. Rebuilding...
[32m√[39m Changes detected. Rebuilding...
Application bundle generation failed. [16.531 seconds]

[33m>[39m Changes detected. Rebuilding...
[32m√[39m Changes detected. Rebuilding...
Application bundle generation failed. [3.739 seconds]

[33m>[39m Changes detected. Rebuilding...
[32m√[39m Changes detected. Rebuilding...
Application bundle generation failed. [2.720 seconds]

[33m>[39m Changes detected. Rebuilding...
[32m√[39m Changes detected. Rebuilding...
Application bundle generation failed. [2.263 seconds]

[33m>[39m Changes detected. Rebuilding...
[32m√[39m Changes detected. Rebuilding...
Application bundle generation failed. [2.978 seconds]

[33m>[39m Changes detected. Rebuilding...
[32m√[39m Changes detected. Rebuilding...
Application bundle generation failed. [3.433 seconds]

[33m>[39m Changes detected. Rebuilding...
[32m√[39m Changes detected. Rebuilding...
Application bundle generation failed. [3.560 seconds]

[33m>[39m Changes detected. Rebuilding...
[32m√[39m Changes detected. Rebuilding...
Application bundle generation failed. [3.064 seconds]

[33m>[39m Changes detected. Rebuilding...
[32m√[39m Changes detected. Rebuilding...
Application bundle generation failed. [2.224 seconds]

[33m>[39m Changes detected. Rebuilding...
[32m√[39m Changes detected. Rebuilding...
Application bundle generation failed. [3.507 seconds]

[33m>[39m Changes detected. Rebuilding...
[32m√[39m Changes detected. Rebuilding...
Application bundle generation failed. [2.454 seconds]

[33m>[39m Changes detected. Rebuilding...
[32m√[39m Changes detected. Rebuilding...
Application bundle generation failed. [5.427 seconds]

[33m>[39m Changes detected. Rebuilding...
[32m√[39m Changes detected. Rebuilding...
Application bundle generation failed. [8.239 seconds]

[33m>[39m Changes detected. Rebuilding...
[32m√[39m Changes detected. Rebuilding...
Application bundle generation failed. [3.232 seconds]

[33m>[39m Changes detected. Rebuilding...
[32m√[39m Changes detected. Rebuilding...
Application bundle generation failed. [2.822 seconds]

[33m>[39m Changes detected. Rebuilding...
[32m√[39m Changes detected. Rebuilding...
Application bundle generation failed. [2.413 seconds]

[33m>[39m Changes detected. Rebuilding...
[32m√[39m Changes detected. Rebuilding...
Application bundle generation failed. [3.825 seconds]

[33m>[39m Changes detected. Rebuilding...
[32m√[39m Changes detected. Rebuilding...
Application bundle generation failed. [2.214 seconds]

[33m>[39m Changes detected. Rebuilding...
[32m√[39m Changes detected. Rebuilding...
Application bundle generation failed. [6.685 seconds]

[33m>[39m Changes detected. Rebuilding...
[32m√[39m Changes detected. Rebuilding...
Application bundle generation failed. [2.857 seconds]

[33m>[39m Changes detected. Rebuilding...
[32m√[39m Changes detected. Rebuilding...
Application bundle generation failed. [3.655 seconds]

[33m>[39m Changes detected. Rebuilding...
[32m√[39m Changes detected. Rebuilding...
Application bundle generation failed. [3.432 seconds]

[33m>[39m Changes detected. Rebuilding...
[32m√[39m Changes detected. Rebuilding...
Application bundle generation failed. [4.098 seconds]

[33m>[39m Changes detected. Rebuilding...
[32m√[39m Changes detected. Rebuilding...
Application bundle generation failed. [3.171 seconds]

[33m>[39m Changes detected. Rebuilding...
[32m√[39m Changes detected. Rebuilding...
Application bundle generation failed. [2.448 seconds]

[33m>[39m Changes detected. Rebuilding...
[32m√[39m Changes detected. Rebuilding...
Application bundle generation failed. [3.973 seconds]

[33m>[39m Changes detected. Rebuilding...
[32m√[39m Changes detected. Rebuilding...
Application bundle generation failed. [3.200 seconds]

[33m>[39m Changes detected. Rebuilding...
[32m√[39m Changes detected. Rebuilding...
Application bundle generation failed. [5.891 seconds]

[33m>[39m Changes detected. Rebuilding...
[32m√[39m Changes detected. Rebuilding...
Application bundle generation failed. [7.404 seconds]

[33m>[39m Changes detected. Rebuilding...
[32m√[39m Changes detected. Rebuilding...
Application bundle generation failed. [5.467 seconds]

[33m>[39m Changes detected. Rebuilding...
[32m√[39m Changes detected. Rebuilding...
Application bundle generation failed. [5.685 seconds]

[33m>[39m Changes detected. Rebuilding...
[32m√[39m Changes detected. Rebuilding...
[1mInitial chunk files[22m[2m | [22m[1mNames[22m                                [2m | [22m [1mRaw size[22m
[32mstyles.css[39m         [2m | [22m[2mstyles[22m                               [2m | [22m [36m92.80 kB[39m[2m | [22m
[32mmain.js[39m            [2m | [22m[2mmain[22m                                 [2m | [22m  [36m5.96 kB[39m[2m | [22m
[32mchunk-PH6ZXBVE.js[39m  [2m | [22m[2m-[22m                                    [2m | [22m  [36m3.88 kB[39m[2m | [22m
[32mchunk-CZJLB7T5.js[39m  [2m | [22m[2m-[22m                                    [2m | [22m  [36m1.08 kB[39m[2m | [22m

[1m [22m                  [2m | [22m[1mInitial total[22m                        [2m | [22m[1m103.73 kB[22m

[1mLazy chunk files[22m   [2m | [22m[1mNames[22m                                [2m | [22m [1mRaw size[22m
[32mchunk-QJQIFNP4.js[39m  [2m | [22m[2mdashboard-routes[22m                     [2m | [22m  [36m1.20 MB[39m[2m | [22m
[32mchunk-2IFHK2CZ.js[39m  [2m | [22m[2mindex[22m                                [2m | [22m[36m853.43 kB[39m[2m | [22m
[32mchunk-QWWGZSDN.js[39m  [2m | [22m[2mindex[22m                                [2m | [22m[36m798.71 kB[39m[2m | [22m
[32mchunk-LDD3Y7WA.js[39m  [2m | [22m[2mstorefront-component[22m                 [2m | [22m[36m556.24 kB[39m[2m | [22m
[32mchunk-DZYT55B6.js[39m  [2m | [22m[2mproduct-details-component[22m            [2m | [22m[36m456.56 kB[39m[2m | [22m
[32mchunk-UTYZJ2ZC.js[39m  [2m | [22m[2mpromoter-product-details-component[22m   [2m | [22m[36m318.67 kB[39m[2m | [22m
[32mchunk-FGHBTZNB.js[39m  [2m | [22m[2mmarketer-product-detail-component[22m    [2m | [22m[36m302.00 kB[39m[2m | [22m
[32mchunk-MLQYV54O.js[39m  [2m | [22m[2m-[22m                                    [2m | [22m[36m299.41 kB[39m[2m | [22m
[32mchunk-CV472OSR.js[39m  [2m | [22m[2mcreate-campaign-component[22m            [2m | [22m[36m271.30 kB[39m[2m | [22m
[32mchunk-NFRYE6YI.js[39m  [2m | [22m[2mpromotion-component[22m                  [2m | [22m[36m265.76 kB[39m[2m | [22m
[32mchunk-RIKSPGB3.js[39m  [2m | [22m[2mprofile-page-component[22m               [2m | [22m[36m258.95 kB[39m[2m | [22m
[32mchunk-2I2VHAJN.js[39m  [2m | [22m[2maccount-component[22m                    [2m | [22m[36m256.39 kB[39m[2m | [22m
[32mchunk-PL74VUZ7.js[39m  [2m | [22m[2mmarketer-product-list-index-component[22m[2m | [22m[36m253.01 kB[39m[2m | [22m
[32mchunk-WIH5KRFI.js[39m  [2m | [22m[2mcampaign-details-component[22m           [2m | [22m[36m237.82 kB[39m[2m | [22m
[32mchunk-WZVUMSU2.js[39m  [2m | [22m[2mpromoter-products-list-component[22m     [2m | [22m[36m237.01 kB[39m[2m | [22m
[2m...and 113 more lazy chunks files. Use "--verbose" to show all the files.[22m

Application bundle generation complete. [25.225 seconds]

Page reload sent to client(s).
[33m>[39m Changes detected. Rebuilding...
[32m√[39m Changes detected. Rebuilding...
[1mInitial chunk files[22m[2m | [22m[1mNames[22m           [2m | [22m[1mRaw size[22m
[32mmain.js[39m            [2m | [22m[2mmain[22m            [2m | [22m [36m5.96 kB[39m[2m | [22m

[1mLazy chunk files[22m   [2m | [22m[1mNames[22m           [2m | [22m[1mRaw size[22m
[32mchunk-EHMIZIPF.js[39m  [2m | [22m[2mdashboard-routes[22m[2m | [22m [36m1.20 MB[39m[2m | [22m

Application bundle generation complete. [24.997 seconds]

Page reload sent to client(s).
[33m>[39m Changes detected. Rebuilding...
[32m√[39m Changes detected. Rebuilding...
[1mInitial chunk files[22m[2m | [22m[1mNames[22m                     [2m | [22m [1mRaw size[22m
[32mmain.js[39m            [2m | [22m[2mmain[22m                      [2m | [22m  [36m5.96 kB[39m[2m | [22m

[1mLazy chunk files[22m   [2m | [22m[1mNames[22m                     [2m | [22m [1mRaw size[22m
[32mchunk-OQ73XBB4.js[39m  [2m | [22m[2mdashboard-routes[22m          [2m | [22m  [36m1.20 MB[39m[2m | [22m
[32mchunk-NYM3O54K.js[39m  [2m | [22m[2mcampaign-details-component[22m[2m | [22m[36m237.67 kB[39m[2m | [22m
[32mchunk-ZFEAQUAU.js[39m  [2m | [22m[2mcampaign-routes[22m           [2m | [22m  [36m1.57 kB[39m[2m | [22m

Application bundle generation complete. [9.890 seconds]

Page reload sent to client(s).
[33m>[39m Changes detected. Rebuilding...
[32m√[39m Changes detected. Rebuilding...
[1mInitial chunk files[22m[2m | [22m[1mNames[22m                     [2m | [22m [1mRaw size[22m
[32mmain.js[39m            [2m | [22m[2mmain[22m                      [2m | [22m  [36m5.96 kB[39m[2m | [22m

[1mLazy chunk files[22m   [2m | [22m[1mNames[22m                     [2m | [22m [1mRaw size[22m
[32mchunk-7UMCKHY6.js[39m  [2m | [22m[2mdashboard-routes[22m          [2m | [22m  [36m1.20 MB[39m[2m | [22m
[32mchunk-ZEYVO2PW.js[39m  [2m | [22m[2mindex[22m                     [2m | [22m[36m798.71 kB[39m[2m | [22m
[32mchunk-E7YUOI3V.js[39m  [2m | [22m[2mcampaign-details-component[22m[2m | [22m[36m237.67 kB[39m[2m | [22m
[32mchunk-MFHKNO2A.js[39m  [2m | [22m[2mpromotion-detail-component[22m[2m | [22m[36m167.74 kB[39m[2m | [22m
[32mchunk-54QG2YA2.js[39m  [2m | [22m[2m-[22m                         [2m | [22m  [36m7.51 kB[39m[2m | [22m
[32mchunk-XIU6M4GX.js[39m  [2m | [22m[2mcampaign-routes[22m           [2m | [22m  [36m1.57 kB[39m[2m | [22m

Application bundle generation complete. [7.208 seconds]

Page reload sent to client(s).
[33m>[39m Changes detected. Rebuilding...
[32m√[39m Changes detected. Rebuilding...
[1mInitial chunk files[22m[2m | [22m[1mNames[22m           [2m | [22m[1mRaw size[22m
[32mmain.js[39m            [2m | [22m[2mmain[22m            [2m | [22m [36m5.96 kB[39m[2m | [22m

[1mLazy chunk files[22m   [2m | [22m[1mNames[22m           [2m | [22m[1mRaw size[22m
[32mchunk-5TJUGSUR.js[39m  [2m | [22m[2mdashboard-routes[22m[2m | [22m [36m1.20 MB[39m[2m | [22m

Application bundle generation complete. [11.712 seconds]

Page reload sent to client(s).
[33m>[39m Changes detected. Rebuilding...
[32m√[39m Changes detected. Rebuilding...
[1mInitial chunk files[22m[2m | [22m[1mNames[22m                [2m | [22m [1mRaw size[22m
[32mmain.js[39m            [2m | [22m[2mmain[22m                 [2m | [22m  [36m5.96 kB[39m[2m | [22m

[1mLazy chunk files[22m   [2m | [22m[1mNames[22m                [2m | [22m [1mRaw size[22m
[32mchunk-AMX42IBP.js[39m  [2m | [22m[2mdashboard-routes[22m     [2m | [22m  [36m1.20 MB[39m[2m | [22m
[32mchunk-NOAY7DSC.js[39m  [2m | [22m[2mget-started-component[22m[2m | [22m[36m226.67 kB[39m[2m | [22m
[32mchunk-TUSCRLZ7.js[39m  [2m | [22m[2mget-started-routes[22m   [2m | [22m[36m646 bytes[39m[2m | [22m

Application bundle generation complete. [7.529 seconds]

Component update sent to client(s).
[33m>[39m Changes detected. Rebuilding...
[32m√[39m Changes detected. Rebuilding...
[1mInitial chunk files[22m[2m | [22m[1mNames[22m                [2m | [22m [1mRaw size[22m
[32mmain.js[39m            [2m | [22m[2mmain[22m                 [2m | [22m  [36m5.96 kB[39m[2m | [22m

[1mLazy chunk files[22m   [2m | [22m[1mNames[22m                [2m | [22m [1mRaw size[22m
[32mchunk-KZD36OX6.js[39m  [2m | [22m[2mdashboard-routes[22m     [2m | [22m  [36m1.20 MB[39m[2m | [22m
[32mchunk-H6AKQJWG.js[39m  [2m | [22m[2mget-started-component[22m[2m | [22m[36m226.88 kB[39m[2m | [22m
[32mchunk-ZPHKAGLS.js[39m  [2m | [22m[2mget-started-routes[22m   [2m | [22m[36m646 bytes[39m[2m | [22m

Application bundle generation complete. [9.606 seconds]

Page reload sent to client(s).
[33m>[39m Changes detected. Rebuilding...
[32m√[39m Changes detected. Rebuilding...
[1mInitial chunk files[22m[2m | [22m[1mNames[22m           [2m | [22m [1mRaw size[22m
[32mmain.js[39m            [2m | [22m[2mmain[22m            [2m | [22m  [36m5.96 kB[39m[2m | [22m

[1mLazy chunk files[22m   [2m | [22m[1mNames[22m           [2m | [22m [1mRaw size[22m
[32mchunk-Y7EOKBFJ.js[39m  [2m | [22m[2mdashboard-routes[22m[2m | [22m  [36m1.20 MB[39m[2m | [22m
[32mchunk-TB2E4A3C.js[39m  [2m | [22m[2mindex[22m           [2m | [22m[36m798.70 kB[39m[2m | [22m
[32mchunk-AR5D64IN.js[39m  [2m | [22m[2mcampaign-routes[22m [2m | [22m  [36m1.57 kB[39m[2m | [22m

Application bundle generation complete. [8.270 seconds]

Component update sent to client(s).
[33m>[39m Changes detected. Rebuilding...
[32m√[39m Changes detected. Rebuilding...
[1mInitial chunk files[22m[2m | [22m[1mNames[22m           [2m | [22m [1mRaw size[22m
[32mmain.js[39m            [2m | [22m[2mmain[22m            [2m | [22m  [36m5.96 kB[39m[2m | [22m

[1mLazy chunk files[22m   [2m | [22m[1mNames[22m           [2m | [22m [1mRaw size[22m
[32mchunk-MSY54GRC.js[39m  [2m | [22m[2mdashboard-routes[22m[2m | [22m  [36m1.20 MB[39m[2m | [22m
[32mchunk-NZQQCAEX.js[39m  [2m | [22m[2mindex[22m           [2m | [22m[36m798.70 kB[39m[2m | [22m
[32mchunk-4P2TG7C5.js[39m  [2m | [22m[2mcampaign-routes[22m [2m | [22m  [36m1.57 kB[39m[2m | [22m

Application bundle generation complete. [14.244 seconds]

Component update sent to client(s).
[33m>[39m Changes detected. Rebuilding...
[32m√[39m Changes detected. Rebuilding...
[1mInitial chunk files[22m[2m | [22m[1mNames[22m                [2m | [22m [1mRaw size[22m
[32mmain.js[39m            [2m | [22m[2mmain[22m                 [2m | [22m  [36m5.96 kB[39m[2m | [22m

[1mLazy chunk files[22m   [2m | [22m[1mNames[22m                [2m | [22m [1mRaw size[22m
[32mchunk-C2OKQXG6.js[39m  [2m | [22m[2mdashboard-routes[22m     [2m | [22m  [36m1.20 MB[39m[2m | [22m
[32mchunk-5CXNUWUX.js[39m  [2m | [22m[2mget-started-component[22m[2m | [22m[36m226.52 kB[39m[2m | [22m
[32mchunk-7O6UHESO.js[39m  [2m | [22m[2mget-started-routes[22m   [2m | [22m[36m646 bytes[39m[2m | [22m

Application bundle generation complete. [12.068 seconds]

Component update sent to client(s).
[33m>[39m Changes detected. Rebuilding...
[32m√[39m Changes detected. Rebuilding...
[1mInitial chunk files[22m[2m | [22m[1mNames[22m              [2m | [22m [1mRaw size[22m
[32mmain.js[39m            [2m | [22m[2mmain[22m               [2m | [22m  [36m5.96 kB[39m[2m | [22m

[1mLazy chunk files[22m   [2m | [22m[1mNames[22m              [2m | [22m [1mRaw size[22m
[32mchunk-RUQ2WE5M.js[39m  [2m | [22m[2mdashboard-routes[22m   [2m | [22m  [36m1.20 MB[39m[2m | [22m
[32mchunk-RKQNAU24.js[39m  [2m | [22m[2mpromotion-component[22m[2m | [22m[36m265.73 kB[39m[2m | [22m
[32mchunk-4LH6VY46.js[39m  [2m | [22m[2mcampaign-routes[22m    [2m | [22m  [36m1.57 kB[39m[2m | [22m

Application bundle generation complete. [10.137 seconds]

Component update sent to client(s).
[33m>[39m Changes detected. Rebuilding...
[32m√[39m Changes detected. Rebuilding...
[1mInitial chunk files[22m[2m | [22m[1mNames[22m              [2m | [22m [1mRaw size[22m
[32mmain.js[39m            [2m | [22m[2mmain[22m               [2m | [22m  [36m5.96 kB[39m[2m | [22m

[1mLazy chunk files[22m   [2m | [22m[1mNames[22m              [2m | [22m [1mRaw size[22m
[32mchunk-7AV7JWIX.js[39m  [2m | [22m[2mdashboard-routes[22m   [2m | [22m  [36m1.20 MB[39m[2m | [22m
[32mchunk-43CDQC67.js[39m  [2m | [22m[2mpromotion-component[22m[2m | [22m[36m265.72 kB[39m[2m | [22m
[32mchunk-TS4O2GSE.js[39m  [2m | [22m[2mcampaign-routes[22m    [2m | [22m  [36m1.57 kB[39m[2m | [22m

Application bundle generation complete. [9.628 seconds]

Component update sent to client(s).
[33m>[39m Changes detected. Rebuilding...
[32m√[39m Changes detected. Rebuilding...
[1mInitial chunk files[22m[2m | [22m[1mNames[22m              [2m | [22m [1mRaw size[22m
[32mmain.js[39m            [2m | [22m[2mmain[22m               [2m | [22m  [36m5.96 kB[39m[2m | [22m

[1mLazy chunk files[22m   [2m | [22m[1mNames[22m              [2m | [22m [1mRaw size[22m
[32mchunk-EYM6CJAJ.js[39m  [2m | [22m[2mdashboard-routes[22m   [2m | [22m  [36m1.20 MB[39m[2m | [22m
[32mchunk-FQKOY5G4.js[39m  [2m | [22m[2mpromotion-component[22m[2m | [22m[36m265.69 kB[39m[2m | [22m
[32mchunk-WYAWSXXL.js[39m  [2m | [22m[2mcampaign-routes[22m    [2m | [22m  [36m1.57 kB[39m[2m | [22m

Application bundle generation complete. [9.019 seconds]

Component update sent to client(s).
[33m>[39m Changes detected. Rebuilding...
[32m√[39m Changes detected. Rebuilding...
[1mInitial chunk files[22m[2m | [22m[1mNames[22m              [2m | [22m [1mRaw size[22m
[32mmain.js[39m            [2m | [22m[2mmain[22m               [2m | [22m  [36m5.96 kB[39m[2m | [22m

[1mLazy chunk files[22m   [2m | [22m[1mNames[22m              [2m | [22m [1mRaw size[22m
[32mchunk-2OXHKVRL.js[39m  [2m | [22m[2mdashboard-routes[22m   [2m | [22m  [36m1.20 MB[39m[2m | [22m
[32mchunk-CSWS5BSE.js[39m  [2m | [22m[2mpromotion-component[22m[2m | [22m[36m265.66 kB[39m[2m | [22m
[32mchunk-LUJDFZ44.js[39m  [2m | [22m[2mcampaign-routes[22m    [2m | [22m  [36m1.57 kB[39m[2m | [22m

Application bundle generation complete. [8.938 seconds]

Component update sent to client(s).
[33m>[39m Changes detected. Rebuilding...
[32m√[39m Changes detected. Rebuilding...
[1mInitial chunk files[22m[2m | [22m[1mNames[22m                     [2m | [22m [1mRaw size[22m
[32mmain.js[39m            [2m | [22m[2mmain[22m                      [2m | [22m  [36m5.96 kB[39m[2m | [22m

[1mLazy chunk files[22m   [2m | [22m[1mNames[22m                     [2m | [22m [1mRaw size[22m
[32mchunk-UV4A4HPH.js[39m  [2m | [22m[2mdashboard-routes[22m          [2m | [22m  [36m1.20 MB[39m[2m | [22m
[32mchunk-B2HMEGPW.js[39m  [2m | [22m[2mindex[22m                     [2m | [22m[36m804.47 kB[39m[2m | [22m
[32mchunk-K3SQAYAJ.js[39m  [2m | [22m[2mcampaign-details-component[22m[2m | [22m[36m233.41 kB[39m[2m | [22m
[32mchunk-442TDOES.js[39m  [2m | [22m[2m-[22m                         [2m | [22m [36m18.51 kB[39m[2m | [22m
[32mchunk-6DHNFZ3F.js[39m  [2m | [22m[2mcampaign-routes[22m           [2m | [22m  [36m1.57 kB[39m[2m | [22m

Application bundle generation complete. [8.257 seconds]

Page reload sent to client(s).
[33m>[39m Changes detected. Rebuilding...
[32m√[39m Changes detected. Rebuilding...
[1mInitial chunk files[22m[2m | [22m[1mNames[22m                     [2m | [22m [1mRaw size[22m
[32mmain.js[39m            [2m | [22m[2mmain[22m                      [2m | [22m  [36m5.96 kB[39m[2m | [22m

[1mLazy chunk files[22m   [2m | [22m[1mNames[22m                     [2m | [22m [1mRaw size[22m
[32mchunk-SJ3DVNEB.js[39m  [2m | [22m[2mdashboard-routes[22m          [2m | [22m  [36m1.20 MB[39m[2m | [22m
[32mchunk-QZXR3BH5.js[39m  [2m | [22m[2mcampaign-details-component[22m[2m | [22m[36m225.73 kB[39m[2m | [22m
[32mchunk-6FK4W4UW.js[39m  [2m | [22m[2mcampaign-routes[22m           [2m | [22m  [36m1.57 kB[39m[2m | [22m

Application bundle generation complete. [9.691 seconds]

Page reload sent to client(s).
[33m>[39m Changes detected. Rebuilding...
[32m√[39m Changes detected. Rebuilding...
[1mInitial chunk files[22m[2m | [22m[1mNames[22m                     [2m | [22m [1mRaw size[22m
[32mmain.js[39m            [2m | [22m[2mmain[22m                      [2m | [22m  [36m5.96 kB[39m[2m | [22m

[1mLazy chunk files[22m   [2m | [22m[1mNames[22m                     [2m | [22m [1mRaw size[22m
[32mchunk-VXTBAQ2Q.js[39m  [2m | [22m[2mdashboard-routes[22m          [2m | [22m  [36m1.20 MB[39m[2m | [22m
[32mchunk-QVYPKRMY.js[39m  [2m | [22m[2mcampaign-details-component[22m[2m | [22m[36m225.73 kB[39m[2m | [22m
[32mchunk-UDNRBDFF.js[39m  [2m | [22m[2mcampaign-routes[22m           [2m | [22m  [36m1.57 kB[39m[2m | [22m

Application bundle generation complete. [17.217 seconds]

Page reload sent to client(s).
[33m>[39m Changes detected. Rebuilding...
[32m√[39m Changes detected. Rebuilding...
[1mInitial chunk files[22m[2m | [22m[1mNames[22m                                [2m | [22m[1mRaw size[22m
[32mmain.js[39m            [2m | [22m[2mmain[22m                                 [2m | [22m [36m5.96 kB[39m[2m | [22m

[1mLazy chunk files[22m   [2m | [22m[1mNames[22m                                [2m | [22m[1mRaw size[22m
[32mchunk-O2EZTRNV.js[39m  [2m | [22m[2mpublic-campaign-unavailable-component[22m[2m | [22m[36m21.91 kB[39m[2m | [22m

Application bundle generation complete. [8.773 seconds]

Component update sent to client(s).
[33m>[39m Changes detected. Rebuilding...
[32m√[39m Changes detected. Rebuilding...
Application bundle generation failed. [22.048 seconds]

[33m>[39m Changes detected. Rebuilding...
[32m√[39m Changes detected. Rebuilding...
Application bundle generation failed. [12.118 seconds]

[33m>[39m Changes detected. Rebuilding...
[32m√[39m Changes detected. Rebuilding...
Application bundle generation failed. [65.402 seconds]

[33m>[39m Changes detected. Rebuilding...
[32m√[39m Changes detected. Rebuilding...
Application bundle generation failed. [10.055 seconds]

[33m>[39m Changes detected. Rebuilding...
[32m√[39m Changes detected. Rebuilding...
Application bundle generation failed. [5.182 seconds]

[33m>[39m Changes detected. Rebuilding...
[32m√[39m Changes detected. Rebuilding...
Application bundle generation failed. [7.540 seconds]

[33m>[39m Changes detected. Rebuilding...
[32m√[39m Changes detected. Rebuilding...
Application bundle generation failed. [33.802 seconds]

[33m>[39m Changes detected. Rebuilding...
[32m√[39m Changes detected. Rebuilding...
Application bundle generation failed. [45.796 seconds]

[33m>[39m Changes detected. Rebuilding...
[32m√[39m Changes detected. Rebuilding...
Application bundle generation failed. [50.346 seconds]

[33m>[39m Changes detected. Rebuilding...
[32m√[39m Changes detected. Rebuilding...
Application bundle generation failed. [14.212 seconds]

[33m>[39m Changes detected. Rebuilding...
[32m√[39m Changes detected. Rebuilding...
Application bundle generation failed. [14.485 seconds]

[33m>[39m Changes detected. Rebuilding...
[32m√[39m Changes detected. Rebuilding...
Application bundle generation failed. [7.879 seconds]

[33m>[39m Changes detected. Rebuilding...
[32m√[39m Changes detected. Rebuilding...
[1mInitial chunk files[22m[2m | [22m[1mNames[22m                                [2m | [22m [1mRaw size[22m
[32mstyles.css[39m         [2m | [22m[2mstyles[22m                               [2m | [22m [36m92.80 kB[39m[2m | [22m
[32mmain.js[39m            [2m | [22m[2mmain[22m                                 [2m | [22m  [36m5.96 kB[39m[2m | [22m
[32mchunk-PH6ZXBVE.js[39m  [2m | [22m[2m-[22m                                    [2m | [22m  [36m3.88 kB[39m[2m | [22m
[32mchunk-CZJLB7T5.js[39m  [2m | [22m[2m-[22m                                    [2m | [22m  [36m1.08 kB[39m[2m | [22m

[1m [22m                  [2m | [22m[1mInitial total[22m                        [2m | [22m[1m103.73 kB[22m

[1mLazy chunk files[22m   [2m | [22m[1mNames[22m                                [2m | [22m [1mRaw size[22m
[32mchunk-K3CY4FLD.js[39m  [2m | [22m[2mdashboard-routes[22m                     [2m | [22m  [36m1.20 MB[39m[2m | [22m
[32mchunk-2IFHK2CZ.js[39m  [2m | [22m[2mindex[22m                                [2m | [22m[36m853.43 kB[39m[2m | [22m
[32mchunk-NZW6DBHL.js[39m  [2m | [22m[2mindex[22m                                [2m | [22m[36m804.47 kB[39m[2m | [22m
[32mchunk-LDD3Y7WA.js[39m  [2m | [22m[2mstorefront-component[22m                 [2m | [22m[36m556.24 kB[39m[2m | [22m
[32mchunk-DZYT55B6.js[39m  [2m | [22m[2mproduct-details-component[22m            [2m | [22m[36m456.56 kB[39m[2m | [22m
[32mchunk-FBLMLFC7.js[39m  [2m | [22m[2mprofile-page-component[22m               [2m | [22m[36m319.01 kB[39m[2m | [22m
[32mchunk-UTYZJ2ZC.js[39m  [2m | [22m[2mpromoter-product-details-component[22m   [2m | [22m[36m318.67 kB[39m[2m | [22m
[32mchunk-FGHBTZNB.js[39m  [2m | [22m[2mmarketer-product-detail-component[22m    [2m | [22m[36m302.00 kB[39m[2m | [22m
[32mchunk-MLQYV54O.js[39m  [2m | [22m[2m-[22m                                    [2m | [22m[36m299.41 kB[39m[2m | [22m
[32mchunk-OWLZFN5K.js[39m  [2m | [22m[2mcreate-campaign-component[22m            [2m | [22m[36m271.30 kB[39m[2m | [22m
[32mchunk-CSWS5BSE.js[39m  [2m | [22m[2mpromotion-component[22m                  [2m | [22m[36m265.66 kB[39m[2m | [22m
[32mchunk-2I2VHAJN.js[39m  [2m | [22m[2maccount-component[22m                    [2m | [22m[36m256.39 kB[39m[2m | [22m
[32mchunk-PL74VUZ7.js[39m  [2m | [22m[2mmarketer-product-list-index-component[22m[2m | [22m[36m253.01 kB[39m[2m | [22m
[32mchunk-WZVUMSU2.js[39m  [2m | [22m[2mpromoter-products-list-component[22m     [2m | [22m[36m237.01 kB[39m[2m | [22m
[32mchunk-5CXNUWUX.js[39m  [2m | [22m[2mget-started-component[22m                [2m | [22m[36m226.52 kB[39m[2m | [22m
[2m...and 116 more lazy chunks files. Use "--verbose" to show all the files.[22m

Application bundle generation complete. [26.295 seconds]

Page reload sent to client(s).
[33m>[39m Changes detected. Rebuilding...
[32m√[39m Changes detected. Rebuilding...
[1mInitial chunk files[22m[2m | [22m[1mNames[22m                  [2m | [22m[1mRaw size[22m
[32mmain.js[39m            [2m | [22m[2mmain[22m                   [2m | [22m [36m5.96 kB[39m[2m | [22m

[1mLazy chunk files[22m   [2m | [22m[1mNames[22m                  [2m | [22m[1mRaw size[22m
[32mchunk-AG6U7NJ2.js[39m  [2m | [22m[2mdashboard-routes[22m       [2m | [22m [36m1.20 MB[39m[2m | [22m
[32mchunk-RN7M7UH6.js[39m  [2m | [22m[2mcollaboration-component[22m[2m | [22m[36m59.39 kB[39m[2m | [22m
[32mchunk-7EBSWMN7.js[39m  [2m | [22m[2mcampaign-routes[22m        [2m | [22m [36m1.99 kB[39m[2m | [22m

Application bundle generation complete. [64.806 seconds]

Component update sent to client(s).
[33m>[39m Changes detected. Rebuilding...
[32m√[39m Changes detected. Rebuilding...
[1mInitial chunk files[22m[2m | [22m[1mNames[22m                       [2m | [22m [1mRaw size[22m
[32mmain.js[39m            [2m | [22m[2mmain[22m                        [2m | [22m  [36m5.96 kB[39m[2m | [22m

[1mLazy chunk files[22m   [2m | [22m[1mNames[22m                       [2m | [22m [1mRaw size[22m
[32mchunk-LVLDWJAM.js[39m  [2m | [22m[2mdashboard-routes[22m            [2m | [22m  [36m1.20 MB[39m[2m | [22m
[32mchunk-RCK7IVCI.js[39m  [2m | [22m[2mprofile-page-component[22m      [2m | [22m[36m319.01 kB[39m[2m | [22m
[32mchunk-OWDEKHPV.js[39m  [2m | [22m[2mcampaign-analytics-component[22m[2m | [22m [36m94.95 kB[39m[2m | [22m
[32mchunk-OS6CYMGD.js[39m  [2m | [22m[2mcollaboration-component[22m     [2m | [22m [36m59.39 kB[39m[2m | [22m
[32mchunk-NRVM7BC6.js[39m  [2m | [22m[2m-[22m                           [2m | [22m  [36m4.59 kB[39m[2m | [22m
[32mchunk-SCUJF6DB.js[39m  [2m | [22m[2mcampaign-routes[22m             [2m | [22m  [36m1.99 kB[39m[2m | [22m
[32mchunk-A7LSN47C.js[39m  [2m | [22m[2mprofile-routes[22m              [2m | [22m[36m522 bytes[39m[2m | [22m

Application bundle generation complete. [9.364 seconds]

Page reload sent to client(s).
[33m>[39m Changes detected. Rebuilding...
[32m√[39m Changes detected. Rebuilding...
[1mInitial chunk files[22m[2m | [22m[1mNames[22m                  [2m | [22m[1mRaw size[22m
[32mmain.js[39m            [2m | [22m[2mmain[22m                   [2m | [22m [36m5.96 kB[39m[2m | [22m

[1mLazy chunk files[22m   [2m | [22m[1mNames[22m                  [2m | [22m[1mRaw size[22m
[32mchunk-MYGYURU7.js[39m  [2m | [22m[2mdashboard-routes[22m       [2m | [22m [36m1.20 MB[39m[2m | [22m
[32mchunk-UBQ365LM.js[39m  [2m | [22m[2mcollaboration-component[22m[2m | [22m[36m67.07 kB[39m[2m | [22m
[32mchunk-6HUITGZ3.js[39m  [2m | [22m[2mcampaign-routes[22m        [2m | [22m [36m1.99 kB[39m[2m | [22m

Application bundle generation complete. [11.972 seconds]

Page reload sent to client(s).
[33m>[39m Changes detected. Rebuilding...
[32m√[39m Changes detected. Rebuilding...
[1mInitial chunk files[22m[2m | [22m[1mNames[22m                  [2m | [22m[1mRaw size[22m
[32mmain.js[39m            [2m | [22m[2mmain[22m                   [2m | [22m [36m5.96 kB[39m[2m | [22m

[1mLazy chunk files[22m   [2m | [22m[1mNames[22m                  [2m | [22m[1mRaw size[22m
[32mchunk-IIHKT2VF.js[39m  [2m | [22m[2mdashboard-routes[22m       [2m | [22m [36m1.20 MB[39m[2m | [22m
[32mchunk-A4W37APP.js[39m  [2m | [22m[2mcollaboration-component[22m[2m | [22m[36m95.17 kB[39m[2m | [22m
[32mchunk-77SYJRXG.js[39m  [2m | [22m[2mcampaign-routes[22m        [2m | [22m [36m1.99 kB[39m[2m | [22m

Application bundle generation complete. [7.961 seconds]

Component update sent to client(s).
[33m>[39m Changes detected. Rebuilding...
[32m√[39m Changes detected. Rebuilding...
[1mInitial chunk files[22m[2m | [22m[1mNames[22m                  [2m | [22m [1mRaw size[22m
[32mmain.js[39m            [2m | [22m[2mmain[22m                   [2m | [22m  [36m5.96 kB[39m[2m | [22m

[1mLazy chunk files[22m   [2m | [22m[1mNames[22m                  [2m | [22m [1mRaw size[22m
[32mchunk-VGJ7IQIS.js[39m  [2m | [22m[2mdashboard-routes[22m       [2m | [22m  [36m1.20 MB[39m[2m | [22m
[32mchunk-MU6HSP6S.js[39m  [2m | [22m[2mcollaboration-component[22m[2m | [22m[36m102.67 kB[39m[2m | [22m
[32mchunk-OK4ZCLBX.js[39m  [2m | [22m[2mcampaign-routes[22m        [2m | [22m  [36m1.99 kB[39m[2m | [22m

Application bundle generation complete. [7.307 seconds]

Component update sent to client(s).
[33m>[39m Changes detected. Rebuilding...
[32m√[39m Changes detected. Rebuilding...
[1mInitial chunk files[22m[2m | [22m[1mNames[22m           [2m | [22m[1mRaw size[22m
[32mmain.js[39m            [2m | [22m[2mmain[22m            [2m | [22m [36m5.96 kB[39m[2m | [22m

[1mLazy chunk files[22m   [2m | [22m[1mNames[22m           [2m | [22m[1mRaw size[22m
[32mchunk-EDK2GAV5.js[39m  [2m | [22m[2mdashboard-routes[22m[2m | [22m [36m1.20 MB[39m[2m | [22m

Application bundle generation complete. [9.683 seconds]

Page reload sent to client(s).
[33m>[39m Changes detected. Rebuilding...
[32m√[39m Changes detected. Rebuilding...
[1mInitial chunk files[22m[2m | [22m[1mNames[22m           [2m | [22m [1mRaw size[22m
[32mmain.js[39m            [2m | [22m[2mmain[22m            [2m | [22m  [36m5.96 kB[39m[2m | [22m

[1mLazy chunk files[22m   [2m | [22m[1mNames[22m           [2m | [22m [1mRaw size[22m
[32mchunk-BG42U7SO.js[39m  [2m | [22m[2mdashboard-routes[22m[2m | [22m  [36m1.20 MB[39m[2m | [22m
[32mchunk-CKLCXPPD.js[39m  [2m | [22m[2mindex[22m           [2m | [22m[36m804.96 kB[39m[2m | [22m
[32mchunk-MAWSKT4G.js[39m  [2m | [22m[2mcampaign-routes[22m [2m | [22m  [36m1.99 kB[39m[2m | [22m

Application bundle generation complete. [10.900 seconds]

Page reload sent to client(s).
[33m>[39m Changes detected. Rebuilding...
[32m√[39m Changes detected. Rebuilding...
[1mInitial chunk files[22m[2m | [22m[1mNames[22m           [2m | [22m [1mRaw size[22m
[32mmain.js[39m            [2m | [22m[2mmain[22m            [2m | [22m  [36m5.96 kB[39m[2m | [22m

[1mLazy chunk files[22m   [2m | [22m[1mNames[22m           [2m | [22m [1mRaw size[22m
[32mchunk-L3CD72TK.js[39m  [2m | [22m[2mdashboard-routes[22m[2m | [22m  [36m1.20 MB[39m[2m | [22m
[32mchunk-ZINMKCBZ.js[39m  [2m | [22m[2mindex[22m           [2m | [22m[36m806.94 kB[39m[2m | [22m
[32mchunk-IF5HSUUU.js[39m  [2m | [22m[2mcampaign-routes[22m [2m | [22m  [36m1.99 kB[39m[2m | [22m

Application bundle generation complete. [11.380 seconds]

Component update sent to client(s).
[33m>[39m Changes detected. Rebuilding...
[32m√[39m Changes detected. Rebuilding...
[1mInitial chunk files[22m[2m | [22m[1mNames[22m           [2m | [22m [1mRaw size[22m
[32mmain.js[39m            [2m | [22m[2mmain[22m            [2m | [22m  [36m5.96 kB[39m[2m | [22m

[1mLazy chunk files[22m   [2m | [22m[1mNames[22m           [2m | [22m [1mRaw size[22m
[32mchunk-PBDUL4TJ.js[39m  [2m | [22m[2mdashboard-routes[22m[2m | [22m  [36m1.20 MB[39m[2m | [22m
[32mchunk-FVA7AV7G.js[39m  [2m | [22m[2mindex[22m           [2m | [22m[36m808.73 kB[39m[2m | [22m
[32mchunk-OZEXBUQU.js[39m  [2m | [22m[2mcampaign-routes[22m [2m | [22m  [36m1.99 kB[39m[2m | [22m

Application bundle generation complete. [8.781 seconds]

Component update sent to client(s).
[33m>[39m Changes detected. Rebuilding...
[32m√[39m Changes detected. Rebuilding...
[1mInitial chunk files[22m[2m | [22m[1mNames[22m           [2m | [22m [1mRaw size[22m
[32mmain.js[39m            [2m | [22m[2mmain[22m            [2m | [22m  [36m5.96 kB[39m[2m | [22m

[1mLazy chunk files[22m   [2m | [22m[1mNames[22m           [2m | [22m [1mRaw size[22m
[32mchunk-AS6MZAXD.js[39m  [2m | [22m[2mdashboard-routes[22m[2m | [22m  [36m1.20 MB[39m[2m | [22m
[32mchunk-OBG76IT3.js[39m  [2m | [22m[2mindex[22m           [2m | [22m[36m809.20 kB[39m[2m | [22m
[32mchunk-BQ7MH5BL.js[39m  [2m | [22m[2mcampaign-routes[22m [2m | [22m  [36m1.99 kB[39m[2m | [22m

Application bundle generation complete. [7.337 seconds]

Page reload sent to client(s).
[33m>[39m Changes detected. Rebuilding...
[32m√[39m Changes detected. Rebuilding...
[1mInitial chunk files[22m[2m | [22m[1mNames[22m           [2m | [22m [1mRaw size[22m
[32mmain.js[39m            [2m | [22m[2mmain[22m            [2m | [22m  [36m5.96 kB[39m[2m | [22m

[1mLazy chunk files[22m   [2m | [22m[1mNames[22m           [2m | [22m [1mRaw size[22m
[32mchunk-3KNAJICK.js[39m  [2m | [22m[2mdashboard-routes[22m[2m | [22m  [36m1.20 MB[39m[2m | [22m
[32mchunk-YMI6D57T.js[39m  [2m | [22m[2mindex[22m           [2m | [22m[36m811.21 kB[39m[2m | [22m
[32mchunk-SRJZYKLG.js[39m  [2m | [22m[2mcampaign-routes[22m [2m | [22m  [36m1.99 kB[39m[2m | [22m

Application bundle generation complete. [6.160 seconds]

Component update sent to client(s).
[33m>[39m Changes detected. Rebuilding...
[32m√[39m Changes detected. Rebuilding...
[1mInitial chunk files[22m[2m | [22m[1mNames[22m           [2m | [22m [1mRaw size[22m
[32mmain.js[39m            [2m | [22m[2mmain[22m            [2m | [22m  [36m5.96 kB[39m[2m | [22m

[1mLazy chunk files[22m   [2m | [22m[1mNames[22m           [2m | [22m [1mRaw size[22m
[32mchunk-U263FTOC.js[39m  [2m | [22m[2mdashboard-routes[22m[2m | [22m  [36m1.20 MB[39m[2m | [22m
[32mchunk-YT46Y4YP.js[39m  [2m | [22m[2mindex[22m           [2m | [22m[36m811.64 kB[39m[2m | [22m
[32mchunk-MFYSKFQZ.js[39m  [2m | [22m[2mcampaign-routes[22m [2m | [22m  [36m1.99 kB[39m[2m | [22m

Application bundle generation complete. [6.523 seconds]

Component update sent to client(s).
[33m>[39m Changes detected. Rebuilding...
[32m√[39m Changes detected. Rebuilding...
[1mInitial chunk files[22m[2m | [22m[1mNames[22m                     [2m | [22m [1mRaw size[22m
[32mmain.js[39m            [2m | [22m[2mmain[22m                      [2m | [22m  [36m5.96 kB[39m[2m | [22m

[1mLazy chunk files[22m   [2m | [22m[1mNames[22m                     [2m | [22m [1mRaw size[22m
[32mchunk-SQXKFHD5.js[39m  [2m | [22m[2mdashboard-routes[22m          [2m | [22m  [36m1.20 MB[39m[2m | [22m
[32mchunk-TACM4AYN.js[39m  [2m | [22m[2mcampaign-details-component[22m[2m | [22m[36m226.72 kB[39m[2m | [22m
[32mchunk-3U5HCYRB.js[39m  [2m | [22m[2mcampaign-routes[22m           [2m | [22m  [36m1.99 kB[39m[2m | [22m

Application bundle generation complete. [5.997 seconds]

Page reload sent to client(s).
[33m>[39m Changes detected. Rebuilding...
[32m√[39m Changes detected. Rebuilding...
[1mInitial chunk files[22m[2m | [22m[1mNames[22m                     [2m | [22m [1mRaw size[22m
[32mmain.js[39m            [2m | [22m[2mmain[22m                      [2m | [22m  [36m5.96 kB[39m[2m | [22m

[1mLazy chunk files[22m   [2m | [22m[1mNames[22m                     [2m | [22m [1mRaw size[22m
[32mchunk-YTRWVWIA.js[39m  [2m | [22m[2mdashboard-routes[22m          [2m | [22m  [36m1.20 MB[39m[2m | [22m
[32mchunk-KWMZF75U.js[39m  [2m | [22m[2mcampaign-details-component[22m[2m | [22m[36m229.73 kB[39m[2m | [22m
[32mchunk-NLXLW6YE.js[39m  [2m | [22m[2mcampaign-routes[22m           [2m | [22m  [36m1.99 kB[39m[2m | [22m

Application bundle generation complete. [11.981 seconds]

Component update sent to client(s).
[33m>[39m Changes detected. Rebuilding...
[32m√[39m Changes detected. Rebuilding...
[1mInitial chunk files[22m[2m | [22m[1mNames[22m              [2m | [22m [1mRaw size[22m
[32mmain.js[39m            [2m | [22m[2mmain[22m               [2m | [22m  [36m5.96 kB[39m[2m | [22m

[1mLazy chunk files[22m   [2m | [22m[1mNames[22m              [2m | [22m [1mRaw size[22m
[32mchunk-UBYZ7KHA.js[39m  [2m | [22m[2mdashboard-routes[22m   [2m | [22m  [36m1.20 MB[39m[2m | [22m
[32mchunk-L4RMYC6X.js[39m  [2m | [22m[2mpromotion-component[22m[2m | [22m[36m266.35 kB[39m[2m | [22m
[32mchunk-ITM4D42Q.js[39m  [2m | [22m[2mcampaign-routes[22m    [2m | [22m  [36m1.99 kB[39m[2m | [22m

Application bundle generation complete. [9.384 seconds]

Page reload sent to client(s).
[33m>[39m Changes detected. Rebuilding...
[32m√[39m Changes detected. Rebuilding...
[1mInitial chunk files[22m[2m | [22m[1mNames[22m              [2m | [22m [1mRaw size[22m
[32mmain.js[39m            [2m | [22m[2mmain[22m               [2m | [22m  [36m5.96 kB[39m[2m | [22m

[1mLazy chunk files[22m   [2m | [22m[1mNames[22m              [2m | [22m [1mRaw size[22m
[32mchunk-OBLJWMF7.js[39m  [2m | [22m[2mdashboard-routes[22m   [2m | [22m  [36m1.20 MB[39m[2m | [22m
[32mchunk-5CLABTIJ.js[39m  [2m | [22m[2mpromotion-component[22m[2m | [22m[36m269.31 kB[39m[2m | [22m
[32mchunk-XK7XH5HS.js[39m  [2m | [22m[2mcampaign-routes[22m    [2m | [22m  [36m1.99 kB[39m[2m | [22m

Application bundle generation complete. [24.633 seconds]

Component update sent to client(s).
[33m>[39m Changes detected. Rebuilding...
[32m√[39m Changes detected. Rebuilding...
[1mInitial chunk files[22m[2m | [22m[1mNames[22m              [2m | [22m [1mRaw size[22m
[32mmain.js[39m            [2m | [22m[2mmain[22m               [2m | [22m  [36m5.96 kB[39m[2m | [22m

[1mLazy chunk files[22m   [2m | [22m[1mNames[22m              [2m | [22m [1mRaw size[22m
[32mchunk-MQQE4HWR.js[39m  [2m | [22m[2mdashboard-routes[22m   [2m | [22m  [36m1.20 MB[39m[2m | [22m
[32mchunk-MD7P5GZL.js[39m  [2m | [22m[2mpromotion-component[22m[2m | [22m[36m269.53 kB[39m[2m | [22m
[32mchunk-UN4MTKYD.js[39m  [2m | [22m[2mcampaign-routes[22m    [2m | [22m  [36m1.99 kB[39m[2m | [22m

Application bundle generation complete. [15.517 seconds]

Component update sent to client(s).
[33m>[39m Changes detected. Rebuilding...
[32m√[39m Changes detected. Rebuilding...
[1mInitial chunk files[22m[2m | [22m[1mNames[22m                     [2m | [22m [1mRaw size[22m
[32mmain.js[39m            [2m | [22m[2mmain[22m                      [2m | [22m  [36m5.96 kB[39m[2m | [22m

[1mLazy chunk files[22m   [2m | [22m[1mNames[22m                     [2m | [22m [1mRaw size[22m
[32mchunk-WDD7VDDN.js[39m  [2m | [22m[2mdashboard-routes[22m          [2m | [22m  [36m1.20 MB[39m[2m | [22m
[32mchunk-AVSXPJGE.js[39m  [2m | [22m[2mpromotion-detail-component[22m[2m | [22m[36m169.02 kB[39m[2m | [22m
[32mchunk-BXD2MXGW.js[39m  [2m | [22m[2mcampaign-routes[22m           [2m | [22m  [36m1.99 kB[39m[2m | [22m

Application bundle generation complete. [14.815 seconds]

Page reload sent to client(s).
[33m>[39m Changes detected. Rebuilding...
[32m√[39m Changes detected. Rebuilding...
[1mInitial chunk files[22m[2m | [22m[1mNames[22m                     [2m | [22m [1mRaw size[22m
[32mmain.js[39m            [2m | [22m[2mmain[22m                      [2m | [22m  [36m5.96 kB[39m[2m | [22m

[1mLazy chunk files[22m   [2m | [22m[1mNames[22m                     [2m | [22m [1mRaw size[22m
[32mchunk-J5LGJ6OU.js[39m  [2m | [22m[2mdashboard-routes[22m          [2m | [22m  [36m1.20 MB[39m[2m | [22m
[32mchunk-2JKWWHDF.js[39m  [2m | [22m[2mpromotion-detail-component[22m[2m | [22m[36m169.48 kB[39m[2m | [22m
[32mchunk-ECCCI22B.js[39m  [2m | [22m[2mcampaign-routes[22m           [2m | [22m  [36m1.99 kB[39m[2m | [22m

Application bundle generation complete. [12.640 seconds]

Page reload sent to client(s).
[33m>[39m Changes detected. Rebuilding...
[32m√[39m Changes detected. Rebuilding...
[1mInitial chunk files[22m[2m | [22m[1mNames[22m                     [2m | [22m [1mRaw size[22m
[32mmain.js[39m            [2m | [22m[2mmain[22m                      [2m | [22m  [36m5.96 kB[39m[2m | [22m

[1mLazy chunk files[22m   [2m | [22m[1mNames[22m                     [2m | [22m [1mRaw size[22m
[32mchunk-EMGTYAJZ.js[39m  [2m | [22m[2mdashboard-routes[22m          [2m | [22m  [36m1.20 MB[39m[2m | [22m
[32mchunk-ONRWEW5N.js[39m  [2m | [22m[2mpromotion-detail-component[22m[2m | [22m[36m169.87 kB[39m[2m | [22m
[32mchunk-H7JFOG7Y.js[39m  [2m | [22m[2mcampaign-routes[22m           [2m | [22m  [36m1.99 kB[39m[2m | [22m

Application bundle generation complete. [9.292 seconds]

Component update sent to client(s).
[33m>[39m Changes detected. Rebuilding...
[32m√[39m Changes detected. Rebuilding...
[1mInitial chunk files[22m[2m | [22m[1mNames[22m                       [2m | [22m [1mRaw size[22m
[32mmain.js[39m            [2m | [22m[2mmain[22m                        [2m | [22m  [36m5.96 kB[39m[2m | [22m

[1mLazy chunk files[22m   [2m | [22m[1mNames[22m                       [2m | [22m [1mRaw size[22m
[32mchunk-62LZINKX.js[39m  [2m | [22m[2mdashboard-routes[22m            [2m | [22m  [36m1.20 MB[39m[2m | [22m
[32mchunk-3PG4WAHI.js[39m  [2m | [22m[2mprofile-page-component[22m      [2m | [22m[36m319.01 kB[39m[2m | [22m
[32mchunk-64AS6FHK.js[39m  [2m | [22m[2mcollaboration-component[22m     [2m | [22m[36m102.67 kB[39m[2m | [22m
[32mchunk-6L7RAHEU.js[39m  [2m | [22m[2mcampaign-analytics-component[22m[2m | [22m [36m94.95 kB[39m[2m | [22m
[32mchunk-NHNS3DY5.js[39m  [2m | [22m[2m-[22m                           [2m | [22m  [36m4.59 kB[39m[2m | [22m
[32mchunk-YBFE5LLL.js[39m  [2m | [22m[2mcampaign-routes[22m             [2m | [22m  [36m1.99 kB[39m[2m | [22m
[32mchunk-QGRFXELJ.js[39m  [2m | [22m[2mprofile-routes[22m              [2m | [22m[36m522 bytes[39m[2m | [22m

Application bundle generation complete. [7.801 seconds]

Page reload sent to client(s).
[33m>[39m Changes detected. Rebuilding...
[32m√[39m Changes detected. Rebuilding...
[1mInitial chunk files[22m[2m | [22m[1mNames[22m                  [2m | [22m [1mRaw size[22m
[32mmain.js[39m            [2m | [22m[2mmain[22m                   [2m | [22m  [36m5.96 kB[39m[2m | [22m

[1mLazy chunk files[22m   [2m | [22m[1mNames[22m                  [2m | [22m [1mRaw size[22m
[32mchunk-ZIUM3JJT.js[39m  [2m | [22m[2mdashboard-routes[22m       [2m | [22m  [36m1.20 MB[39m[2m | [22m
[32mchunk-ZZNPFE2E.js[39m  [2m | [22m[2mcollaboration-component[22m[2m | [22m[36m102.71 kB[39m[2m | [22m
[32mchunk-TYKPTRMV.js[39m  [2m | [22m[2mcampaign-routes[22m        [2m | [22m  [36m1.99 kB[39m[2m | [22m

Application bundle generation complete. [8.541 seconds]

Component update sent to client(s).
[33m>[39m Changes detected. Rebuilding...
[32m√[39m Changes detected. Rebuilding...
[1mInitial chunk files[22m[2m | [22m[1mNames[22m                       [2m | [22m[1mRaw size[22m
[32mmain.js[39m            [2m | [22m[2mmain[22m                        [2m | [22m [36m5.96 kB[39m[2m | [22m

[1mLazy chunk files[22m   [2m | [22m[1mNames[22m                       [2m | [22m[1mRaw size[22m
[32mchunk-OLTLKLI2.js[39m  [2m | [22m[2mdashboard-routes[22m            [2m | [22m [36m1.20 MB[39m[2m | [22m
[32mchunk-2IQBLRBX.js[39m  [2m | [22m[2mcampaign-analytics-component[22m[2m | [22m[36m94.99 kB[39m[2m | [22m
[32mchunk-GL2RYJN3.js[39m  [2m | [22m[2mcampaign-routes[22m             [2m | [22m [36m1.99 kB[39m[2m | [22m

Application bundle generation complete. [7.229 seconds]

Component update sent to client(s).
